train_loss,train_elbo_loss,epoch,step,val_CRPS_1.0,val_NRMSE_1.0,val_ND_1.0,val_CRPS_2.0,val_NRMSE_2.0,val_ND_2.0,val_CRPS_4.0,val_NRMSE_4.0,val_ND_4.0,val_CRPS_8.0,val_NRMSE_8.0,val_ND_8.0,val_CRPS_16.0,val_NRMSE_16.0,val_ND_16.0
0.7359958291053772,0.7359958291053772,0,127,,,,,,,,,,,,,,,
0.5689361691474915,0.5689361691474915,1,255,,,,,,,,,,,,,,,
0.5001814365386963,0.5001814365386963,2,383,,,,,,,,,,,,,,,
0.46278616786003113,0.46278616786003113,3,511,,,,,,,,,,,,,,,
0.44130489230155945,0.44130489230155945,4,639,,,,,,,,,,,,,,,
0.4246596693992615,0.4246596693992615,5,767,,,,,,,,,,,,,,,
0.40809375047683716,0.40809375047683716,6,895,,,,,,,,,,,,,,,
0.3976547122001648,0.3976547122001648,7,1023,,,,,,,,,,,,,,,
0.39361608028411865,0.39361608028411865,8,1151,,,,,,,,,,,,,,,
0.3863135874271393,0.3863135874271393,9,1279,,,,,,,,,,,,,,,
0.38126957416534424,0.38126957416534424,10,1407,,,,,,,,,,,,,,,
0.37404850125312805,0.37404850125312805,11,1535,,,,,,,,,,,,,,,
0.3713357746601105,0.3713357746601105,12,1663,,,,,,,,,,,,,,,
0.3673127293586731,0.3673127293586731,13,1791,,,,,,,,,,,,,,,
0.35921037197113037,0.35921037197113037,14,1919,,,,,,,,,,,,,,,
0.3579912781715393,0.3579912781715393,15,2047,,,,,,,,,,,,,,,
0.35353294014930725,0.35353294014930725,16,2175,,,,,,,,,,,,,,,
0.350750595331192,0.350750595331192,17,2303,,,,,,,,,,,,,,,
0.3515361249446869,0.3515361249446869,18,2431,,,,,,,,,,,,,,,
0.34643715620040894,0.34643715620040894,19,2559,,,,,,,,,,,,,,,
0.34395015239715576,0.34395015239715576,20,2687,,,,,,,,,,,,,,,
0.34243032336235046,0.34243032336235046,21,2815,,,,,,,,,,,,,,,
0.33939769864082336,0.33939769864082336,22,2943,,,,,,,,,,,,,,,
0.33987122774124146,0.33987122774124146,23,3071,,,,,,,,,,,,,,,
0.3344568610191345,0.3344568610191345,24,3199,,,,,,,,,,,,,,,
0.3323817253112793,0.3323817253112793,25,3327,,,,,,,,,,,,,,,
0.33277761936187744,0.33277761936187744,26,3455,,,,,,,,,,,,,,,
0.32524994015693665,0.32524994015693665,27,3583,,,,,,,,,,,,,,,
0.32601648569107056,0.32601648569107056,28,3711,,,,,,,,,,,,,,,
0.3222282826900482,0.3222282826900482,29,3839,,,,,,,,,,,,,,,
0.3213749825954437,0.3213749825954437,30,3967,,,,,,,,,,,,,,,
0.31856706738471985,0.31856706738471985,31,4095,,,,,,,,,,,,,,,
0.3183407783508301,0.3183407783508301,32,4223,,,,,,,,,,,,,,,
0.3158584237098694,0.3158584237098694,33,4351,,,,,,,,,,,,,,,
0.31402045488357544,0.31402045488357544,34,4479,,,,,,,,,,,,,,,
0.31730785965919495,0.31730785965919495,35,4607,,,,,,,,,,,,,,,
0.31215721368789673,0.31215721368789673,36,4735,,,,,,,,,,,,,,,
0.3105388879776001,0.3105388879776001,37,4863,,,,,,,,,,,,,,,
0.30717188119888306,0.30717188119888306,38,4991,,,,,,,,,,,,,,,
0.30708593130111694,0.30708593130111694,39,5119,,,,,,,,,,,,,,,
0.30479615926742554,0.30479615926742554,40,5247,,,,,,,,,,,,,,,
0.30876123905181885,0.30876123905181885,41,5375,,,,,,,,,,,,,,,
0.3019348680973053,0.3019348680973053,42,5503,,,,,,,,,,,,,,,
0.30358707904815674,0.30358707904815674,43,5631,,,,,,,,,,,,,,,
0.3052559196949005,0.3052559196949005,44,5759,,,,,,,,,,,,,,,
0.29923221468925476,0.29923221468925476,45,5887,,,,,,,,,,,,,,,
0.30185893177986145,0.30185893177986145,46,6015,,,,,,,,,,,,,,,
0.2992841899394989,0.2992841899394989,47,6143,,,,,,,,,,,,,,,
0.30035796761512756,0.30035796761512756,48,6271,,,,,,,,,,,,,,,
0.29552966356277466,0.29552966356277466,49,6399,0.3013349947429256,0.8386520197686592,0.3588993477819072,0.2856839612765606,0.7538549934566946,0.39340542595963707,0.2770775065673472,0.7763770706332621,0.38254666918885694,0.26838235272316724,0.7830132145959431,0.36368534521252643,0.25775837630459114,0.7632564553228953,0.34705263794076474
0.2984829843044281,0.2984829843044281,50,6527,,,,,,,,,,,,,,,
0.2957392930984497,0.2957392930984497,51,6655,,,,,,,,,,,,,,,
0.2921028435230255,0.2921028435230255,52,6783,,,,,,,,,,,,,,,
0.29249799251556396,0.29249799251556396,53,6911,,,,,,,,,,,,,,,
0.2916467785835266,0.2916467785835266,54,7039,,,,,,,,,,,,,,,
0.28951236605644226,0.28951236605644226,55,7167,,,,,,,,,,,,,,,
0.29111066460609436,0.29111066460609436,56,7295,,,,,,,,,,,,,,,
0.2904035449028015,0.2904035449028015,57,7423,,,,,,,,,,,,,,,
0.29069486260414124,0.29069486260414124,58,7551,,,,,,,,,,,,,,,
0.28761571645736694,0.28761571645736694,59,7679,,,,,,,,,,,,,,,
0.28732627630233765,0.28732627630233765,60,7807,,,,,,,,,,,,,,,
0.28645631670951843,0.28645631670951843,61,7935,,,,,,,,,,,,,,,
0.28335118293762207,0.28335118293762207,62,8063,,,,,,,,,,,,,,,
0.28410038352012634,0.28410038352012634,63,8191,,,,,,,,,,,,,,,
0.2857915759086609,0.2857915759086609,64,8319,,,,,,,,,,,,,,,
0.2825082838535309,0.2825082838535309,65,8447,,,,,,,,,,,,,,,
0.27935659885406494,0.27935659885406494,66,8575,,,,,,,,,,,,,,,
0.28073108196258545,0.28073108196258545,67,8703,,,,,,,,,,,,,,,
0.28276070952415466,0.28276070952415466,68,8831,,,,,,,,,,,,,,,
0.278646856546402,0.278646856546402,69,8959,,,,,,,,,,,,,,,
0.28076136112213135,0.28076136112213135,70,9087,,,,,,,,,,,,,,,
0.28055432438850403,0.28055432438850403,71,9215,,,,,,,,,,,,,,,
0.28068721294403076,0.28068721294403076,72,9343,,,,,,,,,,,,,,,
0.27835679054260254,0.27835679054260254,73,9471,,,,,,,,,,,,,,,
0.27919238805770874,0.27919238805770874,74,9599,,,,,,,,,,,,,,,
0.27771273255348206,0.27771273255348206,75,9727,,,,,,,,,,,,,,,
0.2741631269454956,0.2741631269454956,76,9855,,,,,,,,,,,,,,,
0.2754390239715576,0.2754390239715576,77,9983,,,,,,,,,,,,,,,
0.2750711143016815,0.2750711143016815,78,10111,,,,,,,,,,,,,,,
0.2778666913509369,0.2778666913509369,79,10239,,,,,,,,,,,,,,,
0.2738397717475891,0.2738397717475891,80,10367,,,,,,,,,,,,,,,
0.2713291049003601,0.2713291049003601,81,10495,,,,,,,,,,,,,,,
0.27175426483154297,0.27175426483154297,82,10623,,,,,,,,,,,,,,,
0.2760326862335205,0.2760326862335205,83,10751,,,,,,,,,,,,,,,
0.27452754974365234,0.27452754974365234,84,10879,,,,,,,,,,,,,,,
0.2686697542667389,0.2686697542667389,85,11007,,,,,,,,,,,,,,,
0.27367061376571655,0.27367061376571655,86,11135,,,,,,,,,,,,,,,
0.2695065438747406,0.2695065438747406,87,11263,,,,,,,,,,,,,,,
0.27033287286758423,0.27033287286758423,88,11391,,,,,,,,,,,,,,,
0.2681823968887329,0.2681823968887329,89,11519,,,,,,,,,,,,,,,
0.27004972100257874,0.27004972100257874,90,11647,,,,,,,,,,,,,,,
0.2682606279850006,0.2682606279850006,91,11775,,,,,,,,,,,,,,,
0.26932400465011597,0.26932400465011597,92,11903,,,,,,,,,,,,,,,
0.26809465885162354,0.26809465885162354,93,12031,,,,,,,,,,,,,,,
0.2659949064254761,0.2659949064254761,94,12159,,,,,,,,,,,,,,,
0.2707803249359131,0.2707803249359131,95,12287,,,,,,,,,,,,,,,
0.264367014169693,0.264367014169693,96,12415,,,,,,,,,,,,,,,
0.26531657576560974,0.26531657576560974,97,12543,,,,,,,,,,,,,,,
0.2640649676322937,0.2640649676322937,98,12671,,,,,,,,,,,,,,,
0.26389095187187195,0.26389095187187195,99,12799,0.27205318252911614,0.8549077008497834,0.3021511353952472,0.22394097270946187,0.6347387354263236,0.288946838518383,0.224321049511459,0.6146921588028967,0.29733525565462926,0.23169248511956353,0.658531486755319,0.30923924302532024,0.2431617320917891,0.6951025029226889,0.32695874603332914
0.2657680809497833,0.2657680809497833,100,12927,,,,,,,,,,,,,,,
0.2673076391220093,0.2673076391220093,101,13055,,,,,,,,,,,,,,,
0.2621508836746216,0.2621508836746216,102,13183,,,,,,,,,,,,,,,
0.265302836894989,0.265302836894989,103,13311,,,,,,,,,,,,,,,
0.26373857259750366,0.26373857259750366,104,13439,,,,,,,,,,,,,,,
0.2606617212295532,0.2606617212295532,105,13567,,,,,,,,,,,,,,,
0.26387545466423035,0.26387545466423035,106,13695,,,,,,,,,,,,,,,
0.2659193277359009,0.2659193277359009,107,13823,,,,,,,,,,,,,,,
0.26436030864715576,0.26436030864715576,108,13951,,,,,,,,,,,,,,,
0.2634197175502777,0.2634197175502777,109,14079,,,,,,,,,,,,,,,
0.26048198342323303,0.26048198342323303,110,14207,,,,,,,,,,,,,,,
0.26083463430404663,0.26083463430404663,111,14335,,,,,,,,,,,,,,,
0.26375120878219604,0.26375120878219604,112,14463,,,,,,,,,,,,,,,
0.26005813479423523,0.26005813479423523,113,14591,,,,,,,,,,,,,,,
0.2601957619190216,0.2601957619190216,114,14719,,,,,,,,,,,,,,,
0.259780615568161,0.259780615568161,115,14847,,,,,,,,,,,,,,,
0.2590140700340271,0.2590140700340271,116,14975,,,,,,,,,,,,,,,
0.2585150897502899,0.2585150897502899,117,15103,,,,,,,,,,,,,,,
0.2606096565723419,0.2606096565723419,118,15231,,,,,,,,,,,,,,,
0.2599380910396576,0.2599380910396576,119,15359,,,,,,,,,,,,,,,
0.25551682710647583,0.25551682710647583,120,15487,,,,,,,,,,,,,,,
0.2573349177837372,0.2573349177837372,121,15615,,,,,,,,,,,,,,,
0.2577141225337982,0.2577141225337982,122,15743,,,,,,,,,,,,,,,
0.2579668462276459,0.2579668462276459,123,15871,,,,,,,,,,,,,,,
0.258745938539505,0.258745938539505,124,15999,,,,,,,,,,,,,,,
0.25844308733940125,0.25844308733940125,125,16127,,,,,,,,,,,,,,,
0.2569269835948944,0.2569269835948944,126,16255,,,,,,,,,,,,,,,
0.25495216250419617,0.25495216250419617,127,16383,,,,,,,,,,,,,,,
0.2538013160228729,0.2538013160228729,128,16511,,,,,,,,,,,,,,,
0.25597071647644043,0.25597071647644043,129,16639,,,,,,,,,,,,,,,
0.25511422753334045,0.25511422753334045,130,16767,,,,,,,,,,,,,,,
0.25402966141700745,0.25402966141700745,131,16895,,,,,,,,,,,,,,,
0.25371983647346497,0.25371983647346497,132,17023,,,,,,,,,,,,,,,
0.2543186545372009,0.2543186545372009,133,17151,,,,,,,,,,,,,,,
0.25595584511756897,0.25595584511756897,134,17279,,,,,,,,,,,,,,,
0.2537826895713806,0.2537826895713806,135,17407,,,,,,,,,,,,,,,
0.25349947810173035,0.25349947810173035,136,17535,,,,,,,,,,,,,,,
0.25221124291419983,0.25221124291419983,137,17663,,,,,,,,,,,,,,,
0.25750845670700073,0.25750845670700073,138,17791,,,,,,,,,,,,,,,
0.2512936592102051,0.2512936592102051,139,17919,,,,,,,,,,,,,,,
0.25186625123023987,0.25186625123023987,140,18047,,,,,,,,,,,,,,,
0.25340035557746887,0.25340035557746887,141,18175,,,,,,,,,,,,,,,
0.2544800341129303,0.2544800341129303,142,18303,,,,,,,,,,,,,,,
0.2507055997848511,0.2507055997848511,143,18431,,,,,,,,,,,,,,,
0.2534100413322449,0.2534100413322449,144,18559,,,,,,,,,,,,,,,
0.25099918246269226,0.25099918246269226,145,18687,,,,,,,,,,,,,,,
0.2517384886741638,0.2517384886741638,146,18815,,,,,,,,,,,,,,,
0.25079146027565,0.25079146027565,147,18943,,,,,,,,,,,,,,,
0.25037020444869995,0.25037020444869995,148,19071,,,,,,,,,,,,,,,
0.2519126236438751,0.2519126236438751,149,19199,0.2996549014572234,0.974538091183695,0.3375255004646558,0.22270351082580314,0.6517252115902379,0.26540458611564605,0.20896378900488882,0.5668806452821543,0.2674579862176172,0.21164078670891928,0.5821632163972004,0.27860498341172496,0.2159038644040353,0.6154012892032547,0.28682572571875786
0.25180819630622864,0.25180819630622864,150,19327,,,,,,,,,,,,,,,
0.2492242306470871,0.2492242306470871,151,19455,,,,,,,,,,,,,,,
0.24826669692993164,0.24826669692993164,152,19583,,,,,,,,,,,,,,,
0.2476511150598526,0.2476511150598526,153,19711,,,,,,,,,,,,,,,
0.25005561113357544,0.25005561113357544,154,19839,,,,,,,,,,,,,,,
0.25004661083221436,0.25004661083221436,155,19967,,,,,,,,,,,,,,,
0.24934569001197815,0.24934569001197815,156,20095,,,,,,,,,,,,,,,
0.24357540905475616,0.24357540905475616,157,20223,,,,,,,,,,,,,,,
0.24977438151836395,0.24977438151836395,158,20351,,,,,,,,,,,,,,,
0.24613775312900543,0.24613775312900543,159,20479,,,,,,,,,,,,,,,
0.24796709418296814,0.24796709418296814,160,20607,,,,,,,,,,,,,,,
0.24595773220062256,0.24595773220062256,161,20735,,,,,,,,,,,,,,,
0.25005677342414856,0.25005677342414856,162,20863,,,,,,,,,,,,,,,
0.24771824479103088,0.24771824479103088,163,20991,,,,,,,,,,,,,,,
0.2444794923067093,0.2444794923067093,164,21119,,,,,,,,,,,,,,,
0.24484169483184814,0.24484169483184814,165,21247,,,,,,,,,,,,,,,
0.24499720335006714,0.24499720335006714,166,21375,,,,,,,,,,,,,,,
0.24712175130844116,0.24712175130844116,167,21503,,,,,,,,,,,,,,,
0.24354247748851776,0.24354247748851776,168,21631,,,,,,,,,,,,,,,
0.24548453092575073,0.24548453092575073,169,21759,,,,,,,,,,,,,,,
0.24529089033603668,0.24529089033603668,170,21887,,,,,,,,,,,,,,,
0.24555248022079468,0.24555248022079468,171,22015,,,,,,,,,,,,,,,
0.24448458850383759,0.24448458850383759,172,22143,,,,,,,,,,,,,,,
0.24477608501911163,0.24477608501911163,173,22271,,,,,,,,,,,,,,,
0.24574339389801025,0.24574339389801025,174,22399,,,,,,,,,,,,,,,
0.243922159075737,0.243922159075737,175,22527,,,,,,,,,,,,,,,
0.24111948907375336,0.24111948907375336,176,22655,,,,,,,,,,,,,,,
0.24180123209953308,0.24180123209953308,177,22783,,,,,,,,,,,,,,,
0.24522380530834198,0.24522380530834198,178,22911,,,,,,,,,,,,,,,
0.24433249235153198,0.24433249235153198,179,23039,,,,,,,,,,,,,,,
0.24091599881649017,0.24091599881649017,180,23167,,,,,,,,,,,,,,,
0.24269999563694,0.24269999563694,181,23295,,,,,,,,,,,,,,,
0.24287119507789612,0.24287119507789612,182,23423,,,,,,,,,,,,,,,
0.24122436344623566,0.24122436344623566,183,23551,,,,,,,,,,,,,,,
0.24339431524276733,0.24339431524276733,184,23679,,,,,,,,,,,,,,,
0.24230320751667023,0.24230320751667023,185,23807,,,,,,,,,,,,,,,
0.24042543768882751,0.24042543768882751,186,23935,,,,,,,,,,,,,,,
0.24129702150821686,0.24129702150821686,187,24063,,,,,,,,,,,,,,,
0.23625478148460388,0.23625478148460388,188,24191,,,,,,,,,,,,,,,
0.23971284925937653,0.23971284925937653,189,24319,,,,,,,,,,,,,,,
0.24099217355251312,0.24099217355251312,190,24447,,,,,,,,,,,,,,,
0.2396269142627716,0.2396269142627716,191,24575,,,,,,,,,,,,,,,
0.2394026517868042,0.2394026517868042,192,24703,,,,,,,,,,,,,,,
0.23789992928504944,0.23789992928504944,193,24831,,,,,,,,,,,,,,,
0.23786474764347076,0.23786474764347076,194,24959,,,,,,,,,,,,,,,
0.23549501597881317,0.23549501597881317,195,25087,,,,,,,,,,,,,,,
0.23818975687026978,0.23818975687026978,196,25215,,,,,,,,,,,,,,,
0.2403896152973175,0.2403896152973175,197,25343,,,,,,,,,,,,,,,
0.24009907245635986,0.24009907245635986,198,25471,,,,,,,,,,,,,,,
0.23777112364768982,0.23777112364768982,199,25599,0.26535407137948797,0.7990901865028127,0.33919085982715447,0.2575539228102894,0.7051554541378,0.34725182798237886,0.2591159637013331,0.7301442729397364,0.35371917182654167,0.25853873197937327,0.7406845280473662,0.35318932289230814,0.26031000497204526,0.7543708354890801,0.35239787134843026
0.23830191791057587,0.23830191791057587,200,25727,,,,,,,,,,,,,,,
0.23923778533935547,0.23923778533935547,201,25855,,,,,,,,,,,,,,,
0.23976105451583862,0.23976105451583862,202,25983,,,,,,,,,,,,,,,
0.23549167811870575,0.23549167811870575,203,26111,,,,,,,,,,,,,,,
0.23887504637241364,0.23887504637241364,204,26239,,,,,,,,,,,,,,,
0.23696497082710266,0.23696497082710266,205,26367,,,,,,,,,,,,,,,
0.2352234572172165,0.2352234572172165,206,26495,,,,,,,,,,,,,,,
0.2351454794406891,0.2351454794406891,207,26623,,,,,,,,,,,,,,,
0.23583410680294037,0.23583410680294037,208,26751,,,,,,,,,,,,,,,
0.23604518175125122,0.23604518175125122,209,26879,,,,,,,,,,,,,,,
0.23862451314926147,0.23862451314926147,210,27007,,,,,,,,,,,,,,,
0.23628446459770203,0.23628446459770203,211,27135,,,,,,,,,,,,,,,
0.23542426526546478,0.23542426526546478,212,27263,,,,,,,,,,,,,,,
0.234431654214859,0.234431654214859,213,27391,,,,,,,,,,,,,,,
0.2382759302854538,0.2382759302854538,214,27519,,,,,,,,,,,,,,,
0.23790086805820465,0.23790086805820465,215,27647,,,,,,,,,,,,,,,
0.23578250408172607,0.23578250408172607,216,27775,,,,,,,,,,,,,,,
0.23262009024620056,0.23262009024620056,217,27903,,,,,,,,,,,,,,,
0.2355165183544159,0.2355165183544159,218,28031,,,,,,,,,,,,,,,
0.23395472764968872,0.23395472764968872,219,28159,,,,,,,,,,,,,,,
0.23662687838077545,0.23662687838077545,220,28287,,,,,,,,,,,,,,,
0.23012058436870575,0.23012058436870575,221,28415,,,,,,,,,,,,,,,
0.23347800970077515,0.23347800970077515,222,28543,,,,,,,,,,,,,,,
0.2365845888853073,0.2365845888853073,223,28671,,,,,,,,,,,,,,,
0.23455746471881866,0.23455746471881866,224,28799,,,,,,,,,,,,,,,
0.233067587018013,0.233067587018013,225,28927,,,,,,,,,,,,,,,
0.234915092587471,0.234915092587471,226,29055,,,,,,,,,,,,,,,
0.23427443206310272,0.23427443206310272,227,29183,,,,,,,,,,,,,,,
0.2322593331336975,0.2322593331336975,228,29311,,,,,,,,,,,,,,,
0.2335316240787506,0.2335316240787506,229,29439,,,,,,,,,,,,,,,
0.23153717815876007,0.23153717815876007,230,29567,,,,,,,,,,,,,,,
0.2336471527814865,0.2336471527814865,231,29695,,,,,,,,,,,,,,,
0.23247046768665314,0.23247046768665314,232,29823,,,,,,,,,,,,,,,
0.23459230363368988,0.23459230363368988,233,29951,,,,,,,,,,,,,,,
0.2343980371952057,0.2343980371952057,234,30079,,,,,,,,,,,,,,,
0.23189394176006317,0.23189394176006317,235,30207,,,,,,,,,,,,,,,
0.230479434132576,0.230479434132576,236,30335,,,,,,,,,,,,,,,
0.2315191924571991,0.2315191924571991,237,30463,,,,,,,,,,,,,,,
0.2310609668493271,0.2310609668493271,238,30591,,,,,,,,,,,,,,,
0.23200419545173645,0.23200419545173645,239,30719,,,,,,,,,,,,,,,
0.23106303811073303,0.23106303811073303,240,30847,,,,,,,,,,,,,,,
0.22744713723659515,0.22744713723659515,241,30975,,,,,,,,,,,,,,,
0.2315046638250351,0.2315046638250351,242,31103,,,,,,,,,,,,,,,
0.23018035292625427,0.23018035292625427,243,31231,,,,,,,,,,,,,,,
0.2309243530035019,0.2309243530035019,244,31359,,,,,,,,,,,,,,,
0.23139308393001556,0.23139308393001556,245,31487,,,,,,,,,,,,,,,
0.23117735981941223,0.23117735981941223,246,31615,,,,,,,,,,,,,,,
0.23027215898036957,0.23027215898036957,247,31743,,,,,,,,,,,,,,,
0.2265302985906601,0.2265302985906601,248,31871,,,,,,,,,,,,,,,
0.23168137669563293,0.23168137669563293,249,31999,0.2979741677064577,0.9962681532951937,0.3529203837053416,0.2206469911115243,0.6610762961554769,0.26359661229603826,0.21111054152797512,0.5828327673965435,0.27262757841179314,0.21253896629312374,0.5953411339079757,0.28155529097457266,0.21444850460832857,0.6178984949311633,0.2845668830275058
0.2307414412498474,0.2307414412498474,250,32127,,,,,,,,,,,,,,,
0.23039530217647552,0.23039530217647552,251,32255,,,,,,,,,,,,,,,
0.2292344570159912,0.2292344570159912,252,32383,,,,,,,,,,,,,,,
0.2311340868473053,0.2311340868473053,253,32511,,,,,,,,,,,,,,,
0.22742648422718048,0.22742648422718048,254,32639,,,,,,,,,,,,,,,
0.2282424420118332,0.2282424420118332,255,32767,,,,,,,,,,,,,,,
0.22879236936569214,0.22879236936569214,256,32895,,,,,,,,,,,,,,,
0.23028014600276947,0.23028014600276947,257,33023,,,,,,,,,,,,,,,
0.22813251614570618,0.22813251614570618,258,33151,,,,,,,,,,,,,,,
0.228504478931427,0.228504478931427,259,33279,,,,,,,,,,,,,,,
0.22921614348888397,0.22921614348888397,260,33407,,,,,,,,,,,,,,,
0.2297319769859314,0.2297319769859314,261,33535,,,,,,,,,,,,,,,
0.2305861860513687,0.2305861860513687,262,33663,,,,,,,,,,,,,,,
0.2281470000743866,0.2281470000743866,263,33791,,,,,,,,,,,,,,,
0.22565965354442596,0.22565965354442596,264,33919,,,,,,,,,,,,,,,
0.23161724209785461,0.23161724209785461,265,34047,,,,,,,,,,,,,,,
0.22932769358158112,0.22932769358158112,266,34175,,,,,,,,,,,,,,,
0.2280099242925644,0.2280099242925644,267,34303,,,,,,,,,,,,,,,
0.22840793430805206,0.22840793430805206,268,34431,,,,,,,,,,,,,,,
0.22533537447452545,0.22533537447452545,269,34559,,,,,,,,,,,,,,,
0.22593440115451813,0.22593440115451813,270,34687,,,,,,,,,,,,,,,
0.2277955561876297,0.2277955561876297,271,34815,,,,,,,,,,,,,,,
0.2276771515607834,0.2276771515607834,272,34943,,,,,,,,,,,,,,,
0.23070043325424194,0.23070043325424194,273,35071,,,,,,,,,,,,,,,
0.22522322833538055,0.22522322833538055,274,35199,,,,,,,,,,,,,,,
0.22554028034210205,0.22554028034210205,275,35327,,,,,,,,,,,,,,,
0.22635874152183533,0.22635874152183533,276,35455,,,,,,,,,,,,,,,
0.22637267410755157,0.22637267410755157,277,35583,,,,,,,,,,,,,,,
0.22591058909893036,0.22591058909893036,278,35711,,,,,,,,,,,,,,,
0.22606204450130463,0.22606204450130463,279,35839,,,,,,,,,,,,,,,
0.2265702337026596,0.2265702337026596,280,35967,,,,,,,,,,,,,,,
0.2268930822610855,0.2268930822610855,281,36095,,,,,,,,,,,,,,,
0.22479741275310516,0.22479741275310516,282,36223,,,,,,,,,,,,,,,
0.22473229467868805,0.22473229467868805,283,36351,,,,,,,,,,,,,,,
0.22529135644435883,0.22529135644435883,284,36479,,,,,,,,,,,,,,,
0.22749826312065125,0.22749826312065125,285,36607,,,,,,,,,,,,,,,
0.22570626437664032,0.22570626437664032,286,36735,,,,,,,,,,,,,,,
0.2249538153409958,0.2249538153409958,287,36863,,,,,,,,,,,,,,,
0.22536629438400269,0.22536629438400269,288,36991,,,,,,,,,,,,,,,
0.22613894939422607,0.22613894939422607,289,37119,,,,,,,,,,,,,,,
0.22518986463546753,0.22518986463546753,290,37247,,,,,,,,,,,,,,,
0.2235596477985382,0.2235596477985382,291,37375,,,,,,,,,,,,,,,
0.22402389347553253,0.22402389347553253,292,37503,,,,,,,,,,,,,,,
0.22496530413627625,0.22496530413627625,293,37631,,,,,,,,,,,,,,,
0.22373253107070923,0.22373253107070923,294,37759,,,,,,,,,,,,,,,
0.2218717485666275,0.2218717485666275,295,37887,,,,,,,,,,,,,,,
0.22234703600406647,0.22234703600406647,296,38015,,,,,,,,,,,,,,,
0.22510139644145966,0.22510139644145966,297,38143,,,,,,,,,,,,,,,
0.22698231041431427,0.22698231041431427,298,38271,,,,,,,,,,,,,,,
0.22291311621665955,0.22291311621665955,299,38399,0.2730128853618647,0.8793589853546552,0.3231962314391316,0.2336843734922942,0.6555225006886489,0.29599591011785453,0.22239012046353088,0.6130491175394828,0.2890060786428322,0.21971550047833685,0.6211927835151778,0.291599115718115,0.2191935453697856,0.621703488560346,0.28758547476417806
0.22248958051204681,0.22248958051204681,300,38527,,,,,,,,,,,,,,,
0.22238266468048096,0.22238266468048096,301,38655,,,,,,,,,,,,,,,
0.22388604283332825,0.22388604283332825,302,38783,,,,,,,,,,,,,,,
0.2180384248495102,0.2180384248495102,303,38911,,,,,,,,,,,,,,,
0.2223663032054901,0.2223663032054901,304,39039,,,,,,,,,,,,,,,
0.22314219176769257,0.22314219176769257,305,39167,,,,,,,,,,,,,,,
0.22064998745918274,0.22064998745918274,306,39295,,,,,,,,,,,,,,,
0.22065289318561554,0.22065289318561554,307,39423,,,,,,,,,,,,,,,
0.22332626581192017,0.22332626581192017,308,39551,,,,,,,,,,,,,,,
0.22182665765285492,0.22182665765285492,309,39679,,,,,,,,,,,,,,,
0.22143994271755219,0.22143994271755219,310,39807,,,,,,,,,,,,,,,
0.2209135740995407,0.2209135740995407,311,39935,,,,,,,,,,,,,,,
0.22468316555023193,0.22468316555023193,312,40063,,,,,,,,,,,,,,,
0.2204468548297882,0.2204468548297882,313,40191,,,,,,,,,,,,,,,
0.22081877291202545,0.22081877291202545,314,40319,,,,,,,,,,,,,,,
0.21841682493686676,0.21841682493686676,315,40447,,,,,,,,,,,,,,,
0.21862083673477173,0.21862083673477173,316,40575,,,,,,,,,,,,,,,
0.22286351025104523,0.22286351025104523,317,40703,,,,,,,,,,,,,,,
0.22133338451385498,0.22133338451385498,318,40831,,,,,,,,,,,,,,,
0.22237412631511688,0.22237412631511688,319,40959,,,,,,,,,,,,,,,
0.21866509318351746,0.21866509318351746,320,41087,,,,,,,,,,,,,,,
0.2207232266664505,0.2207232266664505,321,41215,,,,,,,,,,,,,,,
0.22124385833740234,0.22124385833740234,322,41343,,,,,,,,,,,,,,,
0.21979336440563202,0.21979336440563202,323,41471,,,,,,,,,,,,,,,
0.21943487226963043,0.21943487226963043,324,41599,,,,,,,,,,,,,,,
0.2210487425327301,0.2210487425327301,325,41727,,,,,,,,,,,,,,,
0.21933381259441376,0.21933381259441376,326,41855,,,,,,,,,,,,,,,
0.21986955404281616,0.21986955404281616,327,41983,,,,,,,,,,,,,,,
0.21883730590343475,0.21883730590343475,328,42111,,,,,,,,,,,,,,,
0.21836906671524048,0.21836906671524048,329,42239,,,,,,,,,,,,,,,
0.21918068826198578,0.21918068826198578,330,42367,,,,,,,,,,,,,,,
0.22042150795459747,0.22042150795459747,331,42495,,,,,,,,,,,,,,,
0.21911388635635376,0.21911388635635376,332,42623,,,,,,,,,,,,,,,
0.21912123262882233,0.21912123262882233,333,42751,,,,,,,,,,,,,,,
0.2182096689939499,0.2182096689939499,334,42879,,,,,,,,,,,,,,,
0.21848899126052856,0.21848899126052856,335,43007,,,,,,,,,,,,,,,
0.21728204190731049,0.21728204190731049,336,43135,,,,,,,,,,,,,,,
0.21999461948871613,0.21999461948871613,337,43263,,,,,,,,,,,,,,,
0.21877484023571014,0.21877484023571014,338,43391,,,,,,,,,,,,,,,
0.21666903793811798,0.21666903793811798,339,43519,,,,,,,,,,,,,,,
0.2167634218931198,0.2167634218931198,340,43647,,,,,,,,,,,,,,,
0.21773186326026917,0.21773186326026917,341,43775,,,,,,,,,,,,,,,
0.2188561111688614,0.2188561111688614,342,43903,,,,,,,,,,,,,,,
0.21786227822303772,0.21786227822303772,343,44031,,,,,,,,,,,,,,,
0.21768437325954437,0.21768437325954437,344,44159,,,,,,,,,,,,,,,
0.21653155982494354,0.21653155982494354,345,44287,,,,,,,,,,,,,,,
0.2173091173171997,0.2173091173171997,346,44415,,,,,,,,,,,,,,,
0.2155529260635376,0.2155529260635376,347,44543,,,,,,,,,,,,,,,
0.2197740077972412,0.2197740077972412,348,44671,,,,,,,,,,,,,,,
0.21576647460460663,0.21576647460460663,349,44799,0.2739183581228574,0.880066561551023,0.3292784318162322,0.23083736473925714,0.6568869800210143,0.291786161474801,0.217937398495927,0.6109164981953605,0.2820899247644115,0.21134983683407993,0.6040904909320064,0.2772946283901418,0.2100069778697781,0.6047866105391043,0.2741376433994335
0.21807406842708588,0.21807406842708588,350,44927,,,,,,,,,,,,,,,
0.2160158008337021,0.2160158008337021,351,45055,,,,,,,,,,,,,,,
0.21530327200889587,0.21530327200889587,352,45183,,,,,,,,,,,,,,,
0.2161765843629837,0.2161765843629837,353,45311,,,,,,,,,,,,,,,
0.21632422506809235,0.21632422506809235,354,45439,,,,,,,,,,,,,,,
0.21677416563034058,0.21677416563034058,355,45567,,,,,,,,,,,,,,,
0.21512353420257568,0.21512353420257568,356,45695,,,,,,,,,,,,,,,
0.2138165980577469,0.2138165980577469,357,45823,,,,,,,,,,,,,,,
0.2175305187702179,0.2175305187702179,358,45951,,,,,,,,,,,,,,,
0.21508948504924774,0.21508948504924774,359,46079,,,,,,,,,,,,,,,
0.2157721221446991,0.2157721221446991,360,46207,,,,,,,,,,,,,,,
0.21433542668819427,0.21433542668819427,361,46335,,,,,,,,,,,,,,,
0.21473824977874756,0.21473824977874756,362,46463,,,,,,,,,,,,,,,
0.21747887134552002,0.21747887134552002,363,46591,,,,,,,,,,,,,,,
0.21544614434242249,0.21544614434242249,364,46719,,,,,,,,,,,,,,,
0.21664494276046753,0.21664494276046753,365,46847,,,,,,,,,,,,,,,
0.21352846920490265,0.21352846920490265,366,46975,,,,,,,,,,,,,,,
0.21480496227741241,0.21480496227741241,367,47103,,,,,,,,,,,,,,,
0.21433907747268677,0.21433907747268677,368,47231,,,,,,,,,,,,,,,
0.21636173129081726,0.21636173129081726,369,47359,,,,,,,,,,,,,,,
0.21567201614379883,0.21567201614379883,370,47487,,,,,,,,,,,,,,,
0.21483217179775238,0.21483217179775238,371,47615,,,,,,,,,,,,,,,
0.21222597360610962,0.21222597360610962,372,47743,,,,,,,,,,,,,,,
0.2170071005821228,0.2170071005821228,373,47871,,,,,,,,,,,,,,,
0.21254144608974457,0.21254144608974457,374,47999,,,,,,,,,,,,,,,
0.21339550614356995,0.21339550614356995,375,48127,,,,,,,,,,,,,,,
0.21295134723186493,0.21295134723186493,376,48255,,,,,,,,,,,,,,,
0.21465802192687988,0.21465802192687988,377,48383,,,,,,,,,,,,,,,
0.21466034650802612,0.21466034650802612,378,48511,,,,,,,,,,,,,,,
0.21350660920143127,0.21350660920143127,379,48639,,,,,,,,,,,,,,,
0.21282637119293213,0.21282637119293213,380,48767,,,,,,,,,,,,,,,
0.21557365357875824,0.21557365357875824,381,48895,,,,,,,,,,,,,,,
0.21611347794532776,0.21611347794532776,382,49023,,,,,,,,,,,,,,,
0.21379995346069336,0.21379995346069336,383,49151,,,,,,,,,,,,,,,
0.212278813123703,0.212278813123703,384,49279,,,,,,,,,,,,,,,
0.21038854122161865,0.21038854122161865,385,49407,,,,,,,,,,,,,,,
0.21023450791835785,0.21023450791835785,386,49535,,,,,,,,,,,,,,,
0.21244220435619354,0.21244220435619354,387,49663,,,,,,,,,,,,,,,
0.21435536444187164,0.21435536444187164,388,49791,,,,,,,,,,,,,,,
0.2134566605091095,0.2134566605091095,389,49919,,,,,,,,,,,,,,,
0.20934779942035675,0.20934779942035675,390,50047,,,,,,,,,,,,,,,
0.2113717943429947,0.2113717943429947,391,50175,,,,,,,,,,,,,,,
0.2104179859161377,0.2104179859161377,392,50303,,,,,,,,,,,,,,,
0.21119274199008942,0.21119274199008942,393,50431,,,,,,,,,,,,,,,
0.210349440574646,0.210349440574646,394,50559,,,,,,,,,,,,,,,
0.2107132226228714,0.2107132226228714,395,50687,,,,,,,,,,,,,,,
0.21206729114055634,0.21206729114055634,396,50815,,,,,,,,,,,,,,,
0.2154366672039032,0.2154366672039032,397,50943,,,,,,,,,,,,,,,
0.21109333634376526,0.21109333634376526,398,51071,,,,,,,,,,,,,,,
0.21082523465156555,0.21082523465156555,399,51199,0.2745640444405995,0.923839358609654,0.32624677311707456,0.22788073060802244,0.6827326559734356,0.28537896919519984,0.21413943256112133,0.6070580476300176,0.27984007537047206,0.2153052424426812,0.6203244939349929,0.281668439032212,0.22152777168115084,0.6349951472583105,0.2929574388842705
0.21115857362747192,0.21115857362747192,400,51327,,,,,,,,,,,,,,,
0.21114341914653778,0.21114341914653778,401,51455,,,,,,,,,,,,,,,
0.21196354925632477,0.21196354925632477,402,51583,,,,,,,,,,,,,,,
0.20834997296333313,0.20834997296333313,403,51711,,,,,,,,,,,,,,,
0.2097702920436859,0.2097702920436859,404,51839,,,,,,,,,,,,,,,
0.21001450717449188,0.21001450717449188,405,51967,,,,,,,,,,,,,,,
0.21117429435253143,0.21117429435253143,406,52095,,,,,,,,,,,,,,,
0.21065951883792877,0.21065951883792877,407,52223,,,,,,,,,,,,,,,
0.21220044791698456,0.21220044791698456,408,52351,,,,,,,,,,,,,,,
0.2118166983127594,0.2118166983127594,409,52479,,,,,,,,,,,,,,,
0.21084842085838318,0.21084842085838318,410,52607,,,,,,,,,,,,,,,
0.21079441905021667,0.21079441905021667,411,52735,,,,,,,,,,,,,,,
0.21032100915908813,0.21032100915908813,412,52863,,,,,,,,,,,,,,,
0.21024811267852783,0.21024811267852783,413,52991,,,,,,,,,,,,,,,
0.20926964282989502,0.20926964282989502,414,53119,,,,,,,,,,,,,,,
0.211039200425148,0.211039200425148,415,53247,,,,,,,,,,,,,,,
0.20981422066688538,0.20981422066688538,416,53375,,,,,,,,,,,,,,,
0.2099430412054062,0.2099430412054062,417,53503,,,,,,,,,,,,,,,
0.2105618715286255,0.2105618715286255,418,53631,,,,,,,,,,,,,,,
0.20894543826580048,0.20894543826580048,419,53759,,,,,,,,,,,,,,,
0.20866505801677704,0.20866505801677704,420,53887,,,,,,,,,,,,,,,
0.20787164568901062,0.20787164568901062,421,54015,,,,,,,,,,,,,,,
0.2078283578157425,0.2078283578157425,422,54143,,,,,,,,,,,,,,,
0.20839017629623413,0.20839017629623413,423,54271,,,,,,,,,,,,,,,
0.21116097271442413,0.21116097271442413,424,54399,,,,,,,,,,,,,,,
0.20844146609306335,0.20844146609306335,425,54527,,,,,,,,,,,,,,,
0.20693176984786987,0.20693176984786987,426,54655,,,,,,,,,,,,,,,
0.20690065622329712,0.20690065622329712,427,54783,,,,,,,,,,,,,,,
0.21029987931251526,0.21029987931251526,428,54911,,,,,,,,,,,,,,,
0.20587638020515442,0.20587638020515442,429,55039,,,,,,,,,,,,,,,
0.2082119584083557,0.2082119584083557,430,55167,,,,,,,,,,,,,,,
0.2075621336698532,0.2075621336698532,431,55295,,,,,,,,,,,,,,,
0.20968452095985413,0.20968452095985413,432,55423,,,,,,,,,,,,,,,
0.20954622328281403,0.20954622328281403,433,55551,,,,,,,,,,,,,,,
0.2080056220293045,0.2080056220293045,434,55679,,,,,,,,,,,,,,,
0.20602788031101227,0.20602788031101227,435,55807,,,,,,,,,,,,,,,
0.2065204381942749,0.2065204381942749,436,55935,,,,,,,,,,,,,,,
0.20713242888450623,0.20713242888450623,437,56063,,,,,,,,,,,,,,,
0.2064843624830246,0.2064843624830246,438,56191,,,,,,,,,,,,,,,
0.20581591129302979,0.20581591129302979,439,56319,,,,,,,,,,,,,,,
0.2075471132993698,0.2075471132993698,440,56447,,,,,,,,,,,,,,,
0.20967398583889008,0.20967398583889008,441,56575,,,,,,,,,,,,,,,
0.20485053956508636,0.20485053956508636,442,56703,,,,,,,,,,,,,,,
0.2042870819568634,0.2042870819568634,443,56831,,,,,,,,,,,,,,,
0.2066345363855362,0.2066345363855362,444,56959,,,,,,,,,,,,,,,
0.20758835971355438,0.20758835971355438,445,57087,,,,,,,,,,,,,,,
0.20874027907848358,0.20874027907848358,446,57215,,,,,,,,,,,,,,,
0.2075289934873581,0.2075289934873581,447,57343,,,,,,,,,,,,,,,
0.20690611004829407,0.20690611004829407,448,57471,,,,,,,,,,,,,,,
0.20678919553756714,0.20678919553756714,449,57599,0.3160412874570667,1.0540459892664087,0.3660320476662039,0.2353142794304332,0.7311103803837841,0.2827659642988884,0.2119454550871999,0.6059975602734626,0.26660668277317295,0.20421362043242053,0.5709959243285416,0.26060608543688485,0.20306409752410948,0.5706656860383444,0.26009992231742196
0.20800617337226868,0.20800617337226868,450,57727,,,,,,,,,,,,,,,
0.20536185801029205,0.20536185801029205,451,57855,,,,,,,,,,,,,,,
0.20530344545841217,0.20530344545841217,452,57983,,,,,,,,,,,,,,,
0.20525242388248444,0.20525242388248444,453,58111,,,,,,,,,,,,,,,
0.20522375404834747,0.20522375404834747,454,58239,,,,,,,,,,,,,,,
0.2063930481672287,0.2063930481672287,455,58367,,,,,,,,,,,,,,,
0.20549407601356506,0.20549407601356506,456,58495,,,,,,,,,,,,,,,
0.20468226075172424,0.20468226075172424,457,58623,,,,,,,,,,,,,,,
0.20413558185100555,0.20413558185100555,458,58751,,,,,,,,,,,,,,,
0.20542468130588531,0.20542468130588531,459,58879,,,,,,,,,,,,,,,
0.20647864043712616,0.20647864043712616,460,59007,,,,,,,,,,,,,,,
0.20555372536182404,0.20555372536182404,461,59135,,,,,,,,,,,,,,,
0.2037017047405243,0.2037017047405243,462,59263,,,,,,,,,,,,,,,
0.20690958201885223,0.20690958201885223,463,59391,,,,,,,,,,,,,,,
0.2050887942314148,0.2050887942314148,464,59519,,,,,,,,,,,,,,,
0.205220565199852,0.205220565199852,465,59647,,,,,,,,,,,,,,,
0.2024880349636078,0.2024880349636078,466,59775,,,,,,,,,,,,,,,
0.20553675293922424,0.20553675293922424,467,59903,,,,,,,,,,,,,,,
0.20594866573810577,0.20594866573810577,468,60031,,,,,,,,,,,,,,,
0.20494748651981354,0.20494748651981354,469,60159,,,,,,,,,,,,,,,
0.2030230611562729,0.2030230611562729,470,60287,,,,,,,,,,,,,,,
0.20143331587314606,0.20143331587314606,471,60415,,,,,,,,,,,,,,,
0.2041129320859909,0.2041129320859909,472,60543,,,,,,,,,,,,,,,
0.20469452440738678,0.20469452440738678,473,60671,,,,,,,,,,,,,,,
0.2034735530614853,0.2034735530614853,474,60799,,,,,,,,,,,,,,,
0.20587950944900513,0.20587950944900513,475,60927,,,,,,,,,,,,,,,
0.20486131310462952,0.20486131310462952,476,61055,,,,,,,,,,,,,,,
0.20333150029182434,0.20333150029182434,477,61183,,,,,,,,,,,,,,,
0.20525747537612915,0.20525747537612915,478,61311,,,,,,,,,,,,,,,
0.20226794481277466,0.20226794481277466,479,61439,,,,,,,,,,,,,,,
0.20611009001731873,0.20611009001731873,480,61567,,,,,,,,,,,,,,,
0.20414526760578156,0.20414526760578156,481,61695,,,,,,,,,,,,,,,
0.20318886637687683,0.20318886637687683,482,61823,,,,,,,,,,,,,,,
0.20233602821826935,0.20233602821826935,483,61951,,,,,,,,,,,,,,,
0.20376797020435333,0.20376797020435333,484,62079,,,,,,,,,,,,,,,
0.19994664192199707,0.19994664192199707,485,62207,,,,,,,,,,,,,,,
0.2026519924402237,0.2026519924402237,486,62335,,,,,,,,,,,,,,,
0.20389395952224731,0.20389395952224731,487,62463,,,,,,,,,,,,,,,
0.20261047780513763,0.20261047780513763,488,62591,,,,,,,,,,,,,,,
0.20397019386291504,0.20397019386291504,489,62719,,,,,,,,,,,,,,,
0.20288071036338806,0.20288071036338806,490,62847,,,,,,,,,,,,,,,
0.20438425242900848,0.20438425242900848,491,62975,,,,,,,,,,,,,,,
0.20328213274478912,0.20328213274478912,492,63103,,,,,,,,,,,,,,,
0.20381660759449005,0.20381660759449005,493,63231,,,,,,,,,,,,,,,
0.20315152406692505,0.20315152406692505,494,63359,,,,,,,,,,,,,,,
0.2025684118270874,0.2025684118270874,495,63487,,,,,,,,,,,,,,,
0.20158039033412933,0.20158039033412933,496,63615,,,,,,,,,,,,,,,
0.20350773632526398,0.20350773632526398,497,63743,,,,,,,,,,,,,,,
0.20415765047073364,0.20415765047073364,498,63871,,,,,,,,,,,,,,,
0.20255042612552643,0.20255042612552643,499,63999,0.34838145188820413,1.1257397217132874,0.409262476565573,0.24450699859860517,0.7456241165079276,0.2788823668879244,0.21738814128974265,0.603670003241161,0.26546491839306235,0.2097388305702111,0.5842451615174785,0.26231739182460884,0.21590044783576745,0.6075804291662773,0.2646802238631236
0.1997082233428955,0.1997082233428955,500,64127,,,,,,,,,,,,,,,
0.20178578794002533,0.20178578794002533,501,64255,,,,,,,,,,,,,,,
0.2024189680814743,0.2024189680814743,502,64383,,,,,,,,,,,,,,,
0.20101489126682281,0.20101489126682281,503,64511,,,,,,,,,,,,,,,
0.20236992835998535,0.20236992835998535,504,64639,,,,,,,,,,,,,,,
0.2012268602848053,0.2012268602848053,505,64767,,,,,,,,,,,,,,,
0.2028319388628006,0.2028319388628006,506,64895,,,,,,,,,,,,,,,
0.20345750451087952,0.20345750451087952,507,65023,,,,,,,,,,,,,,,
0.19950179755687714,0.19950179755687714,508,65151,,,,,,,,,,,,,,,
0.20244412124156952,0.20244412124156952,509,65279,,,,,,,,,,,,,,,
0.20253729820251465,0.20253729820251465,510,65407,,,,,,,,,,,,,,,
0.20448265969753265,0.20448265969753265,511,65535,,,,,,,,,,,,,,,
0.20136462152004242,0.20136462152004242,512,65663,,,,,,,,,,,,,,,
0.19847699999809265,0.19847699999809265,513,65791,,,,,,,,,,,,,,,
0.20001672208309174,0.20001672208309174,514,65919,,,,,,,,,,,,,,,
0.1989990472793579,0.1989990472793579,515,66047,,,,,,,,,,,,,,,
0.20053881406784058,0.20053881406784058,516,66175,,,,,,,,,,,,,,,
0.20213375985622406,0.20213375985622406,517,66303,,,,,,,,,,,,,,,
0.19959983229637146,0.19959983229637146,518,66431,,,,,,,,,,,,,,,
0.20105111598968506,0.20105111598968506,519,66559,,,,,,,,,,,,,,,
0.2007843405008316,0.2007843405008316,520,66687,,,,,,,,,,,,,,,
0.19894355535507202,0.19894355535507202,521,66815,,,,,,,,,,,,,,,
0.20156893134117126,0.20156893134117126,522,66943,,,,,,,,,,,,,,,
0.2018289715051651,0.2018289715051651,523,67071,,,,,,,,,,,,,,,
0.20056357979774475,0.20056357979774475,524,67199,,,,,,,,,,,,,,,
0.1990160495042801,0.1990160495042801,525,67327,,,,,,,,,,,,,,,
0.19916130602359772,0.19916130602359772,526,67455,,,,,,,,,,,,,,,
0.20035766065120697,0.20035766065120697,527,67583,,,,,,,,,,,,,,,
0.19931942224502563,0.19931942224502563,528,67711,,,,,,,,,,,,,,,
0.20112530887126923,0.20112530887126923,529,67839,,,,,,,,,,,,,,,
0.19974294304847717,0.19974294304847717,530,67967,,,,,,,,,,,,,,,
0.20114421844482422,0.20114421844482422,531,68095,,,,,,,,,,,,,,,
0.19696393609046936,0.19696393609046936,532,68223,,,,,,,,,,,,,,,
0.19782422482967377,0.19782422482967377,533,68351,,,,,,,,,,,,,,,
0.19864170253276825,0.19864170253276825,534,68479,,,,,,,,,,,,,,,
0.19913555681705475,0.19913555681705475,535,68607,,,,,,,,,,,,,,,
0.19989165663719177,0.19989165663719177,536,68735,,,,,,,,,,,,,,,
0.19841575622558594,0.19841575622558594,537,68863,,,,,,,,,,,,,,,
0.1994655430316925,0.1994655430316925,538,68991,,,,,,,,,,,,,,,
0.19858860969543457,0.19858860969543457,539,69119,,,,,,,,,,,,,,,
0.19986982643604279,0.19986982643604279,540,69247,,,,,,,,,,,,,,,
0.19785401225090027,0.19785401225090027,541,69375,,,,,,,,,,,,,,,
0.19955797493457794,0.19955797493457794,542,69503,,,,,,,,,,,,,,,
0.19939935207366943,0.19939935207366943,543,69631,,,,,,,,,,,,,,,
0.1987527459859848,0.1987527459859848,544,69759,,,,,,,,,,,,,,,
0.19756285846233368,0.19756285846233368,545,69887,,,,,,,,,,,,,,,
0.19667476415634155,0.19667476415634155,546,70015,,,,,,,,,,,,,,,
0.19895625114440918,0.19895625114440918,547,70143,,,,,,,,,,,,,,,
0.19890502095222473,0.19890502095222473,548,70271,,,,,,,,,,,,,,,
0.19871923327445984,0.19871923327445984,549,70399,0.3661963171997648,1.1604848155652308,0.44721773371410334,0.2539626983849558,0.7748812825498658,0.28914633004605966,0.22035530869014508,0.6323445261815266,0.2738351669220054,0.2162307264124263,0.6150067895034619,0.2743743165024328,0.22381570677153187,0.6439699016014473,0.27729290783884425
0.19630621373653412,0.19630621373653412,550,70527,,,,,,,,,,,,,,,
0.19513925909996033,0.19513925909996033,551,70655,,,,,,,,,,,,,,,
0.19722896814346313,0.19722896814346313,552,70783,,,,,,,,,,,,,,,
0.19563928246498108,0.19563928246498108,553,70911,,,,,,,,,,,,,,,
0.19814929366111755,0.19814929366111755,554,71039,,,,,,,,,,,,,,,
0.19679361581802368,0.19679361581802368,555,71167,,,,,,,,,,,,,,,
0.19875963032245636,0.19875963032245636,556,71295,,,,,,,,,,,,,,,
0.19736549258232117,0.19736549258232117,557,71423,,,,,,,,,,,,,,,
0.1954411268234253,0.1954411268234253,558,71551,,,,,,,,,,,,,,,
0.19660450518131256,0.19660450518131256,559,71679,,,,,,,,,,,,,,,
0.19759854674339294,0.19759854674339294,560,71807,,,,,,,,,,,,,,,
0.19800354540348053,0.19800354540348053,561,71935,,,,,,,,,,,,,,,
0.1970268040895462,0.1970268040895462,562,72063,,,,,,,,,,,,,,,
0.19800518453121185,0.19800518453121185,563,72191,,,,,,,,,,,,,,,
0.19708622992038727,0.19708622992038727,564,72319,,,,,,,,,,,,,,,
0.195827454328537,0.195827454328537,565,72447,,,,,,,,,,,,,,,
0.19616805016994476,0.19616805016994476,566,72575,,,,,,,,,,,,,,,
0.19815576076507568,0.19815576076507568,567,72703,,,,,,,,,,,,,,,
0.19436579942703247,0.19436579942703247,568,72831,,,,,,,,,,,,,,,
0.1969565898180008,0.1969565898180008,569,72959,,,,,,,,,,,,,,,
0.1978415846824646,0.1978415846824646,570,73087,,,,,,,,,,,,,,,
0.19609709084033966,0.19609709084033966,571,73215,,,,,,,,,,,,,,,
0.19812683761119843,0.19812683761119843,572,73343,,,,,,,,,,,,,,,
0.1953894942998886,0.1953894942998886,573,73471,,,,,,,,,,,,,,,
0.1956498920917511,0.1956498920917511,574,73599,,,,,,,,,,,,,,,
0.19516317546367645,0.19516317546367645,575,73727,,,,,,,,,,,,,,,
0.19725154340267181,0.19725154340267181,576,73855,,,,,,,,,,,,,,,
0.19683903455734253,0.19683903455734253,577,73983,,,,,,,,,,,,,,,
0.19626662135124207,0.19626662135124207,578,74111,,,,,,,,,,,,,,,
0.19715102016925812,0.19715102016925812,579,74239,,,,,,,,,,,,,,,
0.1972140073776245,0.1972140073776245,580,74367,,,,,,,,,,,,,,,
0.19532780349254608,0.19532780349254608,581,74495,,,,,,,,,,,,,,,
0.19539041817188263,0.19539041817188263,582,74623,,,,,,,,,,,,,,,
0.19441446661949158,0.19441446661949158,583,74751,,,,,,,,,,,,,,,
0.1957286149263382,0.1957286149263382,584,74879,,,,,,,,,,,,,,,
0.1958964467048645,0.1958964467048645,585,75007,,,,,,,,,,,,,,,
0.1951928585767746,0.1951928585767746,586,75135,,,,,,,,,,,,,,,
0.19905197620391846,0.19905197620391846,587,75263,,,,,,,,,,,,,,,
0.1940605491399765,0.1940605491399765,588,75391,,,,,,,,,,,,,,,
0.19627687335014343,0.19627687335014343,589,75519,,,,,,,,,,,,,,,
0.19445189833641052,0.19445189833641052,590,75647,,,,,,,,,,,,,,,
0.1940605193376541,0.1940605193376541,591,75775,,,,,,,,,,,,,,,
0.19582629203796387,0.19582629203796387,592,75903,,,,,,,,,,,,,,,
0.1959533989429474,0.1959533989429474,593,76031,,,,,,,,,,,,,,,
0.19499929249286652,0.19499929249286652,594,76159,,,,,,,,,,,,,,,
0.19544771313667297,0.19544771313667297,595,76287,,,,,,,,,,,,,,,
0.19239915907382965,0.19239915907382965,596,76415,,,,,,,,,,,,,,,
0.19508831202983856,0.19508831202983856,597,76543,,,,,,,,,,,,,,,
0.19692176580429077,0.19692176580429077,598,76671,,,,,,,,,,,,,,,
0.19593718647956848,0.19593718647956848,599,76799,0.30160592285049387,1.003362083567048,0.3577927471499364,0.23200950029258907,0.6962539164108211,0.27854013839679054,0.21910169658498949,0.6042322914010194,0.28292083691263553,0.22178564105490595,0.626747768629525,0.2941239968606702,0.22589753986454988,0.6547850317484015,0.29913795226141154
0.19487620890140533,0.19487620890140533,600,76927,,,,,,,,,,,,,,,
0.19513599574565887,0.19513599574565887,601,77055,,,,,,,,,,,,,,,
0.19453676044940948,0.19453676044940948,602,77183,,,,,,,,,,,,,,,
0.1942623108625412,0.1942623108625412,603,77311,,,,,,,,,,,,,,,
0.19572700560092926,0.19572700560092926,604,77439,,,,,,,,,,,,,,,
0.19532060623168945,0.19532060623168945,605,77567,,,,,,,,,,,,,,,
0.1956077367067337,0.1956077367067337,606,77695,,,,,,,,,,,,,,,
0.19522535800933838,0.19522535800933838,607,77823,,,,,,,,,,,,,,,
0.19182002544403076,0.19182002544403076,608,77951,,,,,,,,,,,,,,,
0.1938236504793167,0.1938236504793167,609,78079,,,,,,,,,,,,,,,
0.19179505109786987,0.19179505109786987,610,78207,,,,,,,,,,,,,,,
0.19485841691493988,0.19485841691493988,611,78335,,,,,,,,,,,,,,,
0.19401989877223969,0.19401989877223969,612,78463,,,,,,,,,,,,,,,
0.1917128711938858,0.1917128711938858,613,78591,,,,,,,,,,,,,,,
0.1942293792963028,0.1942293792963028,614,78719,,,,,,,,,,,,,,,
0.1935931295156479,0.1935931295156479,615,78847,,,,,,,,,,,,,,,
0.19349956512451172,0.19349956512451172,616,78975,,,,,,,,,,,,,,,
0.1944325864315033,0.1944325864315033,617,79103,,,,,,,,,,,,,,,
0.19333846867084503,0.19333846867084503,618,79231,,,,,,,,,,,,,,,
0.19432680308818817,0.19432680308818817,619,79359,,,,,,,,,,,,,,,
0.192721426486969,0.192721426486969,620,79487,,,,,,,,,,,,,,,
0.19288893043994904,0.19288893043994904,621,79615,,,,,,,,,,,,,,,
0.1924583464860916,0.1924583464860916,622,79743,,,,,,,,,,,,,,,
0.1919342428445816,0.1919342428445816,623,79871,,,,,,,,,,,,,,,
0.1919364035129547,0.1919364035129547,624,79999,,,,,,,,,,,,,,,
0.19323188066482544,0.19323188066482544,625,80127,,,,,,,,,,,,,,,
0.19138354063034058,0.19138354063034058,626,80255,,,,,,,,,,,,,,,
0.1941223442554474,0.1941223442554474,627,80383,,,,,,,,,,,,,,,
0.1942306011915207,0.1942306011915207,628,80511,,,,,,,,,,,,,,,
0.19305089116096497,0.19305089116096497,629,80639,,,,,,,,,,,,,,,
0.19209234416484833,0.19209234416484833,630,80767,,,,,,,,,,,,,,,
0.19300320744514465,0.19300320744514465,631,80895,,,,,,,,,,,,,,,
0.1918741762638092,0.1918741762638092,632,81023,,,,,,,,,,,,,,,
0.19158895313739777,0.19158895313739777,633,81151,,,,,,,,,,,,,,,
0.1913600116968155,0.1913600116968155,634,81279,,,,,,,,,,,,,,,
0.19511450827121735,0.19511450827121735,635,81407,,,,,,,,,,,,,,,
0.19163520634174347,0.19163520634174347,636,81535,,,,,,,,,,,,,,,
0.19192059338092804,0.19192059338092804,637,81663,,,,,,,,,,,,,,,
0.19231374561786652,0.19231374561786652,638,81791,,,,,,,,,,,,,,,
0.19271917641162872,0.19271917641162872,639,81919,,,,,,,,,,,,,,,
0.19118455052375793,0.19118455052375793,640,82047,,,,,,,,,,,,,,,
0.18982458114624023,0.18982458114624023,641,82175,,,,,,,,,,,,,,,
0.19216777384281158,0.19216777384281158,642,82303,,,,,,,,,,,,,,,
0.1929694563150406,0.1929694563150406,643,82431,,,,,,,,,,,,,,,
0.19124458730220795,0.19124458730220795,644,82559,,,,,,,,,,,,,,,
0.19194398820400238,0.19194398820400238,645,82687,,,,,,,,,,,,,,,
0.19338291883468628,0.19338291883468628,646,82815,,,,,,,,,,,,,,,
0.19107834994792938,0.19107834994792938,647,82943,,,,,,,,,,,,,,,
0.1934366226196289,0.1934366226196289,648,83071,,,,,,,,,,,,,,,
0.19344036281108856,0.19344036281108856,649,83199,0.40984106208512755,1.292043064094154,0.5140307836162581,0.2661568571145264,0.8588627548836433,0.303549469656594,0.22072880517210647,0.6446007331737206,0.26394395682939475,0.20988087554174323,0.5984153246664707,0.26040470678899763,0.21315451050225528,0.5962867557966303,0.2616958665611514
0.19094929099082947,0.19094929099082947,650,83327,,,,,,,,,,,,,,,
0.19278836250305176,0.19278836250305176,651,83455,,,,,,,,,,,,,,,
0.1896962821483612,0.1896962821483612,652,83583,,,,,,,,,,,,,,,
0.1911429911851883,0.1911429911851883,653,83711,,,,,,,,,,,,,,,
0.19042909145355225,0.19042909145355225,654,83839,,,,,,,,,,,,,,,
0.18952330946922302,0.18952330946922302,655,83967,,,,,,,,,,,,,,,
0.1910894364118576,0.1910894364118576,656,84095,,,,,,,,,,,,,,,
0.1883097141981125,0.1883097141981125,657,84223,,,,,,,,,,,,,,,
0.1925242841243744,0.1925242841243744,658,84351,,,,,,,,,,,,,,,
0.19063912332057953,0.19063912332057953,659,84479,,,,,,,,,,,,,,,
0.19180335104465485,0.19180335104465485,660,84607,,,,,,,,,,,,,,,
0.19048117101192474,0.19048117101192474,661,84735,,,,,,,,,,,,,,,
0.192953959107399,0.192953959107399,662,84863,,,,,,,,,,,,,,,
0.19210326671600342,0.19210326671600342,663,84991,,,,,,,,,,,,,,,
0.1926552951335907,0.1926552951335907,664,85119,,,,,,,,,,,,,,,
0.1932850331068039,0.1932850331068039,665,85247,,,,,,,,,,,,,,,
0.19081665575504303,0.19081665575504303,666,85375,,,,,,,,,,,,,,,
0.1887482851743698,0.1887482851743698,667,85503,,,,,,,,,,,,,,,
0.19141265749931335,0.19141265749931335,668,85631,,,,,,,,,,,,,,,
0.19103094935417175,0.19103094935417175,669,85759,,,,,,,,,,,,,,,
0.1885518580675125,0.1885518580675125,670,85887,,,,,,,,,,,,,,,
0.1891651749610901,0.1891651749610901,671,86015,,,,,,,,,,,,,,,
0.19025251269340515,0.19025251269340515,672,86143,,,,,,,,,,,,,,,
0.19038808345794678,0.19038808345794678,673,86271,,,,,,,,,,,,,,,
0.19093047082424164,0.19093047082424164,674,86399,,,,,,,,,,,,,,,
0.1895662546157837,0.1895662546157837,675,86527,,,,,,,,,,,,,,,
0.1911458969116211,0.1911458969116211,676,86655,,,,,,,,,,,,,,,
0.18843428790569305,0.18843428790569305,677,86783,,,,,,,,,,,,,,,
0.18892356753349304,0.18892356753349304,678,86911,,,,,,,,,,,,,,,
0.18983228504657745,0.18983228504657745,679,87039,,,,,,,,,,,,,,,
0.1899426430463791,0.1899426430463791,680,87167,,,,,,,,,,,,,,,
0.18944399058818817,0.18944399058818817,681,87295,,,,,,,,,,,,,,,
0.18950314819812775,0.18950314819812775,682,87423,,,,,,,,,,,,,,,
0.19073279201984406,0.19073279201984406,683,87551,,,,,,,,,,,,,,,
0.1896815448999405,0.1896815448999405,684,87679,,,,,,,,,,,,,,,
0.18908356130123138,0.18908356130123138,685,87807,,,,,,,,,,,,,,,
0.19105978310108185,0.19105978310108185,686,87935,,,,,,,,,,,,,,,
0.19030626118183136,0.19030626118183136,687,88063,,,,,,,,,,,,,,,
0.1897161453962326,0.1897161453962326,688,88191,,,,,,,,,,,,,,,
0.1899137794971466,0.1899137794971466,689,88319,,,,,,,,,,,,,,,
0.18869464099407196,0.18869464099407196,690,88447,,,,,,,,,,,,,,,
0.19060669839382172,0.19060669839382172,691,88575,,,,,,,,,,,,,,,
0.1881338655948639,0.1881338655948639,692,88703,,,,,,,,,,,,,,,
0.18949788808822632,0.18949788808822632,693,88831,,,,,,,,,,,,,,,
0.18794435262680054,0.18794435262680054,694,88959,,,,,,,,,,,,,,,
0.18902356922626495,0.18902356922626495,695,89087,,,,,,,,,,,,,,,
0.18932047486305237,0.18932047486305237,696,89215,,,,,,,,,,,,,,,
0.1904485821723938,0.1904485821723938,697,89343,,,,,,,,,,,,,,,
0.19069938361644745,0.19069938361644745,698,89471,,,,,,,,,,,,,,,
0.18883761763572693,0.18883761763572693,699,89599,0.43254992786369817,1.339510475972654,0.5367314257045113,0.2733734034146934,0.8778750551691347,0.3182153667512124,0.2206644351796366,0.6246371599895799,0.26695293151341726,0.21853572519915143,0.6100154326333489,0.28202773465037084,0.22319674271160736,0.6549774063687427,0.28361117604097497
0.1900101751089096,0.1900101751089096,700,89727,,,,,,,,,,,,,,,
0.19137181341648102,0.19137181341648102,701,89855,,,,,,,,,,,,,,,
0.18921470642089844,0.18921470642089844,702,89983,,,,,,,,,,,,,,,
0.18969127535820007,0.18969127535820007,703,90111,,,,,,,,,,,,,,,
0.19176726043224335,0.19176726043224335,704,90239,,,,,,,,,,,,,,,
0.18657207489013672,0.18657207489013672,705,90367,,,,,,,,,,,,,,,
0.19240185618400574,0.19240185618400574,706,90495,,,,,,,,,,,,,,,
0.18897728621959686,0.18897728621959686,707,90623,,,,,,,,,,,,,,,
0.18781983852386475,0.18781983852386475,708,90751,,,,,,,,,,,,,,,
0.1861763894557953,0.1861763894557953,709,90879,,,,,,,,,,,,,,,
0.18941724300384521,0.18941724300384521,710,91007,,,,,,,,,,,,,,,
0.1903068721294403,0.1903068721294403,711,91135,,,,,,,,,,,,,,,
0.18969199061393738,0.18969199061393738,712,91263,,,,,,,,,,,,,,,
0.1902819126844406,0.1902819126844406,713,91391,,,,,,,,,,,,,,,
0.18943072855472565,0.18943072855472565,714,91519,,,,,,,,,,,,,,,
0.1884579211473465,0.1884579211473465,715,91647,,,,,,,,,,,,,,,
0.1886414736509323,0.1886414736509323,716,91775,,,,,,,,,,,,,,,
0.18777793645858765,0.18777793645858765,717,91903,,,,,,,,,,,,,,,
0.18678772449493408,0.18678772449493408,718,92031,,,,,,,,,,,,,,,
0.1899021863937378,0.1899021863937378,719,92159,,,,,,,,,,,,,,,
0.19011527299880981,0.19011527299880981,720,92287,,,,,,,,,,,,,,,
0.18914201855659485,0.18914201855659485,721,92415,,,,,,,,,,,,,,,
0.18981203436851501,0.18981203436851501,722,92543,,,,,,,,,,,,,,,
0.18804189562797546,0.18804189562797546,723,92671,,,,,,,,,,,,,,,
0.18979838490486145,0.18979838490486145,724,92799,,,,,,,,,,,,,,,
0.18718890845775604,0.18718890845775604,725,92927,,,,,,,,,,,,,,,
0.18622855842113495,0.18622855842113495,726,93055,,,,,,,,,,,,,,,
0.18923532962799072,0.18923532962799072,727,93183,,,,,,,,,,,,,,,
0.18770994246006012,0.18770994246006012,728,93311,,,,,,,,,,,,,,,
0.1885194182395935,0.1885194182395935,729,93439,,,,,,,,,,,,,,,
0.18801352381706238,0.18801352381706238,730,93567,,,,,,,,,,,,,,,
0.18719235062599182,0.18719235062599182,731,93695,,,,,,,,,,,,,,,
0.1845790594816208,0.1845790594816208,732,93823,,,,,,,,,,,,,,,
0.18719416856765747,0.18719416856765747,733,93951,,,,,,,,,,,,,,,
0.18941792845726013,0.18941792845726013,734,94079,,,,,,,,,,,,,,,
0.1912308931350708,0.1912308931350708,735,94207,,,,,,,,,,,,,,,
0.18871992826461792,0.18871992826461792,736,94335,,,,,,,,,,,,,,,
0.18820323050022125,0.18820323050022125,737,94463,,,,,,,,,,,,,,,
0.18643055856227875,0.18643055856227875,738,94591,,,,,,,,,,,,,,,
0.186915785074234,0.186915785074234,739,94719,,,,,,,,,,,,,,,
0.1866721212863922,0.1866721212863922,740,94847,,,,,,,,,,,,,,,
0.18867114186286926,0.18867114186286926,741,94975,,,,,,,,,,,,,,,
0.1883602738380432,0.1883602738380432,742,95103,,,,,,,,,,,,,,,
0.1880333423614502,0.1880333423614502,743,95231,,,,,,,,,,,,,,,
0.18722347915172577,0.18722347915172577,744,95359,,,,,,,,,,,,,,,
0.1902979165315628,0.1902979165315628,745,95487,,,,,,,,,,,,,,,
0.18568076193332672,0.18568076193332672,746,95615,,,,,,,,,,,,,,,
0.18595899641513824,0.18595899641513824,747,95743,,,,,,,,,,,,,,,
0.18722520768642426,0.18722520768642426,748,95871,,,,,,,,,,,,,,,
0.18747259676456451,0.18747259676456451,749,95999,0.2988019517715428,0.9945257993005826,0.3454682029080005,0.23118520769201842,0.6820881952368446,0.2756425194881945,0.22431163271581664,0.6158870968088304,0.2892205531504095,0.23686739915634,0.6807881171680837,0.3196300808276895,0.2461348005023512,0.7881922849141454,0.3302708959315312
0.18846634030342102,0.18846634030342102,750,96127,,,,,,,,,,,,,,,
0.1871614009141922,0.1871614009141922,751,96255,,,,,,,,,,,,,,,
0.18739701807498932,0.18739701807498932,752,96383,,,,,,,,,,,,,,,
0.18850864470005035,0.18850864470005035,753,96511,,,,,,,,,,,,,,,
0.18837136030197144,0.18837136030197144,754,96639,,,,,,,,,,,,,,,
0.18973465263843536,0.18973465263843536,755,96767,,,,,,,,,,,,,,,
0.18785572052001953,0.18785572052001953,756,96895,,,,,,,,,,,,,,,
0.18888568878173828,0.18888568878173828,757,97023,,,,,,,,,,,,,,,
0.1877659559249878,0.1877659559249878,758,97151,,,,,,,,,,,,,,,
0.18698978424072266,0.18698978424072266,759,97279,,,,,,,,,,,,,,,
0.18887610733509064,0.18887610733509064,760,97407,,,,,,,,,,,,,,,
0.18696220219135284,0.18696220219135284,761,97535,,,,,,,,,,,,,,,
0.18469946086406708,0.18469946086406708,762,97663,,,,,,,,,,,,,,,
0.1853952258825302,0.1853952258825302,763,97791,,,,,,,,,,,,,,,
0.18813304603099823,0.18813304603099823,764,97919,,,,,,,,,,,,,,,
0.18871702253818512,0.18871702253818512,765,98047,,,,,,,,,,,,,,,
0.18699410557746887,0.18699410557746887,766,98175,,,,,,,,,,,,,,,
0.18512603640556335,0.18512603640556335,767,98303,,,,,,,,,,,,,,,
0.1868979036808014,0.1868979036808014,768,98431,,,,,,,,,,,,,,,
0.18764597177505493,0.18764597177505493,769,98559,,,,,,,,,,,,,,,
0.185061976313591,0.185061976313591,770,98687,,,,,,,,,,,,,,,
0.18764975666999817,0.18764975666999817,771,98815,,,,,,,,,,,,,,,
0.18709693849086761,0.18709693849086761,772,98943,,,,,,,,,,,,,,,
0.18870669603347778,0.18870669603347778,773,99071,,,,,,,,,,,,,,,
0.1866956651210785,0.1866956651210785,774,99199,,,,,,,,,,,,,,,
0.18659991025924683,0.18659991025924683,775,99327,,,,,,,,,,,,,,,
0.18792645633220673,0.18792645633220673,776,99455,,,,,,,,,,,,,,,
0.18664108216762543,0.18664108216762543,777,99583,,,,,,,,,,,,,,,
0.18596607446670532,0.18596607446670532,778,99711,,,,,,,,,,,,,,,
0.18756791949272156,0.18756791949272156,779,99839,,,,,,,,,,,,,,,
0.18690848350524902,0.18690848350524902,780,99967,,,,,,,,,,,,,,,
0.18305812776088715,0.18305812776088715,781,100095,,,,,,,,,,,,,,,
0.18654565513134003,0.18654565513134003,782,100223,,,,,,,,,,,,,,,
0.18673014640808105,0.18673014640808105,783,100351,,,,,,,,,,,,,,,
0.18595536053180695,0.18595536053180695,784,100479,,,,,,,,,,,,,,,
0.1873069405555725,0.1873069405555725,785,100607,,,,,,,,,,,,,,,
0.18686120212078094,0.18686120212078094,786,100735,,,,,,,,,,,,,,,
0.18551331758499146,0.18551331758499146,787,100863,,,,,,,,,,,,,,,
0.18612031638622284,0.18612031638622284,788,100991,,,,,,,,,,,,,,,
0.1857253760099411,0.1857253760099411,789,101119,,,,,,,,,,,,,,,
0.18618106842041016,0.18618106842041016,790,101247,,,,,,,,,,,,,,,
0.184129998087883,0.184129998087883,791,101375,,,,,,,,,,,,,,,
0.18467794358730316,0.18467794358730316,792,101503,,,,,,,,,,,,,,,
0.18627938628196716,0.18627938628196716,793,101631,,,,,,,,,,,,,,,
0.18643364310264587,0.18643364310264587,794,101759,,,,,,,,,,,,,,,
0.1873357892036438,0.1873357892036438,795,101887,,,,,,,,,,,,,,,
0.18547382950782776,0.18547382950782776,796,102015,,,,,,,,,,,,,,,
0.18537554144859314,0.18537554144859314,797,102143,,,,,,,,,,,,,,,
0.18604926764965057,0.18604926764965057,798,102271,,,,,,,,,,,,,,,
0.18699179589748383,0.18699179589748383,799,102399,0.318656400014862,1.0654703554652538,0.3790346677043417,0.23915953425494962,0.7333454550044493,0.28730367717915667,0.22656565968578318,0.6232497584263652,0.2918608481898157,0.2348237146225524,0.6645194620125617,0.3159849343803532,0.25140888231104463,0.8034066597468723,0.336264355483692
0.18451374769210815,0.18451374769210815,800,102527,,,,,,,,,,,,,,,
0.1867055594921112,0.1867055594921112,801,102655,,,,,,,,,,,,,,,
0.18725119531154633,0.18725119531154633,802,102783,,,,,,,,,,,,,,,
0.18572452664375305,0.18572452664375305,803,102911,,,,,,,,,,,,,,,
0.1849110871553421,0.1849110871553421,804,103039,,,,,,,,,,,,,,,
0.18509480357170105,0.18509480357170105,805,103167,,,,,,,,,,,,,,,
0.18604092299938202,0.18604092299938202,806,103295,,,,,,,,,,,,,,,
0.18453606963157654,0.18453606963157654,807,103423,,,,,,,,,,,,,,,
0.18482227623462677,0.18482227623462677,808,103551,,,,,,,,,,,,,,,
0.18698938190937042,0.18698938190937042,809,103679,,,,,,,,,,,,,,,
0.18644490838050842,0.18644490838050842,810,103807,,,,,,,,,,,,,,,
0.18728835880756378,0.18728835880756378,811,103935,,,,,,,,,,,,,,,
0.18912261724472046,0.18912261724472046,812,104063,,,,,,,,,,,,,,,
0.18654568493366241,0.18654568493366241,813,104191,,,,,,,,,,,,,,,
0.18638400733470917,0.18638400733470917,814,104319,,,,,,,,,,,,,,,
0.18574494123458862,0.18574494123458862,815,104447,,,,,,,,,,,,,,,
0.1842067688703537,0.1842067688703537,816,104575,,,,,,,,,,,,,,,
0.18750284612178802,0.18750284612178802,817,104703,,,,,,,,,,,,,,,
0.1847202330827713,0.1847202330827713,818,104831,,,,,,,,,,,,,,,
0.18621762096881866,0.18621762096881866,819,104959,,,,,,,,,,,,,,,
0.1825399547815323,0.1825399547815323,820,105087,,,,,,,,,,,,,,,
0.184344083070755,0.184344083070755,821,105215,,,,,,,,,,,,,,,
0.18350492417812347,0.18350492417812347,822,105343,,,,,,,,,,,,,,,
0.1855473667383194,0.1855473667383194,823,105471,,,,,,,,,,,,,,,
0.18523772060871124,0.18523772060871124,824,105599,,,,,,,,,,,,,,,
0.18550865352153778,0.18550865352153778,825,105727,,,,,,,,,,,,,,,
0.1840871125459671,0.1840871125459671,826,105855,,,,,,,,,,,,,,,
0.18651162087917328,0.18651162087917328,827,105983,,,,,,,,,,,,,,,
0.18644633889198303,0.18644633889198303,828,106111,,,,,,,,,,,,,,,
0.18471956253051758,0.18471956253051758,829,106239,,,,,,,,,,,,,,,
0.18679384887218475,0.18679384887218475,830,106367,,,,,,,,,,,,,,,
0.18437324464321136,0.18437324464321136,831,106495,,,,,,,,,,,,,,,
0.18572813272476196,0.18572813272476196,832,106623,,,,,,,,,,,,,,,
0.18601779639720917,0.18601779639720917,833,106751,,,,,,,,,,,,,,,
0.18390880525112152,0.18390880525112152,834,106879,,,,,,,,,,,,,,,
0.185256227850914,0.185256227850914,835,107007,,,,,,,,,,,,,,,
0.187020406126976,0.187020406126976,836,107135,,,,,,,,,,,,,,,
0.18510031700134277,0.18510031700134277,837,107263,,,,,,,,,,,,,,,
0.18323971331119537,0.18323971331119537,838,107391,,,,,,,,,,,,,,,
0.1844712197780609,0.1844712197780609,839,107519,,,,,,,,,,,,,,,
0.1862795650959015,0.1862795650959015,840,107647,,,,,,,,,,,,,,,
0.18717129528522491,0.18717129528522491,841,107775,,,,,,,,,,,,,,,
0.18475039303302765,0.18475039303302765,842,107903,,,,,,,,,,,,,,,
0.18343596160411835,0.18343596160411835,843,108031,,,,,,,,,,,,,,,
0.18294869363307953,0.18294869363307953,844,108159,,,,,,,,,,,,,,,
0.18468822538852692,0.18468822538852692,845,108287,,,,,,,,,,,,,,,
0.18256951868534088,0.18256951868534088,846,108415,,,,,,,,,,,,,,,
0.1842195838689804,0.1842195838689804,847,108543,,,,,,,,,,,,,,,
0.18393637239933014,0.18393637239933014,848,108671,,,,,,,,,,,,,,,
0.18378525972366333,0.18378525972366333,849,108799,0.3700365700733774,1.2064223495721342,0.4377242607630683,0.24872478737367068,0.7894432597813464,0.28709228173267193,0.21444029672138845,0.6049923640199851,0.26018914509287283,0.21607772371123757,0.6009567132968668,0.2783303509132338,0.2318849370111746,0.7508670063737557,0.3010096482559287
0.18378911912441254,0.18378911912441254,850,108927,,,,,,,,,,,,,,,
0.1844666451215744,0.1844666451215744,851,109055,,,,,,,,,,,,,,,
0.1845848113298416,0.1845848113298416,852,109183,,,,,,,,,,,,,,,
0.18400175869464874,0.18400175869464874,853,109311,,,,,,,,,,,,,,,
0.18368230760097504,0.18368230760097504,854,109439,,,,,,,,,,,,,,,
0.18213820457458496,0.18213820457458496,855,109567,,,,,,,,,,,,,,,
0.18459129333496094,0.18459129333496094,856,109695,,,,,,,,,,,,,,,
0.18368005752563477,0.18368005752563477,857,109823,,,,,,,,,,,,,,,
0.18304140865802765,0.18304140865802765,858,109951,,,,,,,,,,,,,,,
0.18405161798000336,0.18405161798000336,859,110079,,,,,,,,,,,,,,,
0.1845410168170929,0.1845410168170929,860,110207,,,,,,,,,,,,,,,
0.18232527375221252,0.18232527375221252,861,110335,,,,,,,,,,,,,,,
0.18374189734458923,0.18374189734458923,862,110463,,,,,,,,,,,,,,,
0.18417975306510925,0.18417975306510925,863,110591,,,,,,,,,,,,,,,
0.1816888302564621,0.1816888302564621,864,110719,,,,,,,,,,,,,,,
0.18240892887115479,0.18240892887115479,865,110847,,,,,,,,,,,,,,,
0.18381595611572266,0.18381595611572266,866,110975,,,,,,,,,,,,,,,
0.18342576920986176,0.18342576920986176,867,111103,,,,,,,,,,,,,,,
0.18673940002918243,0.18673940002918243,868,111231,,,,,,,,,,,,,,,
0.18440155684947968,0.18440155684947968,869,111359,,,,,,,,,,,,,,,
0.18536725640296936,0.18536725640296936,870,111487,,,,,,,,,,,,,,,
0.18288005888462067,0.18288005888462067,871,111615,,,,,,,,,,,,,,,
0.18244795501232147,0.18244795501232147,872,111743,,,,,,,,,,,,,,,
0.18460507690906525,0.18460507690906525,873,111871,,,,,,,,,,,,,,,
0.1857733577489853,0.1857733577489853,874,111999,,,,,,,,,,,,,,,
0.1840248554944992,0.1840248554944992,875,112127,,,,,,,,,,,,,,,
0.18338274955749512,0.18338274955749512,876,112255,,,,,,,,,,,,,,,
0.18307356536388397,0.18307356536388397,877,112383,,,,,,,,,,,,,,,
0.1848944127559662,0.1848944127559662,878,112511,,,,,,,,,,,,,,,
0.18266695737838745,0.18266695737838745,879,112639,,,,,,,,,,,,,,,
0.18337751924991608,0.18337751924991608,880,112767,,,,,,,,,,,,,,,
0.18264970183372498,0.18264970183372498,881,112895,,,,,,,,,,,,,,,
0.18221810460090637,0.18221810460090637,882,113023,,,,,,,,,,,,,,,
0.18164120614528656,0.18164120614528656,883,113151,,,,,,,,,,,,,,,
0.18411272764205933,0.18411272764205933,884,113279,,,,,,,,,,,,,,,
0.18506194651126862,0.18506194651126862,885,113407,,,,,,,,,,,,,,,
0.18341103196144104,0.18341103196144104,886,113535,,,,,,,,,,,,,,,
0.1839129477739334,0.1839129477739334,887,113663,,,,,,,,,,,,,,,
0.18295936286449432,0.18295936286449432,888,113791,,,,,,,,,,,,,,,
0.18278680741786957,0.18278680741786957,889,113919,,,,,,,,,,,,,,,
0.18271464109420776,0.18271464109420776,890,114047,,,,,,,,,,,,,,,
0.18294338881969452,0.18294338881969452,891,114175,,,,,,,,,,,,,,,
0.18240633606910706,0.18240633606910706,892,114303,,,,,,,,,,,,,,,
0.18474198877811432,0.18474198877811432,893,114431,,,,,,,,,,,,,,,
0.1819448471069336,0.1819448471069336,894,114559,,,,,,,,,,,,,,,
0.18259526789188385,0.18259526789188385,895,114687,,,,,,,,,,,,,,,
0.1825910359621048,0.1825910359621048,896,114815,,,,,,,,,,,,,,,
0.18137526512145996,0.18137526512145996,897,114943,,,,,,,,,,,,,,,
0.18350601196289062,0.18350601196289062,898,115071,,,,,,,,,,,,,,,
0.1823960542678833,0.1823960542678833,899,115199,0.27402272711377457,0.9129668828272827,0.3149812554326659,0.2290900506356717,0.6576805705752315,0.2810682099529702,0.22757702221356757,0.6243602169642304,0.29967314936854494,0.2323657645802217,0.6729169454229478,0.31001480210597254,0.24704371508897185,0.8100037017993944,0.3299639605881568
0.18403661251068115,0.18403661251068115,900,115327,,,,,,,,,,,,,,,
0.1820908486843109,0.1820908486843109,901,115455,,,,,,,,,,,,,,,
0.1835702806711197,0.1835702806711197,902,115583,,,,,,,,,,,,,,,
0.18257130682468414,0.18257130682468414,903,115711,,,,,,,,,,,,,,,
0.18186438083648682,0.18186438083648682,904,115839,,,,,,,,,,,,,,,
0.18401722609996796,0.18401722609996796,905,115967,,,,,,,,,,,,,,,
0.18295904994010925,0.18295904994010925,906,116095,,,,,,,,,,,,,,,
0.18279865384101868,0.18279865384101868,907,116223,,,,,,,,,,,,,,,
0.18454428017139435,0.18454428017139435,908,116351,,,,,,,,,,,,,,,
0.18340562283992767,0.18340562283992767,909,116479,,,,,,,,,,,,,,,
0.1825416386127472,0.1825416386127472,910,116607,,,,,,,,,,,,,,,
0.1834651678800583,0.1834651678800583,911,116735,,,,,,,,,,,,,,,
0.18254336714744568,0.18254336714744568,912,116863,,,,,,,,,,,,,,,
0.18212220072746277,0.18212220072746277,913,116991,,,,,,,,,,,,,,,
0.18086057901382446,0.18086057901382446,914,117119,,,,,,,,,,,,,,,
0.18364126980304718,0.18364126980304718,915,117247,,,,,,,,,,,,,,,
0.18266955018043518,0.18266955018043518,916,117375,,,,,,,,,,,,,,,
0.18104249238967896,0.18104249238967896,917,117503,,,,,,,,,,,,,,,
0.1843843013048172,0.1843843013048172,918,117631,,,,,,,,,,,,,,,
0.1823355108499527,0.1823355108499527,919,117759,,,,,,,,,,,,,,,
0.1806827336549759,0.1806827336549759,920,117887,,,,,,,,,,,,,,,
0.1840507686138153,0.1840507686138153,921,118015,,,,,,,,,,,,,,,
0.18237027525901794,0.18237027525901794,922,118143,,,,,,,,,,,,,,,
0.18065211176872253,0.18065211176872253,923,118271,,,,,,,,,,,,,,,
0.18479976058006287,0.18479976058006287,924,118399,,,,,,,,,,,,,,,
0.18207807838916779,0.18207807838916779,925,118527,,,,,,,,,,,,,,,
0.1833689659833908,0.1833689659833908,926,118655,,,,,,,,,,,,,,,
0.18214240670204163,0.18214240670204163,927,118783,,,,,,,,,,,,,,,
0.18472115695476532,0.18472115695476532,928,118911,,,,,,,,,,,,,,,
0.1825629025697708,0.1825629025697708,929,119039,,,,,,,,,,,,,,,
0.18319237232208252,0.18319237232208252,930,119167,,,,,,,,,,,,,,,
0.18123728036880493,0.18123728036880493,931,119295,,,,,,,,,,,,,,,
0.18190939724445343,0.18190939724445343,932,119423,,,,,,,,,,,,,,,
0.18423090875148773,0.18423090875148773,933,119551,,,,,,,,,,,,,,,
0.18348737061023712,0.18348737061023712,934,119679,,,,,,,,,,,,,,,
0.18130359053611755,0.18130359053611755,935,119807,,,,,,,,,,,,,,,
0.18031837046146393,0.18031837046146393,936,119935,,,,,,,,,,,,,,,
0.18140994012355804,0.18140994012355804,937,120063,,,,,,,,,,,,,,,
0.18311254680156708,0.18311254680156708,938,120191,,,,,,,,,,,,,,,
0.1821361482143402,0.1821361482143402,939,120319,,,,,,,,,,,,,,,
0.1836281567811966,0.1836281567811966,940,120447,,,,,,,,,,,,,,,
0.18092872202396393,0.18092872202396393,941,120575,,,,,,,,,,,,,,,
0.18354663252830505,0.18354663252830505,942,120703,,,,,,,,,,,,,,,
0.18242691457271576,0.18242691457271576,943,120831,,,,,,,,,,,,,,,
0.18227294087409973,0.18227294087409973,944,120959,,,,,,,,,,,,,,,
0.18159137666225433,0.18159137666225433,945,121087,,,,,,,,,,,,,,,
0.18479356169700623,0.18479356169700623,946,121215,,,,,,,,,,,,,,,
0.18382695317268372,0.18382695317268372,947,121343,,,,,,,,,,,,,,,
0.1826438307762146,0.1826438307762146,948,121471,,,,,,,,,,,,,,,
0.18349981307983398,0.18349981307983398,949,121599,0.2888939214924215,0.9899805185248243,0.33424703660484706,0.223195425721476,0.6729216915452354,0.2661971789159061,0.2131615908322549,0.5853012478404882,0.2707012053279721,0.22299687953771213,0.6436580346659696,0.2951585299948715,0.2364244794608591,0.7317715511704525,0.31341035191012384
0.18416142463684082,0.18416142463684082,950,121727,,,,,,,,,,,,,,,
0.1823112666606903,0.1823112666606903,951,121855,,,,,,,,,,,,,,,
0.18176615238189697,0.18176615238189697,952,121983,,,,,,,,,,,,,,,
0.1821965128183365,0.1821965128183365,953,122111,,,,,,,,,,,,,,,
0.18181051313877106,0.18181051313877106,954,122239,,,,,,,,,,,,,,,
0.17998768389225006,0.17998768389225006,955,122367,,,,,,,,,,,,,,,
0.18295824527740479,0.18295824527740479,956,122495,,,,,,,,,,,,,,,
0.1810573935508728,0.1810573935508728,957,122623,,,,,,,,,,,,,,,
0.18267302215099335,0.18267302215099335,958,122751,,,,,,,,,,,,,,,
0.18176589906215668,0.18176589906215668,959,122879,,,,,,,,,,,,,,,
0.18305660784244537,0.18305660784244537,960,123007,,,,,,,,,,,,,,,
0.18049044907093048,0.18049044907093048,961,123135,,,,,,,,,,,,,,,
0.18188558518886566,0.18188558518886566,962,123263,,,,,,,,,,,,,,,
0.18137098848819733,0.18137098848819733,963,123391,,,,,,,,,,,,,,,
0.18497997522354126,0.18497997522354126,964,123519,,,,,,,,,,,,,,,
0.18321813642978668,0.18321813642978668,965,123647,,,,,,,,,,,,,,,
0.1795882284641266,0.1795882284641266,966,123775,,,,,,,,,,,,,,,
0.17978158593177795,0.17978158593177795,967,123903,,,,,,,,,,,,,,,
0.18138228356838226,0.18138228356838226,968,124031,,,,,,,,,,,,,,,
0.18065735697746277,0.18065735697746277,969,124159,,,,,,,,,,,,,,,
0.1816827654838562,0.1816827654838562,970,124287,,,,,,,,,,,,,,,
0.1826583445072174,0.1826583445072174,971,124415,,,,,,,,,,,,,,,
0.18054938316345215,0.18054938316345215,972,124543,,,,,,,,,,,,,,,
0.18351007997989655,0.18351007997989655,973,124671,,,,,,,,,,,,,,,
0.18039590120315552,0.18039590120315552,974,124799,,,,,,,,,,,,,,,
0.17952878773212433,0.17952878773212433,975,124927,,,,,,,,,,,,,,,
0.1815420240163803,0.1815420240163803,976,125055,,,,,,,,,,,,,,,
0.18236364424228668,0.18236364424228668,977,125183,,,,,,,,,,,,,,,
0.1801530122756958,0.1801530122756958,978,125311,,,,,,,,,,,,,,,
0.18096241354942322,0.18096241354942322,979,125439,,,,,,,,,,,,,,,
0.18192902207374573,0.18192902207374573,980,125567,,,,,,,,,,,,,,,
0.1806403547525406,0.1806403547525406,981,125695,,,,,,,,,,,,,,,
0.18055695295333862,0.18055695295333862,982,125823,,,,,,,,,,,,,,,
0.18033064901828766,0.18033064901828766,983,125951,,,,,,,,,,,,,,,
0.17994487285614014,0.17994487285614014,984,126079,,,,,,,,,,,,,,,
0.18113857507705688,0.18113857507705688,985,126207,,,,,,,,,,,,,,,
0.1811022162437439,0.1811022162437439,986,126335,,,,,,,,,,,,,,,
0.18021883070468903,0.18021883070468903,987,126463,,,,,,,,,,,,,,,
0.1793191134929657,0.1793191134929657,988,126591,,,,,,,,,,,,,,,
0.18235290050506592,0.18235290050506592,989,126719,,,,,,,,,,,,,,,
0.18253479897975922,0.18253479897975922,990,126847,,,,,,,,,,,,,,,
0.17975255846977234,0.17975255846977234,991,126975,,,,,,,,,,,,,,,
0.179824560880661,0.179824560880661,992,127103,,,,,,,,,,,,,,,
0.1807522177696228,0.1807522177696228,993,127231,,,,,,,,,,,,,,,
0.1799609512090683,0.1799609512090683,994,127359,,,,,,,,,,,,,,,
0.18273887038230896,0.18273887038230896,995,127487,,,,,,,,,,,,,,,
0.17852894961833954,0.17852894961833954,996,127615,,,,,,,,,,,,,,,
0.18228445947170258,0.18228445947170258,997,127743,,,,,,,,,,,,,,,
0.1811971217393875,0.1811971217393875,998,127871,,,,,,,,,,,,,,,
0.18190985918045044,0.18190985918045044,999,127999,0.3403794190061952,1.1217677407975757,0.39587748972993236,0.23687509767722467,0.7170115017727237,0.26817898264996565,0.2181272616865605,0.6054307601187423,0.2728810067051913,0.21766131903088937,0.6093731570279113,0.2846384582232301,0.22976173705795533,0.7323035292916992,0.29970191758193276
