train_loss,train_elbo_loss,epoch,step,val_ND_2.0,val_CRPS_2.0,val_NRMSE_2.0,val_ND_4.0,val_CRPS_4.0,val_NRMSE_4.0,val_ND_8.0,val_CRPS_8.0,val_NRMSE_8.0,val_ND_16.0,val_CRPS_16.0,val_NRMSE_16.0,val_ND_24.0,val_CRPS_24.0,val_NRMSE_24.0,val_ND_32.0,val_CRPS_32.0,val_NRMSE_32.0,val_ND_48.0,val_CRPS_48.0,val_NRMSE_48.0,val_ND_64.0,val_CRPS_64.0,val_NRMSE_64.0
0.5530717372894287,0.5530717372894287,0,127,,,,,,,,,,,,,,,,,,,,,,,,
0.3212445378303528,0.3212445378303528,1,255,,,,,,,,,,,,,,,,,,,,,,,,
0.27342212200164795,0.27342212200164795,2,383,,,,,,,,,,,,,,,,,,,,,,,,
0.2504284679889679,0.2504284679889679,3,511,,,,,,,,,,,,,,,,,,,,,,,,
0.23709768056869507,0.23709768056869507,4,639,,,,,,,,,,,,,,,,,,,,,,,,
0.2251642942428589,0.2251642942428589,5,767,,,,,,,,,,,,,,,,,,,,,,,,
0.2150726020336151,0.2150726020336151,6,895,,,,,,,,,,,,,,,,,,,,,,,,
0.2078232616186142,0.2078232616186142,7,1023,,,,,,,,,,,,,,,,,,,,,,,,
0.20423638820648193,0.20423638820648193,8,1151,,,,,,,,,,,,,,,,,,,,,,,,
0.20031008124351501,0.20031008124351501,9,1279,,,,,,,,,,,,,,,,,,,,,,,,
0.19686436653137207,0.19686436653137207,10,1407,,,,,,,,,,,,,,,,,,,,,,,,
0.190840944647789,0.190840944647789,11,1535,,,,,,,,,,,,,,,,,,,,,,,,
0.19115667045116425,0.19115667045116425,12,1663,,,,,,,,,,,,,,,,,,,,,,,,
0.1872660517692566,0.1872660517692566,13,1791,,,,,,,,,,,,,,,,,,,,,,,,
0.1821182519197464,0.1821182519197464,14,1919,,,,,,,,,,,,,,,,,,,,,,,,
0.181720569729805,0.181720569729805,15,2047,,,,,,,,,,,,,,,,,,,,,,,,
0.17866870760917664,0.17866870760917664,16,2175,,,,,,,,,,,,,,,,,,,,,,,,
0.177059605717659,0.177059605717659,17,2303,,,,,,,,,,,,,,,,,,,,,,,,
0.17717841267585754,0.17717841267585754,18,2431,,,,,,,,,,,,,,,,,,,,,,,,
0.17420630156993866,0.17420630156993866,19,2559,,,,,,,,,,,,,,,,,,,,,,,,
0.17319165170192719,0.17319165170192719,20,2687,,,,,,,,,,,,,,,,,,,,,,,,
0.17089541256427765,0.17089541256427765,21,2815,,,,,,,,,,,,,,,,,,,,,,,,
0.17029106616973877,0.17029106616973877,22,2943,,,,,,,,,,,,,,,,,,,,,,,,
0.17122182250022888,0.17122182250022888,23,3071,,,,,,,,,,,,,,,,,,,,,,,,
0.16842754185199738,0.16842754185199738,24,3199,,,,,,,,,,,,,,,,,,,,,,,,
0.1652674823999405,0.1652674823999405,25,3327,,,,,,,,,,,,,,,,,,,,,,,,
0.1643657386302948,0.1643657386302948,26,3455,,,,,,,,,,,,,,,,,,,,,,,,
0.1633739322423935,0.1633739322423935,27,3583,,,,,,,,,,,,,,,,,,,,,,,,
0.16304364800453186,0.16304364800453186,28,3711,,,,,,,,,,,,,,,,,,,,,,,,
0.15923169255256653,0.15923169255256653,29,3839,,,,,,,,,,,,,,,,,,,,,,,,
0.1589278280735016,0.1589278280735016,30,3967,,,,,,,,,,,,,,,,,,,,,,,,
0.15754278004169464,0.15754278004169464,31,4095,,,,,,,,,,,,,,,,,,,,,,,,
0.15938882529735565,0.15938882529735565,32,4223,,,,,,,,,,,,,,,,,,,,,,,,
0.1571001559495926,0.1571001559495926,33,4351,,,,,,,,,,,,,,,,,,,,,,,,
0.15584605932235718,0.15584605932235718,34,4479,,,,,,,,,,,,,,,,,,,,,,,,
0.15802328288555145,0.15802328288555145,35,4607,,,,,,,,,,,,,,,,,,,,,,,,
0.15529456734657288,0.15529456734657288,36,4735,,,,,,,,,,,,,,,,,,,,,,,,
0.1535947471857071,0.1535947471857071,37,4863,,,,,,,,,,,,,,,,,,,,,,,,
0.15191036462783813,0.15191036462783813,38,4991,,,,,,,,,,,,,,,,,,,,,,,,
0.15106402337551117,0.15106402337551117,39,5119,,,,,,,,,,,,,,,,,,,,,,,,
0.1512274444103241,0.1512274444103241,40,5247,,,,,,,,,,,,,,,,,,,,,,,,
0.15241648256778717,0.15241648256778717,41,5375,,,,,,,,,,,,,,,,,,,,,,,,
0.14777441322803497,0.14777441322803497,42,5503,,,,,,,,,,,,,,,,,,,,,,,,
0.15065422654151917,0.15065422654151917,43,5631,,,,,,,,,,,,,,,,,,,,,,,,
0.1517351120710373,0.1517351120710373,44,5759,,,,,,,,,,,,,,,,,,,,,,,,
0.14805282652378082,0.14805282652378082,45,5887,,,,,,,,,,,,,,,,,,,,,,,,
0.14970067143440247,0.14970067143440247,46,6015,,,,,,,,,,,,,,,,,,,,,,,,
0.14799949526786804,0.14799949526786804,47,6143,,,,,,,,,,,,,,,,,,,,,,,,
0.14795148372650146,0.14795148372650146,48,6271,,,,,,,,,,,,,,,,,,,,,,,,
0.14603637158870697,0.14603637158870697,49,6399,0.6568015068635003,0.5216153400753532,1.2400619921914056,0.6961725775853392,0.5473004111257891,1.3135973084898942,0.789925015883971,0.6372973847414924,1.5019418524563868,0.9289972930959103,0.7813081146172465,1.7787679402073644,1.0395867377395875,0.8947256424178486,2.0097100261840484,1.1303625371933095,0.9800217047975688,2.1976102060548772,1.2311025378486995,1.0529106663455372,2.419655980236865,1.2660080267906972,1.0993409938819207,2.636933037324673
0.14471225440502167,0.14471225440502167,50,6527,,,,,,,,,,,,,,,,,,,,,,,,
0.14557196199893951,0.14557196199893951,51,6655,,,,,,,,,,,,,,,,,,,,,,,,
0.14733640849590302,0.14733640849590302,52,6783,,,,,,,,,,,,,,,,,,,,,,,,
0.14702649414539337,0.14702649414539337,53,6911,,,,,,,,,,,,,,,,,,,,,,,,
0.14297521114349365,0.14297521114349365,54,7039,,,,,,,,,,,,,,,,,,,,,,,,
0.14668694138526917,0.14668694138526917,55,7167,,,,,,,,,,,,,,,,,,,,,,,,
0.1447402387857437,0.1447402387857437,56,7295,,,,,,,,,,,,,,,,,,,,,,,,
0.1425415724515915,0.1425415724515915,57,7423,,,,,,,,,,,,,,,,,,,,,,,,
0.1444687694311142,0.1444687694311142,58,7551,,,,,,,,,,,,,,,,,,,,,,,,
0.14360588788986206,0.14360588788986206,59,7679,,,,,,,,,,,,,,,,,,,,,,,,
0.14473281800746918,0.14473281800746918,60,7807,,,,,,,,,,,,,,,,,,,,,,,,
0.1411847323179245,0.1411847323179245,61,7935,,,,,,,,,,,,,,,,,,,,,,,,
0.1424243003129959,0.1424243003129959,62,8063,,,,,,,,,,,,,,,,,,,,,,,,
0.13988280296325684,0.13988280296325684,63,8191,,,,,,,,,,,,,,,,,,,,,,,,
0.1401149481534958,0.1401149481534958,64,8319,,,,,,,,,,,,,,,,,,,,,,,,
0.1391727775335312,0.1391727775335312,65,8447,,,,,,,,,,,,,,,,,,,,,,,,
0.14020602405071259,0.14020602405071259,66,8575,,,,,,,,,,,,,,,,,,,,,,,,
0.1382812261581421,0.1382812261581421,67,8703,,,,,,,,,,,,,,,,,,,,,,,,
0.1418651044368744,0.1418651044368744,68,8831,,,,,,,,,,,,,,,,,,,,,,,,
0.14086422324180603,0.14086422324180603,69,8959,,,,,,,,,,,,,,,,,,,,,,,,
0.13745105266571045,0.13745105266571045,70,9087,,,,,,,,,,,,,,,,,,,,,,,,
0.13733647763729095,0.13733647763729095,71,9215,,,,,,,,,,,,,,,,,,,,,,,,
0.1373254805803299,0.1373254805803299,72,9343,,,,,,,,,,,,,,,,,,,,,,,,
0.1390925794839859,0.1390925794839859,73,9471,,,,,,,,,,,,,,,,,,,,,,,,
0.13863299787044525,0.13863299787044525,74,9599,,,,,,,,,,,,,,,,,,,,,,,,
0.1357300579547882,0.1357300579547882,75,9727,,,,,,,,,,,,,,,,,,,,,,,,
0.13801425695419312,0.13801425695419312,76,9855,,,,,,,,,,,,,,,,,,,,,,,,
0.13515587151050568,0.13515587151050568,77,9983,,,,,,,,,,,,,,,,,,,,,,,,
0.13452205061912537,0.13452205061912537,78,10111,,,,,,,,,,,,,,,,,,,,,,,,
0.13452929258346558,0.13452929258346558,79,10239,,,,,,,,,,,,,,,,,,,,,,,,
0.1359434723854065,0.1359434723854065,80,10367,,,,,,,,,,,,,,,,,,,,,,,,
0.13480347394943237,0.13480347394943237,81,10495,,,,,,,,,,,,,,,,,,,,,,,,
0.1349921077489853,0.1349921077489853,82,10623,,,,,,,,,,,,,,,,,,,,,,,,
0.13412638008594513,0.13412638008594513,83,10751,,,,,,,,,,,,,,,,,,,,,,,,
0.13589748740196228,0.13589748740196228,84,10879,,,,,,,,,,,,,,,,,,,,,,,,
0.1324319839477539,0.1324319839477539,85,11007,,,,,,,,,,,,,,,,,,,,,,,,
0.1330692619085312,0.1330692619085312,86,11135,,,,,,,,,,,,,,,,,,,,,,,,
0.13421392440795898,0.13421392440795898,87,11263,,,,,,,,,,,,,,,,,,,,,,,,
0.13311004638671875,0.13311004638671875,88,11391,,,,,,,,,,,,,,,,,,,,,,,,
0.13103222846984863,0.13103222846984863,89,11519,,,,,,,,,,,,,,,,,,,,,,,,
0.1319429874420166,0.1319429874420166,90,11647,,,,,,,,,,,,,,,,,,,,,,,,
0.13398848474025726,0.13398848474025726,91,11775,,,,,,,,,,,,,,,,,,,,,,,,
0.13250809907913208,0.13250809907913208,92,11903,,,,,,,,,,,,,,,,,,,,,,,,
0.13252484798431396,0.13252484798431396,93,12031,,,,,,,,,,,,,,,,,,,,,,,,
0.1321663111448288,0.1321663111448288,94,12159,,,,,,,,,,,,,,,,,,,,,,,,
0.1334732323884964,0.1334732323884964,95,12287,,,,,,,,,,,,,,,,,,,,,,,,
0.13246290385723114,0.13246290385723114,96,12415,,,,,,,,,,,,,,,,,,,,,,,,
0.13319306075572968,0.13319306075572968,97,12543,,,,,,,,,,,,,,,,,,,,,,,,
0.1307452768087387,0.1307452768087387,98,12671,,,,,,,,,,,,,,,,,,,,,,,,
0.130686953663826,0.130686953663826,99,12799,0.6732750742548016,0.5338510978185768,1.2782728581478948,0.7243564151486499,0.567150059808569,1.370978591927941,0.7908869240023343,0.6294365046914512,1.4980313515637806,0.902343775760378,0.7525506795929379,1.7374337534354354,1.003588801724623,0.8640055873145611,1.967629744619438,1.0894568924362174,0.9424247555096336,2.1422738941632646,1.196779788870772,1.0098220741624513,2.3422924899764683,1.2564664925894804,1.0789026389621346,2.5846911383652595
0.13092143833637238,0.13092143833637238,100,12927,,,,,,,,,,,,,,,,,,,,,,,,
0.13125847280025482,0.13125847280025482,101,13055,,,,,,,,,,,,,,,,,,,,,,,,
0.12991513311862946,0.12991513311862946,102,13183,,,,,,,,,,,,,,,,,,,,,,,,
0.12885256111621857,0.12885256111621857,103,13311,,,,,,,,,,,,,,,,,,,,,,,,
0.1291591078042984,0.1291591078042984,104,13439,,,,,,,,,,,,,,,,,,,,,,,,
0.12894034385681152,0.12894034385681152,105,13567,,,,,,,,,,,,,,,,,,,,,,,,
0.13047796487808228,0.13047796487808228,106,13695,,,,,,,,,,,,,,,,,,,,,,,,
0.13028791546821594,0.13028791546821594,107,13823,,,,,,,,,,,,,,,,,,,,,,,,
0.12798276543617249,0.12798276543617249,108,13951,,,,,,,,,,,,,,,,,,,,,,,,
0.12864504754543304,0.12864504754543304,109,14079,,,,,,,,,,,,,,,,,,,,,,,,
0.12816652655601501,0.12816652655601501,110,14207,,,,,,,,,,,,,,,,,,,,,,,,
0.12848487496376038,0.12848487496376038,111,14335,,,,,,,,,,,,,,,,,,,,,,,,
0.12856027483940125,0.12856027483940125,112,14463,,,,,,,,,,,,,,,,,,,,,,,,
0.1283940076828003,0.1283940076828003,113,14591,,,,,,,,,,,,,,,,,,,,,,,,
0.12910892069339752,0.12910892069339752,114,14719,,,,,,,,,,,,,,,,,,,,,,,,
0.1266627460718155,0.1266627460718155,115,14847,,,,,,,,,,,,,,,,,,,,,,,,
0.1285708099603653,0.1285708099603653,116,14975,,,,,,,,,,,,,,,,,,,,,,,,
0.12586192786693573,0.12586192786693573,117,15103,,,,,,,,,,,,,,,,,,,,,,,,
0.12764567136764526,0.12764567136764526,118,15231,,,,,,,,,,,,,,,,,,,,,,,,
0.12729506194591522,0.12729506194591522,119,15359,,,,,,,,,,,,,,,,,,,,,,,,
0.1271267831325531,0.1271267831325531,120,15487,,,,,,,,,,,,,,,,,,,,,,,,
0.12664644420146942,0.12664644420146942,121,15615,,,,,,,,,,,,,,,,,,,,,,,,
0.12691166996955872,0.12691166996955872,122,15743,,,,,,,,,,,,,,,,,,,,,,,,
0.12614688277244568,0.12614688277244568,123,15871,,,,,,,,,,,,,,,,,,,,,,,,
0.12481334805488586,0.12481334805488586,124,15999,,,,,,,,,,,,,,,,,,,,,,,,
0.12535621225833893,0.12535621225833893,125,16127,,,,,,,,,,,,,,,,,,,,,,,,
0.12572816014289856,0.12572816014289856,126,16255,,,,,,,,,,,,,,,,,,,,,,,,
0.12619422376155853,0.12619422376155853,127,16383,,,,,,,,,,,,,,,,,,,,,,,,
0.12488730996847153,0.12488730996847153,128,16511,,,,,,,,,,,,,,,,,,,,,,,,
0.12243930995464325,0.12243930995464325,129,16639,,,,,,,,,,,,,,,,,,,,,,,,
0.12573286890983582,0.12573286890983582,130,16767,,,,,,,,,,,,,,,,,,,,,,,,
0.12541484832763672,0.12541484832763672,131,16895,,,,,,,,,,,,,,,,,,,,,,,,
0.12633900344371796,0.12633900344371796,132,17023,,,,,,,,,,,,,,,,,,,,,,,,
0.12617456912994385,0.12617456912994385,133,17151,,,,,,,,,,,,,,,,,,,,,,,,
0.12351075559854507,0.12351075559854507,134,17279,,,,,,,,,,,,,,,,,,,,,,,,
0.12298501282930374,0.12298501282930374,135,17407,,,,,,,,,,,,,,,,,,,,,,,,
0.12512162327766418,0.12512162327766418,136,17535,,,,,,,,,,,,,,,,,,,,,,,,
0.12320089340209961,0.12320089340209961,137,17663,,,,,,,,,,,,,,,,,,,,,,,,
0.12476938962936401,0.12476938962936401,138,17791,,,,,,,,,,,,,,,,,,,,,,,,
0.12277679145336151,0.12277679145336151,139,17919,,,,,,,,,,,,,,,,,,,,,,,,
0.12416640669107437,0.12416640669107437,140,18047,,,,,,,,,,,,,,,,,,,,,,,,
0.12443700432777405,0.12443700432777405,141,18175,,,,,,,,,,,,,,,,,,,,,,,,
0.1218675896525383,0.1218675896525383,142,18303,,,,,,,,,,,,,,,,,,,,,,,,
0.12420865148305893,0.12420865148305893,143,18431,,,,,,,,,,,,,,,,,,,,,,,,
0.1234963983297348,0.1234963983297348,144,18559,,,,,,,,,,,,,,,,,,,,,,,,
0.1223808005452156,0.1223808005452156,145,18687,,,,,,,,,,,,,,,,,,,,,,,,
0.12277723848819733,0.12277723848819733,146,18815,,,,,,,,,,,,,,,,,,,,,,,,
0.12149709463119507,0.12149709463119507,147,18943,,,,,,,,,,,,,,,,,,,,,,,,
0.12225720286369324,0.12225720286369324,148,19071,,,,,,,,,,,,,,,,,,,,,,,,
0.12282323837280273,0.12282323837280273,149,19199,0.6237276906057638,0.5080642025759805,1.3132014903590086,0.6452246314871345,0.5039712429053391,1.2798954134076552,0.6959683315435385,0.5377333395655216,1.3220306232304395,0.7967417873208277,0.6315755734504315,1.4979909539202385,0.8797375185245075,0.7235525782728286,1.6760765791007193,0.991418985332975,0.838404811786894,1.9173196252604336,1.0965628842748798,0.929729916575736,2.147718190557744,1.148182622367051,0.9834081066744889,2.347969413648029
0.12094221264123917,0.12094221264123917,150,19327,,,,,,,,,,,,,,,,,,,,,,,,
0.12187536060810089,0.12187536060810089,151,19455,,,,,,,,,,,,,,,,,,,,,,,,
0.12183205038309097,0.12183205038309097,152,19583,,,,,,,,,,,,,,,,,,,,,,,,
0.1216733455657959,0.1216733455657959,153,19711,,,,,,,,,,,,,,,,,,,,,,,,
0.12138137221336365,0.12138137221336365,154,19839,,,,,,,,,,,,,,,,,,,,,,,,
0.12134471535682678,0.12134471535682678,155,19967,,,,,,,,,,,,,,,,,,,,,,,,
0.12005697190761566,0.12005697190761566,156,20095,,,,,,,,,,,,,,,,,,,,,,,,
0.12231036275625229,0.12231036275625229,157,20223,,,,,,,,,,,,,,,,,,,,,,,,
0.12118900567293167,0.12118900567293167,158,20351,,,,,,,,,,,,,,,,,,,,,,,,
0.11963669210672379,0.11963669210672379,159,20479,,,,,,,,,,,,,,,,,,,,,,,,
0.12087179720401764,0.12087179720401764,160,20607,,,,,,,,,,,,,,,,,,,,,,,,
0.12277257442474365,0.12277257442474365,161,20735,,,,,,,,,,,,,,,,,,,,,,,,
0.12096528708934784,0.12096528708934784,162,20863,,,,,,,,,,,,,,,,,,,,,,,,
0.122768335044384,0.122768335044384,163,20991,,,,,,,,,,,,,,,,,,,,,,,,
0.12063398957252502,0.12063398957252502,164,21119,,,,,,,,,,,,,,,,,,,,,,,,
0.1186961680650711,0.1186961680650711,165,21247,,,,,,,,,,,,,,,,,,,,,,,,
0.12031279504299164,0.12031279504299164,166,21375,,,,,,,,,,,,,,,,,,,,,,,,
0.12103452533483505,0.12103452533483505,167,21503,,,,,,,,,,,,,,,,,,,,,,,,
0.11882287263870239,0.11882287263870239,168,21631,,,,,,,,,,,,,,,,,,,,,,,,
0.12068195641040802,0.12068195641040802,169,21759,,,,,,,,,,,,,,,,,,,,,,,,
0.11815206706523895,0.11815206706523895,170,21887,,,,,,,,,,,,,,,,,,,,,,,,
0.1183912456035614,0.1183912456035614,171,22015,,,,,,,,,,,,,,,,,,,,,,,,
0.11812572926282883,0.11812572926282883,172,22143,,,,,,,,,,,,,,,,,,,,,,,,
0.12015977501869202,0.12015977501869202,173,22271,,,,,,,,,,,,,,,,,,,,,,,,
0.11818903684616089,0.11818903684616089,174,22399,,,,,,,,,,,,,,,,,,,,,,,,
0.12050832808017731,0.12050832808017731,175,22527,,,,,,,,,,,,,,,,,,,,,,,,
0.11841350793838501,0.11841350793838501,176,22655,,,,,,,,,,,,,,,,,,,,,,,,
0.11779946088790894,0.11779946088790894,177,22783,,,,,,,,,,,,,,,,,,,,,,,,
0.11966855078935623,0.11966855078935623,178,22911,,,,,,,,,,,,,,,,,,,,,,,,
0.1189626008272171,0.1189626008272171,179,23039,,,,,,,,,,,,,,,,,,,,,,,,
0.12047470360994339,0.12047470360994339,180,23167,,,,,,,,,,,,,,,,,,,,,,,,
0.11855284124612808,0.11855284124612808,181,23295,,,,,,,,,,,,,,,,,,,,,,,,
0.11939165741205215,0.11939165741205215,182,23423,,,,,,,,,,,,,,,,,,,,,,,,
0.11847829818725586,0.11847829818725586,183,23551,,,,,,,,,,,,,,,,,,,,,,,,
0.11780929565429688,0.11780929565429688,184,23679,,,,,,,,,,,,,,,,,,,,,,,,
0.11801011115312576,0.11801011115312576,185,23807,,,,,,,,,,,,,,,,,,,,,,,,
0.11886296421289444,0.11886296421289444,186,23935,,,,,,,,,,,,,,,,,,,,,,,,
0.11685332655906677,0.11685332655906677,187,24063,,,,,,,,,,,,,,,,,,,,,,,,
0.11922667920589447,0.11922667920589447,188,24191,,,,,,,,,,,,,,,,,,,,,,,,
0.11819978803396225,0.11819978803396225,189,24319,,,,,,,,,,,,,,,,,,,,,,,,
0.11720004677772522,0.11720004677772522,190,24447,,,,,,,,,,,,,,,,,,,,,,,,
0.11753754317760468,0.11753754317760468,191,24575,,,,,,,,,,,,,,,,,,,,,,,,
0.11700849235057831,0.11700849235057831,192,24703,,,,,,,,,,,,,,,,,,,,,,,,
0.11672930419445038,0.11672930419445038,193,24831,,,,,,,,,,,,,,,,,,,,,,,,
0.11906132847070694,0.11906132847070694,194,24959,,,,,,,,,,,,,,,,,,,,,,,,
0.11665342003107071,0.11665342003107071,195,25087,,,,,,,,,,,,,,,,,,,,,,,,
0.11770956963300705,0.11770956963300705,196,25215,,,,,,,,,,,,,,,,,,,,,,,,
0.11622647941112518,0.11622647941112518,197,25343,,,,,,,,,,,,,,,,,,,,,,,,
0.11679857224225998,0.11679857224225998,198,25471,,,,,,,,,,,,,,,,,,,,,,,,
0.11687886714935303,0.11687886714935303,199,25599,0.6603986040302217,0.5276150049963327,1.2816982848204306,0.7319157066021669,0.5678470552070293,1.3721915549681751,0.8354651742557306,0.6555272838102364,1.5594403203359253,1.0049417901704354,0.8300293989809903,1.8878894126289905,1.1693984958811736,1.0088806267879684,2.2120848927277903,1.3254099727822335,1.1727827778679547,2.5120663946859594,1.450494108960353,1.30771401089045,2.811501554304312,1.4907221425533965,1.356283216348941,3.034556095217227
0.11572436988353729,0.11572436988353729,200,25727,,,,,,,,,,,,,,,,,,,,,,,,
0.11803173273801804,0.11803173273801804,201,25855,,,,,,,,,,,,,,,,,,,,,,,,
0.11628594994544983,0.11628594994544983,202,25983,,,,,,,,,,,,,,,,,,,,,,,,
0.1152883768081665,0.1152883768081665,203,26111,,,,,,,,,,,,,,,,,,,,,,,,
0.11421775072813034,0.11421775072813034,204,26239,,,,,,,,,,,,,,,,,,,,,,,,
0.11702731251716614,0.11702731251716614,205,26367,,,,,,,,,,,,,,,,,,,,,,,,
0.11517912149429321,0.11517912149429321,206,26495,,,,,,,,,,,,,,,,,,,,,,,,
0.1167462095618248,0.1167462095618248,207,26623,,,,,,,,,,,,,,,,,,,,,,,,
0.11437737941741943,0.11437737941741943,208,26751,,,,,,,,,,,,,,,,,,,,,,,,
0.1158902570605278,0.1158902570605278,209,26879,,,,,,,,,,,,,,,,,,,,,,,,
0.11829321831464767,0.11829321831464767,210,27007,,,,,,,,,,,,,,,,,,,,,,,,
0.11599626392126083,0.11599626392126083,211,27135,,,,,,,,,,,,,,,,,,,,,,,,
0.1150890588760376,0.1150890588760376,212,27263,,,,,,,,,,,,,,,,,,,,,,,,
0.11568932235240936,0.11568932235240936,213,27391,,,,,,,,,,,,,,,,,,,,,,,,
0.11402979493141174,0.11402979493141174,214,27519,,,,,,,,,,,,,,,,,,,,,,,,
0.11693549156188965,0.11693549156188965,215,27647,,,,,,,,,,,,,,,,,,,,,,,,
0.11590609699487686,0.11590609699487686,216,27775,,,,,,,,,,,,,,,,,,,,,,,,
0.11585121601819992,0.11585121601819992,217,27903,,,,,,,,,,,,,,,,,,,,,,,,
0.11477532237768173,0.11477532237768173,218,28031,,,,,,,,,,,,,,,,,,,,,,,,
0.11508301645517349,0.11508301645517349,219,28159,,,,,,,,,,,,,,,,,,,,,,,,
0.11422130465507507,0.11422130465507507,220,28287,,,,,,,,,,,,,,,,,,,,,,,,
0.11416780948638916,0.11416780948638916,221,28415,,,,,,,,,,,,,,,,,,,,,,,,
0.1138836145401001,0.1138836145401001,222,28543,,,,,,,,,,,,,,,,,,,,,,,,
0.1136070117354393,0.1136070117354393,223,28671,,,,,,,,,,,,,,,,,,,,,,,,
0.11631951481103897,0.11631951481103897,224,28799,,,,,,,,,,,,,,,,,,,,,,,,
0.11527513712644577,0.11527513712644577,225,28927,,,,,,,,,,,,,,,,,,,,,,,,
0.11554411798715591,0.11554411798715591,226,29055,,,,,,,,,,,,,,,,,,,,,,,,
0.11496149748563766,0.11496149748563766,227,29183,,,,,,,,,,,,,,,,,,,,,,,,
0.11764073371887207,0.11764073371887207,228,29311,,,,,,,,,,,,,,,,,,,,,,,,
0.11662298440933228,0.11662298440933228,229,29439,,,,,,,,,,,,,,,,,,,,,,,,
0.11367793381214142,0.11367793381214142,230,29567,,,,,,,,,,,,,,,,,,,,,,,,
0.11470063030719757,0.11470063030719757,231,29695,,,,,,,,,,,,,,,,,,,,,,,,
0.11509294807910919,0.11509294807910919,232,29823,,,,,,,,,,,,,,,,,,,,,,,,
0.11395619809627533,0.11395619809627533,233,29951,,,,,,,,,,,,,,,,,,,,,,,,
0.11576879024505615,0.11576879024505615,234,30079,,,,,,,,,,,,,,,,,,,,,,,,
0.11516288667917252,0.11516288667917252,235,30207,,,,,,,,,,,,,,,,,,,,,,,,
0.11326864361763,0.11326864361763,236,30335,,,,,,,,,,,,,,,,,,,,,,,,
0.11410409212112427,0.11410409212112427,237,30463,,,,,,,,,,,,,,,,,,,,,,,,
0.11274269223213196,0.11274269223213196,238,30591,,,,,,,,,,,,,,,,,,,,,,,,
0.1135990098118782,0.1135990098118782,239,30719,,,,,,,,,,,,,,,,,,,,,,,,
0.11500311642885208,0.11500311642885208,240,30847,,,,,,,,,,,,,,,,,,,,,,,,
0.11363887041807175,0.11363887041807175,241,30975,,,,,,,,,,,,,,,,,,,,,,,,
0.11397918313741684,0.11397918313741684,242,31103,,,,,,,,,,,,,,,,,,,,,,,,
0.11450749635696411,0.11450749635696411,243,31231,,,,,,,,,,,,,,,,,,,,,,,,
0.11359281092882156,0.11359281092882156,244,31359,,,,,,,,,,,,,,,,,,,,,,,,
0.11427541077136993,0.11427541077136993,245,31487,,,,,,,,,,,,,,,,,,,,,,,,
0.11149521917104721,0.11149521917104721,246,31615,,,,,,,,,,,,,,,,,,,,,,,,
0.1145823672413826,0.1145823672413826,247,31743,,,,,,,,,,,,,,,,,,,,,,,,
0.11322683095932007,0.11322683095932007,248,31871,,,,,,,,,,,,,,,,,,,,,,,,
0.11319663375616074,0.11319663375616074,249,31999,0.6256576891038521,0.5069452013925042,1.2875965486407537,0.661831856128484,0.5150039883967439,1.2943138289165343,0.7187613093437287,0.5535610740793379,1.353993042605572,0.8616275084355096,0.6834258903275523,1.6185374585106436,1.0042521796496453,0.8378818884091405,1.9139690692596534,1.1796420864035049,1.0275961201329185,2.262569330725308,1.3312368552781233,1.1940444476989232,2.6301438393577103,1.3824216838995294,1.2463113054068093,2.86837638772266
0.11179571598768234,0.11179571598768234,250,32127,,,,,,,,,,,,,,,,,,,,,,,,
0.1110735535621643,0.1110735535621643,251,32255,,,,,,,,,,,,,,,,,,,,,,,,
0.11457459628582001,0.11457459628582001,252,32383,,,,,,,,,,,,,,,,,,,,,,,,
0.1115947812795639,0.1115947812795639,253,32511,,,,,,,,,,,,,,,,,,,,,,,,
0.11434023827314377,0.11434023827314377,254,32639,,,,,,,,,,,,,,,,,,,,,,,,
0.11358477920293808,0.11358477920293808,255,32767,,,,,,,,,,,,,,,,,,,,,,,,
0.11094930022954941,0.11094930022954941,256,32895,,,,,,,,,,,,,,,,,,,,,,,,
0.11129104346036911,0.11129104346036911,257,33023,,,,,,,,,,,,,,,,,,,,,,,,
0.11192521452903748,0.11192521452903748,258,33151,,,,,,,,,,,,,,,,,,,,,,,,
0.11198212951421738,0.11198212951421738,259,33279,,,,,,,,,,,,,,,,,,,,,,,,
0.11206291615962982,0.11206291615962982,260,33407,,,,,,,,,,,,,,,,,,,,,,,,
0.1133638545870781,0.1133638545870781,261,33535,,,,,,,,,,,,,,,,,,,,,,,,
0.11351454257965088,0.11351454257965088,262,33663,,,,,,,,,,,,,,,,,,,,,,,,
0.11168515682220459,0.11168515682220459,263,33791,,,,,,,,,,,,,,,,,,,,,,,,
0.11273497343063354,0.11273497343063354,264,33919,,,,,,,,,,,,,,,,,,,,,,,,
0.11036312580108643,0.11036312580108643,265,34047,,,,,,,,,,,,,,,,,,,,,,,,
0.11246059834957123,0.11246059834957123,266,34175,,,,,,,,,,,,,,,,,,,,,,,,
0.11154796183109283,0.11154796183109283,267,34303,,,,,,,,,,,,,,,,,,,,,,,,
0.11443611979484558,0.11443611979484558,268,34431,,,,,,,,,,,,,,,,,,,,,,,,
0.11258234083652496,0.11258234083652496,269,34559,,,,,,,,,,,,,,,,,,,,,,,,
0.11365208029747009,0.11365208029747009,270,34687,,,,,,,,,,,,,,,,,,,,,,,,
0.11346057802438736,0.11346057802438736,271,34815,,,,,,,,,,,,,,,,,,,,,,,,
0.1121402159333229,0.1121402159333229,272,34943,,,,,,,,,,,,,,,,,,,,,,,,
0.1117558628320694,0.1117558628320694,273,35071,,,,,,,,,,,,,,,,,,,,,,,,
0.11167743802070618,0.11167743802070618,274,35199,,,,,,,,,,,,,,,,,,,,,,,,
0.11140894889831543,0.11140894889831543,275,35327,,,,,,,,,,,,,,,,,,,,,,,,
0.11117271333932877,0.11117271333932877,276,35455,,,,,,,,,,,,,,,,,,,,,,,,
0.11192800104618073,0.11192800104618073,277,35583,,,,,,,,,,,,,,,,,,,,,,,,
0.11075171828269958,0.11075171828269958,278,35711,,,,,,,,,,,,,,,,,,,,,,,,
0.11060990393161774,0.11060990393161774,279,35839,,,,,,,,,,,,,,,,,,,,,,,,
0.11142401397228241,0.11142401397228241,280,35967,,,,,,,,,,,,,,,,,,,,,,,,
0.11157788336277008,0.11157788336277008,281,36095,,,,,,,,,,,,,,,,,,,,,,,,
0.11024242639541626,0.11024242639541626,282,36223,,,,,,,,,,,,,,,,,,,,,,,,
0.11038264632225037,0.11038264632225037,283,36351,,,,,,,,,,,,,,,,,,,,,,,,
0.11080765724182129,0.11080765724182129,284,36479,,,,,,,,,,,,,,,,,,,,,,,,
0.11249867081642151,0.11249867081642151,285,36607,,,,,,,,,,,,,,,,,,,,,,,,
0.11126026511192322,0.11126026511192322,286,36735,,,,,,,,,,,,,,,,,,,,,,,,
0.11264177411794662,0.11264177411794662,287,36863,,,,,,,,,,,,,,,,,,,,,,,,
0.11161275953054428,0.11161275953054428,288,36991,,,,,,,,,,,,,,,,,,,,,,,,
0.10992833971977234,0.10992833971977234,289,37119,,,,,,,,,,,,,,,,,,,,,,,,
0.1128094419836998,0.1128094419836998,290,37247,,,,,,,,,,,,,,,,,,,,,,,,
0.11076726764440536,0.11076726764440536,291,37375,,,,,,,,,,,,,,,,,,,,,,,,
0.11069667339324951,0.11069667339324951,292,37503,,,,,,,,,,,,,,,,,,,,,,,,
0.11014818400144577,0.11014818400144577,293,37631,,,,,,,,,,,,,,,,,,,,,,,,
0.11198648065328598,0.11198648065328598,294,37759,,,,,,,,,,,,,,,,,,,,,,,,
0.11045457422733307,0.11045457422733307,295,37887,,,,,,,,,,,,,,,,,,,,,,,,
0.11000277101993561,0.11000277101993561,296,38015,,,,,,,,,,,,,,,,,,,,,,,,
0.1096450537443161,0.1096450537443161,297,38143,,,,,,,,,,,,,,,,,,,,,,,,
0.11009959131479263,0.11009959131479263,298,38271,,,,,,,,,,,,,,,,,,,,,,,,
0.11013124883174896,0.11013124883174896,299,38399,0.6233770769061063,0.5012886080390251,1.2662805410966929,0.6372091595061026,0.49383618299229426,1.2560533536806355,0.6868886810963537,0.5235107484726689,1.3052563768432488,0.8405143682596597,0.6597945368494679,1.5846838518741344,1.0498462425812052,0.8650609969910587,1.9920900032377975,1.2475605093551878,1.0795039268550193,2.384360729068135,1.3717948212227413,1.2247099138392283,2.764778334902775,1.3899802840808044,1.2394252053084698,2.9701533423528557
0.10994027554988861,0.10994027554988861,300,38527,,,,,,,,,,,,,,,,,,,,,,,,
0.11126527935266495,0.11126527935266495,301,38655,,,,,,,,,,,,,,,,,,,,,,,,
0.11040421575307846,0.11040421575307846,302,38783,,,,,,,,,,,,,,,,,,,,,,,,
0.11019863188266754,0.11019863188266754,303,38911,,,,,,,,,,,,,,,,,,,,,,,,
0.11108387261629105,0.11108387261629105,304,39039,,,,,,,,,,,,,,,,,,,,,,,,
0.11145662516355515,0.11145662516355515,305,39167,,,,,,,,,,,,,,,,,,,,,,,,
0.1115064024925232,0.1115064024925232,306,39295,,,,,,,,,,,,,,,,,,,,,,,,
0.11063097417354584,0.11063097417354584,307,39423,,,,,,,,,,,,,,,,,,,,,,,,
0.10913484543561935,0.10913484543561935,308,39551,,,,,,,,,,,,,,,,,,,,,,,,
0.10923273861408234,0.10923273861408234,309,39679,,,,,,,,,,,,,,,,,,,,,,,,
0.11125890165567398,0.11125890165567398,310,39807,,,,,,,,,,,,,,,,,,,,,,,,
0.10991261899471283,0.10991261899471283,311,39935,,,,,,,,,,,,,,,,,,,,,,,,
0.10889150202274323,0.10889150202274323,312,40063,,,,,,,,,,,,,,,,,,,,,,,,
0.11041853576898575,0.11041853576898575,313,40191,,,,,,,,,,,,,,,,,,,,,,,,
0.10849983990192413,0.10849983990192413,314,40319,,,,,,,,,,,,,,,,,,,,,,,,
0.10977378487586975,0.10977378487586975,315,40447,,,,,,,,,,,,,,,,,,,,,,,,
0.11006905883550644,0.11006905883550644,316,40575,,,,,,,,,,,,,,,,,,,,,,,,
0.10965689271688461,0.10965689271688461,317,40703,,,,,,,,,,,,,,,,,,,,,,,,
0.10759315639734268,0.10759315639734268,318,40831,,,,,,,,,,,,,,,,,,,,,,,,
0.10807429254055023,0.10807429254055023,319,40959,,,,,,,,,,,,,,,,,,,,,,,,
0.10925646126270294,0.10925646126270294,320,41087,,,,,,,,,,,,,,,,,,,,,,,,
0.10927581042051315,0.10927581042051315,321,41215,,,,,,,,,,,,,,,,,,,,,,,,
0.10869859158992767,0.10869859158992767,322,41343,,,,,,,,,,,,,,,,,,,,,,,,
0.10823319852352142,0.10823319852352142,323,41471,,,,,,,,,,,,,,,,,,,,,,,,
0.10830992460250854,0.10830992460250854,324,41599,,,,,,,,,,,,,,,,,,,,,,,,
0.11045081168413162,0.11045081168413162,325,41727,,,,,,,,,,,,,,,,,,,,,,,,
0.108372263610363,0.108372263610363,326,41855,,,,,,,,,,,,,,,,,,,,,,,,
0.10863088816404343,0.10863088816404343,327,41983,,,,,,,,,,,,,,,,,,,,,,,,
0.10731469094753265,0.10731469094753265,328,42111,,,,,,,,,,,,,,,,,,,,,,,,
0.10947328805923462,0.10947328805923462,329,42239,,,,,,,,,,,,,,,,,,,,,,,,
0.10823281109333038,0.10823281109333038,330,42367,,,,,,,,,,,,,,,,,,,,,,,,
0.10706247389316559,0.10706247389316559,331,42495,,,,,,,,,,,,,,,,,,,,,,,,
0.10877890884876251,0.10877890884876251,332,42623,,,,,,,,,,,,,,,,,,,,,,,,
0.10811520367860794,0.10811520367860794,333,42751,,,,,,,,,,,,,,,,,,,,,,,,
0.10842183977365494,0.10842183977365494,334,42879,,,,,,,,,,,,,,,,,,,,,,,,
0.10752097517251968,0.10752097517251968,335,43007,,,,,,,,,,,,,,,,,,,,,,,,
0.10876183211803436,0.10876183211803436,336,43135,,,,,,,,,,,,,,,,,,,,,,,,
0.10801981389522552,0.10801981389522552,337,43263,,,,,,,,,,,,,,,,,,,,,,,,
0.10896344482898712,0.10896344482898712,338,43391,,,,,,,,,,,,,,,,,,,,,,,,
0.10830577462911606,0.10830577462911606,339,43519,,,,,,,,,,,,,,,,,,,,,,,,
0.10783684998750687,0.10783684998750687,340,43647,,,,,,,,,,,,,,,,,,,,,,,,
0.10780520737171173,0.10780520737171173,341,43775,,,,,,,,,,,,,,,,,,,,,,,,
0.10903766751289368,0.10903766751289368,342,43903,,,,,,,,,,,,,,,,,,,,,,,,
0.10700540244579315,0.10700540244579315,343,44031,,,,,,,,,,,,,,,,,,,,,,,,
0.10860001295804977,0.10860001295804977,344,44159,,,,,,,,,,,,,,,,,,,,,,,,
0.10828563570976257,0.10828563570976257,345,44287,,,,,,,,,,,,,,,,,,,,,,,,
0.10765165090560913,0.10765165090560913,346,44415,,,,,,,,,,,,,,,,,,,,,,,,
0.1073666587471962,0.1073666587471962,347,44543,,,,,,,,,,,,,,,,,,,,,,,,
0.1081528589129448,0.1081528589129448,348,44671,,,,,,,,,,,,,,,,,,,,,,,,
0.11024738103151321,0.11024738103151321,349,44799,0.6313046789901295,0.5069175350751955,1.238957773182051,0.6566853574236935,0.5094307014434727,1.2574099361495386,0.7108511676192086,0.5436150987081703,1.34067748242288,0.8580071482722723,0.6711515517300964,1.5950390770259646,1.0215881285863828,0.8331762297291144,1.9061208438061448,1.2259390341399856,1.0499816309845473,2.2977256615939776,1.3793457608668138,1.2287390265322766,2.7075418233305517,1.4041394417252124,1.2504890903723807,2.9335723247651186
0.10816247761249542,0.10816247761249542,350,44927,,,,,,,,,,,,,,,,,,,,,,,,
0.10530592501163483,0.10530592501163483,351,45055,,,,,,,,,,,,,,,,,,,,,,,,
0.10855826735496521,0.10855826735496521,352,45183,,,,,,,,,,,,,,,,,,,,,,,,
0.10797210037708282,0.10797210037708282,353,45311,,,,,,,,,,,,,,,,,,,,,,,,
0.10849623382091522,0.10849623382091522,354,45439,,,,,,,,,,,,,,,,,,,,,,,,
0.10980365425348282,0.10980365425348282,355,45567,,,,,,,,,,,,,,,,,,,,,,,,
0.10705037415027618,0.10705037415027618,356,45695,,,,,,,,,,,,,,,,,,,,,,,,
0.10809483379125595,0.10809483379125595,357,45823,,,,,,,,,,,,,,,,,,,,,,,,
0.1061144545674324,0.1061144545674324,358,45951,,,,,,,,,,,,,,,,,,,,,,,,
0.10749180614948273,0.10749180614948273,359,46079,,,,,,,,,,,,,,,,,,,,,,,,
0.10870266705751419,0.10870266705751419,360,46207,,,,,,,,,,,,,,,,,,,,,,,,
0.10728964954614639,0.10728964954614639,361,46335,,,,,,,,,,,,,,,,,,,,,,,,
0.10714802891016006,0.10714802891016006,362,46463,,,,,,,,,,,,,,,,,,,,,,,,
0.10614431649446487,0.10614431649446487,363,46591,,,,,,,,,,,,,,,,,,,,,,,,
0.10765503346920013,0.10765503346920013,364,46719,,,,,,,,,,,,,,,,,,,,,,,,
0.10595758259296417,0.10595758259296417,365,46847,,,,,,,,,,,,,,,,,,,,,,,,
0.10636256635189056,0.10636256635189056,366,46975,,,,,,,,,,,,,,,,,,,,,,,,
0.10795865952968597,0.10795865952968597,367,47103,,,,,,,,,,,,,,,,,,,,,,,,
0.1076967865228653,0.1076967865228653,368,47231,,,,,,,,,,,,,,,,,,,,,,,,
0.10627009719610214,0.10627009719610214,369,47359,,,,,,,,,,,,,,,,,,,,,,,,
0.10642416030168533,0.10642416030168533,370,47487,,,,,,,,,,,,,,,,,,,,,,,,
0.10783684253692627,0.10783684253692627,371,47615,,,,,,,,,,,,,,,,,,,,,,,,
0.10574556142091751,0.10574556142091751,372,47743,,,,,,,,,,,,,,,,,,,,,,,,
0.1065966933965683,0.1065966933965683,373,47871,,,,,,,,,,,,,,,,,,,,,,,,
0.10693657398223877,0.10693657398223877,374,47999,,,,,,,,,,,,,,,,,,,,,,,,
0.10853996127843857,0.10853996127843857,375,48127,,,,,,,,,,,,,,,,,,,,,,,,
0.10554559528827667,0.10554559528827667,376,48255,,,,,,,,,,,,,,,,,,,,,,,,
0.10670822858810425,0.10670822858810425,377,48383,,,,,,,,,,,,,,,,,,,,,,,,
0.10770107805728912,0.10770107805728912,378,48511,,,,,,,,,,,,,,,,,,,,,,,,
0.10603038221597672,0.10603038221597672,379,48639,,,,,,,,,,,,,,,,,,,,,,,,
0.10705101490020752,0.10705101490020752,380,48767,,,,,,,,,,,,,,,,,,,,,,,,
0.10611744225025177,0.10611744225025177,381,48895,,,,,,,,,,,,,,,,,,,,,,,,
0.10724756866693497,0.10724756866693497,382,49023,,,,,,,,,,,,,,,,,,,,,,,,
0.10666041821241379,0.10666041821241379,383,49151,,,,,,,,,,,,,,,,,,,,,,,,
0.10613951086997986,0.10613951086997986,384,49279,,,,,,,,,,,,,,,,,,,,,,,,
0.10558339953422546,0.10558339953422546,385,49407,,,,,,,,,,,,,,,,,,,,,,,,
0.10675785690546036,0.10675785690546036,386,49535,,,,,,,,,,,,,,,,,,,,,,,,
0.1064998060464859,0.1064998060464859,387,49663,,,,,,,,,,,,,,,,,,,,,,,,
0.1046077087521553,0.1046077087521553,388,49791,,,,,,,,,,,,,,,,,,,,,,,,
0.10585024952888489,0.10585024952888489,389,49919,,,,,,,,,,,,,,,,,,,,,,,,
0.1066129207611084,0.1066129207611084,390,50047,,,,,,,,,,,,,,,,,,,,,,,,
0.10564787685871124,0.10564787685871124,391,50175,,,,,,,,,,,,,,,,,,,,,,,,
0.10483118146657944,0.10483118146657944,392,50303,,,,,,,,,,,,,,,,,,,,,,,,
0.10581594705581665,0.10581594705581665,393,50431,,,,,,,,,,,,,,,,,,,,,,,,
0.10623746365308762,0.10623746365308762,394,50559,,,,,,,,,,,,,,,,,,,,,,,,
0.10611004382371902,0.10611004382371902,395,50687,,,,,,,,,,,,,,,,,,,,,,,,
0.1073167473077774,0.1073167473077774,396,50815,,,,,,,,,,,,,,,,,,,,,,,,
0.10683273524045944,0.10683273524045944,397,50943,,,,,,,,,,,,,,,,,,,,,,,,
0.1067134290933609,0.1067134290933609,398,51071,,,,,,,,,,,,,,,,,,,,,,,,
0.10623698681592941,0.10623698681592941,399,51199,0.6260365653798564,0.5010717236342237,1.235139149632273,0.6507909838043483,0.5025511789609823,1.2493701295844244,0.6929108498447247,0.5317564698047046,1.3135011647790344,0.8355306928263567,0.6505283217192743,1.56138138236602,0.980551855053925,0.7970125116626791,1.84830238161718,1.135561417013493,0.9679786996119079,2.1661857727713505,1.301633068328708,1.154897120933414,2.5635054421256838,1.3269064161980295,1.1817571348948173,2.761457328981632
0.1065092608332634,0.1065092608332634,400,51327,,,,,,,,,,,,,,,,,,,,,,,,
0.10571961104869843,0.10571961104869843,401,51455,,,,,,,,,,,,,,,,,,,,,,,,
0.10449457168579102,0.10449457168579102,402,51583,,,,,,,,,,,,,,,,,,,,,,,,
0.10632987320423126,0.10632987320423126,403,51711,,,,,,,,,,,,,,,,,,,,,,,,
0.10499342530965805,0.10499342530965805,404,51839,,,,,,,,,,,,,,,,,,,,,,,,
0.10749100893735886,0.10749100893735886,405,51967,,,,,,,,,,,,,,,,,,,,,,,,
0.10661276429891586,0.10661276429891586,406,52095,,,,,,,,,,,,,,,,,,,,,,,,
0.10568303614854813,0.10568303614854813,407,52223,,,,,,,,,,,,,,,,,,,,,,,,
0.10530304908752441,0.10530304908752441,408,52351,,,,,,,,,,,,,,,,,,,,,,,,
0.10420852899551392,0.10420852899551392,409,52479,,,,,,,,,,,,,,,,,,,,,,,,
0.10630754381418228,0.10630754381418228,410,52607,,,,,,,,,,,,,,,,,,,,,,,,
0.10520173609256744,0.10520173609256744,411,52735,,,,,,,,,,,,,,,,,,,,,,,,
0.10499541461467743,0.10499541461467743,412,52863,,,,,,,,,,,,,,,,,,,,,,,,
0.10408967733383179,0.10408967733383179,413,52991,,,,,,,,,,,,,,,,,,,,,,,,
0.10511340945959091,0.10511340945959091,414,53119,,,,,,,,,,,,,,,,,,,,,,,,
0.10365515202283859,0.10365515202283859,415,53247,,,,,,,,,,,,,,,,,,,,,,,,
0.10355883836746216,0.10355883836746216,416,53375,,,,,,,,,,,,,,,,,,,,,,,,
0.10655637085437775,0.10655637085437775,417,53503,,,,,,,,,,,,,,,,,,,,,,,,
0.10666695237159729,0.10666695237159729,418,53631,,,,,,,,,,,,,,,,,,,,,,,,
0.1050601601600647,0.1050601601600647,419,53759,,,,,,,,,,,,,,,,,,,,,,,,
0.10639612376689911,0.10639612376689911,420,53887,,,,,,,,,,,,,,,,,,,,,,,,
0.10472599416971207,0.10472599416971207,421,54015,,,,,,,,,,,,,,,,,,,,,,,,
0.10629265010356903,0.10629265010356903,422,54143,,,,,,,,,,,,,,,,,,,,,,,,
0.10409816354513168,0.10409816354513168,423,54271,,,,,,,,,,,,,,,,,,,,,,,,
0.10463376343250275,0.10463376343250275,424,54399,,,,,,,,,,,,,,,,,,,,,,,,
0.10365499556064606,0.10365499556064606,425,54527,,,,,,,,,,,,,,,,,,,,,,,,
0.1049606204032898,0.1049606204032898,426,54655,,,,,,,,,,,,,,,,,,,,,,,,
0.10445955395698547,0.10445955395698547,427,54783,,,,,,,,,,,,,,,,,,,,,,,,
0.10439087450504303,0.10439087450504303,428,54911,,,,,,,,,,,,,,,,,,,,,,,,
0.10402475297451019,0.10402475297451019,429,55039,,,,,,,,,,,,,,,,,,,,,,,,
0.10409495234489441,0.10409495234489441,430,55167,,,,,,,,,,,,,,,,,,,,,,,,
0.1056709960103035,0.1056709960103035,431,55295,,,,,,,,,,,,,,,,,,,,,,,,
0.10410371422767639,0.10410371422767639,432,55423,,,,,,,,,,,,,,,,,,,,,,,,
0.10534261167049408,0.10534261167049408,433,55551,,,,,,,,,,,,,,,,,,,,,,,,
0.10532785952091217,0.10532785952091217,434,55679,,,,,,,,,,,,,,,,,,,,,,,,
0.10404416918754578,0.10404416918754578,435,55807,,,,,,,,,,,,,,,,,,,,,,,,
0.10575174540281296,0.10575174540281296,436,55935,,,,,,,,,,,,,,,,,,,,,,,,
0.1066671833395958,0.1066671833395958,437,56063,,,,,,,,,,,,,,,,,,,,,,,,
0.10412091016769409,0.10412091016769409,438,56191,,,,,,,,,,,,,,,,,,,,,,,,
0.10522620379924774,0.10522620379924774,439,56319,,,,,,,,,,,,,,,,,,,,,,,,
0.10543528944253922,0.10543528944253922,440,56447,,,,,,,,,,,,,,,,,,,,,,,,
0.10521327704191208,0.10521327704191208,441,56575,,,,,,,,,,,,,,,,,,,,,,,,
0.10635267198085785,0.10635267198085785,442,56703,,,,,,,,,,,,,,,,,,,,,,,,
0.10501641780138016,0.10501641780138016,443,56831,,,,,,,,,,,,,,,,,,,,,,,,
0.1037134975194931,0.1037134975194931,444,56959,,,,,,,,,,,,,,,,,,,,,,,,
0.10444312542676926,0.10444312542676926,445,57087,,,,,,,,,,,,,,,,,,,,,,,,
0.10428479313850403,0.10428479313850403,446,57215,,,,,,,,,,,,,,,,,,,,,,,,
0.104662224650383,0.104662224650383,447,57343,,,,,,,,,,,,,,,,,,,,,,,,
0.10404813289642334,0.10404813289642334,448,57471,,,,,,,,,,,,,,,,,,,,,,,,
0.10582396388053894,0.10582396388053894,449,57599,0.6350999281812788,0.5056652445865322,1.2332737414636763,0.6409362870857109,0.4931170103870702,1.231889494089317,0.6820222841279858,0.517797018955878,1.28257953366468,0.8375098513037235,0.6467027567230733,1.5481288636820587,1.0016105935252873,0.809373861544624,1.8583270165506973,1.1673840210898574,0.9867521072102394,2.1944709016903423,1.3228302453021497,1.1657978569246,2.5749145076749222,1.3319433177036653,1.1717122790213972,2.72378420433258
0.1034352257847786,0.1034352257847786,450,57727,,,,,,,,,,,,,,,,,,,,,,,,
0.10404621809720993,0.10404621809720993,451,57855,,,,,,,,,,,,,,,,,,,,,,,,
0.10363107919692993,0.10363107919692993,452,57983,,,,,,,,,,,,,,,,,,,,,,,,
0.10378469526767731,0.10378469526767731,453,58111,,,,,,,,,,,,,,,,,,,,,,,,
0.10402075946331024,0.10402075946331024,454,58239,,,,,,,,,,,,,,,,,,,,,,,,
0.10318721830844879,0.10318721830844879,455,58367,,,,,,,,,,,,,,,,,,,,,,,,
0.10378386080265045,0.10378386080265045,456,58495,,,,,,,,,,,,,,,,,,,,,,,,
0.10414651781320572,0.10414651781320572,457,58623,,,,,,,,,,,,,,,,,,,,,,,,
0.10569848865270615,0.10569848865270615,458,58751,,,,,,,,,,,,,,,,,,,,,,,,
0.10258469730615616,0.10258469730615616,459,58879,,,,,,,,,,,,,,,,,,,,,,,,
0.10426647961139679,0.10426647961139679,460,59007,,,,,,,,,,,,,,,,,,,,,,,,
0.10354220867156982,0.10354220867156982,461,59135,,,,,,,,,,,,,,,,,,,,,,,,
0.10268618166446686,0.10268618166446686,462,59263,,,,,,,,,,,,,,,,,,,,,,,,
0.10440327972173691,0.10440327972173691,463,59391,,,,,,,,,,,,,,,,,,,,,,,,
0.10393277555704117,0.10393277555704117,464,59519,,,,,,,,,,,,,,,,,,,,,,,,
0.10423458367586136,0.10423458367586136,465,59647,,,,,,,,,,,,,,,,,,,,,,,,
0.10405049473047256,0.10405049473047256,466,59775,,,,,,,,,,,,,,,,,,,,,,,,
0.10285606235265732,0.10285606235265732,467,59903,,,,,,,,,,,,,,,,,,,,,,,,
0.10262510180473328,0.10262510180473328,468,60031,,,,,,,,,,,,,,,,,,,,,,,,
0.10380839556455612,0.10380839556455612,469,60159,,,,,,,,,,,,,,,,,,,,,,,,
0.10460322350263596,0.10460322350263596,470,60287,,,,,,,,,,,,,,,,,,,,,,,,
0.10398070514202118,0.10398070514202118,471,60415,,,,,,,,,,,,,,,,,,,,,,,,
0.10285943746566772,0.10285943746566772,472,60543,,,,,,,,,,,,,,,,,,,,,,,,
0.10392240434885025,0.10392240434885025,473,60671,,,,,,,,,,,,,,,,,,,,,,,,
0.1035236194729805,0.1035236194729805,474,60799,,,,,,,,,,,,,,,,,,,,,,,,
0.10336735099554062,0.10336735099554062,475,60927,,,,,,,,,,,,,,,,,,,,,,,,
0.10386061668395996,0.10386061668395996,476,61055,,,,,,,,,,,,,,,,,,,,,,,,
0.10373062640428543,0.10373062640428543,477,61183,,,,,,,,,,,,,,,,,,,,,,,,
0.1039457619190216,0.1039457619190216,478,61311,,,,,,,,,,,,,,,,,,,,,,,,
0.1026124507188797,0.1026124507188797,479,61439,,,,,,,,,,,,,,,,,,,,,,,,
0.10320033878087997,0.10320033878087997,480,61567,,,,,,,,,,,,,,,,,,,,,,,,
0.10442298650741577,0.10442298650741577,481,61695,,,,,,,,,,,,,,,,,,,,,,,,
0.10311992466449738,0.10311992466449738,482,61823,,,,,,,,,,,,,,,,,,,,,,,,
0.10307537764310837,0.10307537764310837,483,61951,,,,,,,,,,,,,,,,,,,,,,,,
0.10091552138328552,0.10091552138328552,484,62079,,,,,,,,,,,,,,,,,,,,,,,,
0.10162492841482162,0.10162492841482162,485,62207,,,,,,,,,,,,,,,,,,,,,,,,
0.1032748743891716,0.1032748743891716,486,62335,,,,,,,,,,,,,,,,,,,,,,,,
0.10227444022893906,0.10227444022893906,487,62463,,,,,,,,,,,,,,,,,,,,,,,,
0.10301148146390915,0.10301148146390915,488,62591,,,,,,,,,,,,,,,,,,,,,,,,
0.10296627134084702,0.10296627134084702,489,62719,,,,,,,,,,,,,,,,,,,,,,,,
0.10451168566942215,0.10451168566942215,490,62847,,,,,,,,,,,,,,,,,,,,,,,,
0.10338705033063889,0.10338705033063889,491,62975,,,,,,,,,,,,,,,,,,,,,,,,
0.10281912982463837,0.10281912982463837,492,63103,,,,,,,,,,,,,,,,,,,,,,,,
0.10243135690689087,0.10243135690689087,493,63231,,,,,,,,,,,,,,,,,,,,,,,,
0.10130910575389862,0.10130910575389862,494,63359,,,,,,,,,,,,,,,,,,,,,,,,
0.10334423929452896,0.10334423929452896,495,63487,,,,,,,,,,,,,,,,,,,,,,,,
0.10346824675798416,0.10346824675798416,496,63615,,,,,,,,,,,,,,,,,,,,,,,,
0.10254193097352982,0.10254193097352982,497,63743,,,,,,,,,,,,,,,,,,,,,,,,
0.10301202535629272,0.10301202535629272,498,63871,,,,,,,,,,,,,,,,,,,,,,,,
0.1017715260386467,0.1017715260386467,499,63999,0.5988661659983486,0.484401507893694,1.2503622050140346,0.6030278081315148,0.4716616366220555,1.2327445624049056,0.6227844594521164,0.472639226205198,1.2103696298982365,0.7372751443775138,0.5607782169656961,1.385191689613809,0.8753777542426213,0.6891693437351876,1.650679245540642,1.0276483390048232,0.8471625860517196,1.9493781659815548,1.2196134790541133,1.0569951159881938,2.362581010773435,1.2516987199430532,1.0993015296878386,2.5278558368571016
0.10231450945138931,0.10231450945138931,500,64127,,,,,,,,,,,,,,,,,,,,,,,,
0.10220488905906677,0.10220488905906677,501,64255,,,,,,,,,,,,,,,,,,,,,,,,
0.10096538811922073,0.10096538811922073,502,64383,,,,,,,,,,,,,,,,,,,,,,,,
0.10259247571229935,0.10259247571229935,503,64511,,,,,,,,,,,,,,,,,,,,,,,,
0.10222576558589935,0.10222576558589935,504,64639,,,,,,,,,,,,,,,,,,,,,,,,
0.10371501743793488,0.10371501743793488,505,64767,,,,,,,,,,,,,,,,,,,,,,,,
0.10452043265104294,0.10452043265104294,506,64895,,,,,,,,,,,,,,,,,,,,,,,,
0.10298646986484528,0.10298646986484528,507,65023,,,,,,,,,,,,,,,,,,,,,,,,
0.10343541949987411,0.10343541949987411,508,65151,,,,,,,,,,,,,,,,,,,,,,,,
0.10315806418657303,0.10315806418657303,509,65279,,,,,,,,,,,,,,,,,,,,,,,,
0.10142292827367783,0.10142292827367783,510,65407,,,,,,,,,,,,,,,,,,,,,,,,
0.10277367383241653,0.10277367383241653,511,65535,,,,,,,,,,,,,,,,,,,,,,,,
0.10302158445119858,0.10302158445119858,512,65663,,,,,,,,,,,,,,,,,,,,,,,,
0.1018843948841095,0.1018843948841095,513,65791,,,,,,,,,,,,,,,,,,,,,,,,
0.10407811403274536,0.10407811403274536,514,65919,,,,,,,,,,,,,,,,,,,,,,,,
0.10257809609174728,0.10257809609174728,515,66047,,,,,,,,,,,,,,,,,,,,,,,,
0.10405715554952621,0.10405715554952621,516,66175,,,,,,,,,,,,,,,,,,,,,,,,
0.1008705422282219,0.1008705422282219,517,66303,,,,,,,,,,,,,,,,,,,,,,,,
0.10254506766796112,0.10254506766796112,518,66431,,,,,,,,,,,,,,,,,,,,,,,,
0.10247821360826492,0.10247821360826492,519,66559,,,,,,,,,,,,,,,,,,,,,,,,
0.10265938192605972,0.10265938192605972,520,66687,,,,,,,,,,,,,,,,,,,,,,,,
0.10246200859546661,0.10246200859546661,521,66815,,,,,,,,,,,,,,,,,,,,,,,,
0.10370472073554993,0.10370472073554993,522,66943,,,,,,,,,,,,,,,,,,,,,,,,
0.10210117697715759,0.10210117697715759,523,67071,,,,,,,,,,,,,,,,,,,,,,,,
0.1024090126156807,0.1024090126156807,524,67199,,,,,,,,,,,,,,,,,,,,,,,,
0.10318434238433838,0.10318434238433838,525,67327,,,,,,,,,,,,,,,,,,,,,,,,
0.10138299316167831,0.10138299316167831,526,67455,,,,,,,,,,,,,,,,,,,,,,,,
0.1007048711180687,0.1007048711180687,527,67583,,,,,,,,,,,,,,,,,,,,,,,,
0.10205734521150589,0.10205734521150589,528,67711,,,,,,,,,,,,,,,,,,,,,,,,
0.101565420627594,0.101565420627594,529,67839,,,,,,,,,,,,,,,,,,,,,,,,
0.10163210332393646,0.10163210332393646,530,67967,,,,,,,,,,,,,,,,,,,,,,,,
0.10282684117555618,0.10282684117555618,531,68095,,,,,,,,,,,,,,,,,,,,,,,,
0.10078011453151703,0.10078011453151703,532,68223,,,,,,,,,,,,,,,,,,,,,,,,
0.1021132692694664,0.1021132692694664,533,68351,,,,,,,,,,,,,,,,,,,,,,,,
0.10186276584863663,0.10186276584863663,534,68479,,,,,,,,,,,,,,,,,,,,,,,,
0.10103171318769455,0.10103171318769455,535,68607,,,,,,,,,,,,,,,,,,,,,,,,
0.10174818336963654,0.10174818336963654,536,68735,,,,,,,,,,,,,,,,,,,,,,,,
0.10299905389547348,0.10299905389547348,537,68863,,,,,,,,,,,,,,,,,,,,,,,,
0.10192784667015076,0.10192784667015076,538,68991,,,,,,,,,,,,,,,,,,,,,,,,
0.10143569111824036,0.10143569111824036,539,69119,,,,,,,,,,,,,,,,,,,,,,,,
0.10170719027519226,0.10170719027519226,540,69247,,,,,,,,,,,,,,,,,,,,,,,,
0.10124356299638748,0.10124356299638748,541,69375,,,,,,,,,,,,,,,,,,,,,,,,
0.10225250571966171,0.10225250571966171,542,69503,,,,,,,,,,,,,,,,,,,,,,,,
0.10175352543592453,0.10175352543592453,543,69631,,,,,,,,,,,,,,,,,,,,,,,,
0.1009625568985939,0.1009625568985939,544,69759,,,,,,,,,,,,,,,,,,,,,,,,
0.10238154977560043,0.10238154977560043,545,69887,,,,,,,,,,,,,,,,,,,,,,,,
0.10247094929218292,0.10247094929218292,546,70015,,,,,,,,,,,,,,,,,,,,,,,,
0.10243658721446991,0.10243658721446991,547,70143,,,,,,,,,,,,,,,,,,,,,,,,
0.1004558652639389,0.1004558652639389,548,70271,,,,,,,,,,,,,,,,,,,,,,,,
0.10138020664453506,0.10138020664453506,549,70399,0.6203961009936282,0.49805554415976594,1.2453961399172842,0.610742907035247,0.4771630970175926,1.222940597123911,0.6358110120192046,0.4847867702827118,1.2308724728839822,0.7231481644195317,0.5467269210009054,1.3581303301719434,0.8259959413974496,0.6373434981353975,1.5379777137694235,0.9366663493844981,0.7567528623173867,1.7815698954861385,1.1025641525036558,0.9506013686968843,2.182436109119573,1.1294577833971369,0.9825188011334068,2.3269107652105316
0.10227121412754059,0.10227121412754059,550,70527,,,,,,,,,,,,,,,,,,,,,,,,
0.10151764005422592,0.10151764005422592,551,70655,,,,,,,,,,,,,,,,,,,,,,,,
0.10137627273797989,0.10137627273797989,552,70783,,,,,,,,,,,,,,,,,,,,,,,,
0.10007049888372421,0.10007049888372421,553,70911,,,,,,,,,,,,,,,,,,,,,,,,
0.10181508958339691,0.10181508958339691,554,71039,,,,,,,,,,,,,,,,,,,,,,,,
0.101738840341568,0.101738840341568,555,71167,,,,,,,,,,,,,,,,,,,,,,,,
0.10124082118272781,0.10124082118272781,556,71295,,,,,,,,,,,,,,,,,,,,,,,,
0.10154656320810318,0.10154656320810318,557,71423,,,,,,,,,,,,,,,,,,,,,,,,
0.10092631727457047,0.10092631727457047,558,71551,,,,,,,,,,,,,,,,,,,,,,,,
0.09948423504829407,0.09948423504829407,559,71679,,,,,,,,,,,,,,,,,,,,,,,,
0.10090085864067078,0.10090085864067078,560,71807,,,,,,,,,,,,,,,,,,,,,,,,
0.10134315490722656,0.10134315490722656,561,71935,,,,,,,,,,,,,,,,,,,,,,,,
0.10025160014629364,0.10025160014629364,562,72063,,,,,,,,,,,,,,,,,,,,,,,,
0.10127490013837814,0.10127490013837814,563,72191,,,,,,,,,,,,,,,,,,,,,,,,
0.10113632678985596,0.10113632678985596,564,72319,,,,,,,,,,,,,,,,,,,,,,,,
0.10209795832633972,0.10209795832633972,565,72447,,,,,,,,,,,,,,,,,,,,,,,,
0.10057210177183151,0.10057210177183151,566,72575,,,,,,,,,,,,,,,,,,,,,,,,
0.10234741121530533,0.10234741121530533,567,72703,,,,,,,,,,,,,,,,,,,,,,,,
0.10120829939842224,0.10120829939842224,568,72831,,,,,,,,,,,,,,,,,,,,,,,,
0.09985348582267761,0.09985348582267761,569,72959,,,,,,,,,,,,,,,,,,,,,,,,
0.10084168612957001,0.10084168612957001,570,73087,,,,,,,,,,,,,,,,,,,,,,,,
0.10119501501321793,0.10119501501321793,571,73215,,,,,,,,,,,,,,,,,,,,,,,,
0.10048504918813705,0.10048504918813705,572,73343,,,,,,,,,,,,,,,,,,,,,,,,
0.1023389995098114,0.1023389995098114,573,73471,,,,,,,,,,,,,,,,,,,,,,,,
0.1020398736000061,0.1020398736000061,574,73599,,,,,,,,,,,,,,,,,,,,,,,,
0.10231199115514755,0.10231199115514755,575,73727,,,,,,,,,,,,,,,,,,,,,,,,
0.10081212967634201,0.10081212967634201,576,73855,,,,,,,,,,,,,,,,,,,,,,,,
0.10099316388368607,0.10099316388368607,577,73983,,,,,,,,,,,,,,,,,,,,,,,,
0.10122884809970856,0.10122884809970856,578,74111,,,,,,,,,,,,,,,,,,,,,,,,
0.10121195018291473,0.10121195018291473,579,74239,,,,,,,,,,,,,,,,,,,,,,,,
0.10204985737800598,0.10204985737800598,580,74367,,,,,,,,,,,,,,,,,,,,,,,,
0.1005900651216507,0.1005900651216507,581,74495,,,,,,,,,,,,,,,,,,,,,,,,
0.10137279331684113,0.10137279331684113,582,74623,,,,,,,,,,,,,,,,,,,,,,,,
0.09982189536094666,0.09982189536094666,583,74751,,,,,,,,,,,,,,,,,,,,,,,,
0.10066865384578705,0.10066865384578705,584,74879,,,,,,,,,,,,,,,,,,,,,,,,
0.0998421236872673,0.0998421236872673,585,75007,,,,,,,,,,,,,,,,,,,,,,,,
0.10095132887363434,0.10095132887363434,586,75135,,,,,,,,,,,,,,,,,,,,,,,,
0.10210639983415604,0.10210639983415604,587,75263,,,,,,,,,,,,,,,,,,,,,,,,
0.10034520924091339,0.10034520924091339,588,75391,,,,,,,,,,,,,,,,,,,,,,,,
0.10162835568189621,0.10162835568189621,589,75519,,,,,,,,,,,,,,,,,,,,,,,,
0.1010148823261261,0.1010148823261261,590,75647,,,,,,,,,,,,,,,,,,,,,,,,
0.1005808562040329,0.1005808562040329,591,75775,,,,,,,,,,,,,,,,,,,,,,,,
0.1017557680606842,0.1017557680606842,592,75903,,,,,,,,,,,,,,,,,,,,,,,,
0.10094111412763596,0.10094111412763596,593,76031,,,,,,,,,,,,,,,,,,,,,,,,
0.1017429307103157,0.1017429307103157,594,76159,,,,,,,,,,,,,,,,,,,,,,,,
0.10142980515956879,0.10142980515956879,595,76287,,,,,,,,,,,,,,,,,,,,,,,,
0.10081638395786285,0.10081638395786285,596,76415,,,,,,,,,,,,,,,,,,,,,,,,
0.10116920620203018,0.10116920620203018,597,76543,,,,,,,,,,,,,,,,,,,,,,,,
0.10016261041164398,0.10016261041164398,598,76671,,,,,,,,,,,,,,,,,,,,,,,,
0.10001018643379211,0.10001018643379211,599,76799,0.6368071662372731,0.5069354214066032,1.2182729731071982,0.6571627462643611,0.506164032949705,1.2491615555425213,0.7169007851351781,0.5451750723600529,1.3345408087270283,0.8772836063822158,0.6896418949107415,1.6160625429929942,1.0215251488469521,0.8466020269168895,1.9047259269525671,1.139165531974759,0.9841946230530618,2.1500508664194946,1.2925819579331166,1.1683259339189285,2.5220902666733136,1.3173704807321196,1.1965118881552568,2.646948507715432
0.10212602466344833,0.10212602466344833,600,76927,,,,,,,,,,,,,,,,,,,,,,,,
0.10066355019807816,0.10066355019807816,601,77055,,,,,,,,,,,,,,,,,,,,,,,,
0.10093850642442703,0.10093850642442703,602,77183,,,,,,,,,,,,,,,,,,,,,,,,
0.10189326852560043,0.10189326852560043,603,77311,,,,,,,,,,,,,,,,,,,,,,,,
0.09979134052991867,0.09979134052991867,604,77439,,,,,,,,,,,,,,,,,,,,,,,,
0.10084023326635361,0.10084023326635361,605,77567,,,,,,,,,,,,,,,,,,,,,,,,
0.10137829184532166,0.10137829184532166,606,77695,,,,,,,,,,,,,,,,,,,,,,,,
0.10060884803533554,0.10060884803533554,607,77823,,,,,,,,,,,,,,,,,,,,,,,,
0.10063721984624863,0.10063721984624863,608,77951,,,,,,,,,,,,,,,,,,,,,,,,
0.1008012443780899,0.1008012443780899,609,78079,,,,,,,,,,,,,,,,,,,,,,,,
0.10008037835359573,0.10008037835359573,610,78207,,,,,,,,,,,,,,,,,,,,,,,,
0.1011594757437706,0.1011594757437706,611,78335,,,,,,,,,,,,,,,,,,,,,,,,
0.10182052850723267,0.10182052850723267,612,78463,,,,,,,,,,,,,,,,,,,,,,,,
0.10075632482767105,0.10075632482767105,613,78591,,,,,,,,,,,,,,,,,,,,,,,,
0.1000237837433815,0.1000237837433815,614,78719,,,,,,,,,,,,,,,,,,,,,,,,
0.10182825475931168,0.10182825475931168,615,78847,,,,,,,,,,,,,,,,,,,,,,,,
0.10021676123142242,0.10021676123142242,616,78975,,,,,,,,,,,,,,,,,,,,,,,,
0.0989406630396843,0.0989406630396843,617,79103,,,,,,,,,,,,,,,,,,,,,,,,
0.10116975754499435,0.10116975754499435,618,79231,,,,,,,,,,,,,,,,,,,,,,,,
0.10021990537643433,0.10021990537643433,619,79359,,,,,,,,,,,,,,,,,,,,,,,,
0.09980835020542145,0.09980835020542145,620,79487,,,,,,,,,,,,,,,,,,,,,,,,
0.10205656290054321,0.10205656290054321,621,79615,,,,,,,,,,,,,,,,,,,,,,,,
0.10026515275239944,0.10026515275239944,622,79743,,,,,,,,,,,,,,,,,,,,,,,,
0.10136349499225616,0.10136349499225616,623,79871,,,,,,,,,,,,,,,,,,,,,,,,
0.10186082869768143,0.10186082869768143,624,79999,,,,,,,,,,,,,,,,,,,,,,,,
0.10182962566614151,0.10182962566614151,625,80127,,,,,,,,,,,,,,,,,,,,,,,,
0.10106182843446732,0.10106182843446732,626,80255,,,,,,,,,,,,,,,,,,,,,,,,
0.09990598261356354,0.09990598261356354,627,80383,,,,,,,,,,,,,,,,,,,,,,,,
0.10192158073186874,0.10192158073186874,628,80511,,,,,,,,,,,,,,,,,,,,,,,,
0.10203772783279419,0.10203772783279419,629,80639,,,,,,,,,,,,,,,,,,,,,,,,
0.09955009818077087,0.09955009818077087,630,80767,,,,,,,,,,,,,,,,,,,,,,,,
0.09930684417486191,0.09930684417486191,631,80895,,,,,,,,,,,,,,,,,,,,,,,,
0.10033591836690903,0.10033591836690903,632,81023,,,,,,,,,,,,,,,,,,,,,,,,
0.1009395495057106,0.1009395495057106,633,81151,,,,,,,,,,,,,,,,,,,,,,,,
0.09987592697143555,0.09987592697143555,634,81279,,,,,,,,,,,,,,,,,,,,,,,,
0.10049764811992645,0.10049764811992645,635,81407,,,,,,,,,,,,,,,,,,,,,,,,
0.0999155193567276,0.0999155193567276,636,81535,,,,,,,,,,,,,,,,,,,,,,,,
0.09965571016073227,0.09965571016073227,637,81663,,,,,,,,,,,,,,,,,,,,,,,,
0.09859394282102585,0.09859394282102585,638,81791,,,,,,,,,,,,,,,,,,,,,,,,
0.0987650528550148,0.0987650528550148,639,81919,,,,,,,,,,,,,,,,,,,,,,,,
0.09956899285316467,0.09956899285316467,640,82047,,,,,,,,,,,,,,,,,,,,,,,,
0.10051427036523819,0.10051427036523819,641,82175,,,,,,,,,,,,,,,,,,,,,,,,
0.09941747039556503,0.09941747039556503,642,82303,,,,,,,,,,,,,,,,,,,,,,,,
0.1007353812456131,0.1007353812456131,643,82431,,,,,,,,,,,,,,,,,,,,,,,,
0.10106543451547623,0.10106543451547623,644,82559,,,,,,,,,,,,,,,,,,,,,,,,
0.0994742289185524,0.0994742289185524,645,82687,,,,,,,,,,,,,,,,,,,,,,,,
0.10019587725400925,0.10019587725400925,646,82815,,,,,,,,,,,,,,,,,,,,,,,,
0.1000092551112175,0.1000092551112175,647,82943,,,,,,,,,,,,,,,,,,,,,,,,
0.10017241537570953,0.10017241537570953,648,83071,,,,,,,,,,,,,,,,,,,,,,,,
0.10092492401599884,0.10092492401599884,649,83199,0.601788223935239,0.48663660060061836,1.2743172602357244,0.5914550215223903,0.4706990968342492,1.2587260283351436,0.5936335853101276,0.46113977227040615,1.2212790299945169,0.6464283182039557,0.481064403363423,1.2405978024025284,0.7671824339491685,0.570722103732751,1.4378575891183651,0.9477789451963669,0.7342687333993567,1.7758011261925963,1.21311313574318,1.022849113821805,2.331092562013991,1.243333616610676,1.0535030339304212,2.4425687227884523
0.09951969981193542,0.09951969981193542,650,83327,,,,,,,,,,,,,,,,,,,,,,,,
0.09996569156646729,0.09996569156646729,651,83455,,,,,,,,,,,,,,,,,,,,,,,,
0.1005910187959671,0.1005910187959671,652,83583,,,,,,,,,,,,,,,,,,,,,,,,
0.09922628104686737,0.09922628104686737,653,83711,,,,,,,,,,,,,,,,,,,,,,,,
0.1002267450094223,0.1002267450094223,654,83839,,,,,,,,,,,,,,,,,,,,,,,,
0.09977030009031296,0.09977030009031296,655,83967,,,,,,,,,,,,,,,,,,,,,,,,
0.10058042407035828,0.10058042407035828,656,84095,,,,,,,,,,,,,,,,,,,,,,,,
0.09918750077486038,0.09918750077486038,657,84223,,,,,,,,,,,,,,,,,,,,,,,,
0.0999741479754448,0.0999741479754448,658,84351,,,,,,,,,,,,,,,,,,,,,,,,
0.09984748810529709,0.09984748810529709,659,84479,,,,,,,,,,,,,,,,,,,,,,,,
0.09923132508993149,0.09923132508993149,660,84607,,,,,,,,,,,,,,,,,,,,,,,,
0.1003383919596672,0.1003383919596672,661,84735,,,,,,,,,,,,,,,,,,,,,,,,
0.09724044054746628,0.09724044054746628,662,84863,,,,,,,,,,,,,,,,,,,,,,,,
0.09996587783098221,0.09996587783098221,663,84991,,,,,,,,,,,,,,,,,,,,,,,,
0.09980979561805725,0.09980979561805725,664,85119,,,,,,,,,,,,,,,,,,,,,,,,
0.10013102740049362,0.10013102740049362,665,85247,,,,,,,,,,,,,,,,,,,,,,,,
0.0978129431605339,0.0978129431605339,666,85375,,,,,,,,,,,,,,,,,,,,,,,,
0.09971562027931213,0.09971562027931213,667,85503,,,,,,,,,,,,,,,,,,,,,,,,
0.10015354305505753,0.10015354305505753,668,85631,,,,,,,,,,,,,,,,,,,,,,,,
0.10000330954790115,0.10000330954790115,669,85759,,,,,,,,,,,,,,,,,,,,,,,,
0.10107901692390442,0.10107901692390442,670,85887,,,,,,,,,,,,,,,,,,,,,,,,
0.10123683512210846,0.10123683512210846,671,86015,,,,,,,,,,,,,,,,,,,,,,,,
0.09943174570798874,0.09943174570798874,672,86143,,,,,,,,,,,,,,,,,,,,,,,,
0.09889104962348938,0.09889104962348938,673,86271,,,,,,,,,,,,,,,,,,,,,,,,
0.09921480715274811,0.09921480715274811,674,86399,,,,,,,,,,,,,,,,,,,,,,,,
0.09882273524999619,0.09882273524999619,675,86527,,,,,,,,,,,,,,,,,,,,,,,,
0.09958312660455704,0.09958312660455704,676,86655,,,,,,,,,,,,,,,,,,,,,,,,
0.09976404905319214,0.09976404905319214,677,86783,,,,,,,,,,,,,,,,,,,,,,,,
0.09835203737020493,0.09835203737020493,678,86911,,,,,,,,,,,,,,,,,,,,,,,,
0.09962798655033112,0.09962798655033112,679,87039,,,,,,,,,,,,,,,,,,,,,,,,
0.0998803973197937,0.0998803973197937,680,87167,,,,,,,,,,,,,,,,,,,,,,,,
0.09872563183307648,0.09872563183307648,681,87295,,,,,,,,,,,,,,,,,,,,,,,,
0.09968476742506027,0.09968476742506027,682,87423,,,,,,,,,,,,,,,,,,,,,,,,
0.0990103930234909,0.0990103930234909,683,87551,,,,,,,,,,,,,,,,,,,,,,,,
0.09901949763298035,0.09901949763298035,684,87679,,,,,,,,,,,,,,,,,,,,,,,,
0.10017350316047668,0.10017350316047668,685,87807,,,,,,,,,,,,,,,,,,,,,,,,
0.09982342272996902,0.09982342272996902,686,87935,,,,,,,,,,,,,,,,,,,,,,,,
0.10023671388626099,0.10023671388626099,687,88063,,,,,,,,,,,,,,,,,,,,,,,,
0.09985732287168503,0.09985732287168503,688,88191,,,,,,,,,,,,,,,,,,,,,,,,
0.09939849376678467,0.09939849376678467,689,88319,,,,,,,,,,,,,,,,,,,,,,,,
0.09792163223028183,0.09792163223028183,690,88447,,,,,,,,,,,,,,,,,,,,,,,,
0.10045857727527618,0.10045857727527618,691,88575,,,,,,,,,,,,,,,,,,,,,,,,
0.09872502088546753,0.09872502088546753,692,88703,,,,,,,,,,,,,,,,,,,,,,,,
0.09889206290245056,0.09889206290245056,693,88831,,,,,,,,,,,,,,,,,,,,,,,,
0.09889588505029678,0.09889588505029678,694,88959,,,,,,,,,,,,,,,,,,,,,,,,
0.10017728805541992,0.10017728805541992,695,89087,,,,,,,,,,,,,,,,,,,,,,,,
0.09987307339906693,0.09987307339906693,696,89215,,,,,,,,,,,,,,,,,,,,,,,,
0.09939936548471451,0.09939936548471451,697,89343,,,,,,,,,,,,,,,,,,,,,,,,
0.09907838702201843,0.09907838702201843,698,89471,,,,,,,,,,,,,,,,,,,,,,,,
0.1007496565580368,0.1007496565580368,699,89599,0.6151315521546555,0.4896122467108591,1.2480737219108808,0.6019882439936233,0.4667353953654835,1.2215837131993477,0.5986935984420263,0.4569261545672156,1.1873056689123371,0.6915670446382405,0.5161260182795302,1.3110413600784268,0.8014500175709319,0.6074728608799383,1.5244069155828865,0.9891845386879891,0.7891259203589805,1.8956551581081142,1.149000716896286,0.9788895207126674,2.2990993671313364,1.1447204560591786,0.966803322173496,2.348114966235359
0.09926502406597137,0.09926502406597137,700,89727,,,,,,,,,,,,,,,,,,,,,,,,
0.09839066863059998,0.09839066863059998,701,89855,,,,,,,,,,,,,,,,,,,,,,,,
0.09931303560733795,0.09931303560733795,702,89983,,,,,,,,,,,,,,,,,,,,,,,,
0.09797456860542297,0.09797456860542297,703,90111,,,,,,,,,,,,,,,,,,,,,,,,
0.09923672676086426,0.09923672676086426,704,90239,,,,,,,,,,,,,,,,,,,,,,,,
0.09934023022651672,0.09934023022651672,705,90367,,,,,,,,,,,,,,,,,,,,,,,,
0.0999424085021019,0.0999424085021019,706,90495,,,,,,,,,,,,,,,,,,,,,,,,
0.09961303323507309,0.09961303323507309,707,90623,,,,,,,,,,,,,,,,,,,,,,,,
0.09746220707893372,0.09746220707893372,708,90751,,,,,,,,,,,,,,,,,,,,,,,,
0.09820113331079483,0.09820113331079483,709,90879,,,,,,,,,,,,,,,,,,,,,,,,
0.10003110021352768,0.10003110021352768,710,91007,,,,,,,,,,,,,,,,,,,,,,,,
0.09975804388523102,0.09975804388523102,711,91135,,,,,,,,,,,,,,,,,,,,,,,,
0.09800302982330322,0.09800302982330322,712,91263,,,,,,,,,,,,,,,,,,,,,,,,
0.09945157915353775,0.09945157915353775,713,91391,,,,,,,,,,,,,,,,,,,,,,,,
0.09770889580249786,0.09770889580249786,714,91519,,,,,,,,,,,,,,,,,,,,,,,,
0.09746867418289185,0.09746867418289185,715,91647,,,,,,,,,,,,,,,,,,,,,,,,
0.09841971099376678,0.09841971099376678,716,91775,,,,,,,,,,,,,,,,,,,,,,,,
0.10028084367513657,0.10028084367513657,717,91903,,,,,,,,,,,,,,,,,,,,,,,,
0.0984993651509285,0.0984993651509285,718,92031,,,,,,,,,,,,,,,,,,,,,,,,
0.09855569154024124,0.09855569154024124,719,92159,,,,,,,,,,,,,,,,,,,,,,,,
0.09869301319122314,0.09869301319122314,720,92287,,,,,,,,,,,,,,,,,,,,,,,,
0.09972501546144485,0.09972501546144485,721,92415,,,,,,,,,,,,,,,,,,,,,,,,
0.09935805201530457,0.09935805201530457,722,92543,,,,,,,,,,,,,,,,,,,,,,,,
0.09914545714855194,0.09914545714855194,723,92671,,,,,,,,,,,,,,,,,,,,,,,,
0.09822868555784225,0.09822868555784225,724,92799,,,,,,,,,,,,,,,,,,,,,,,,
0.09976565837860107,0.09976565837860107,725,92927,,,,,,,,,,,,,,,,,,,,,,,,
0.09894876927137375,0.09894876927137375,726,93055,,,,,,,,,,,,,,,,,,,,,,,,
0.09926405549049377,0.09926405549049377,727,93183,,,,,,,,,,,,,,,,,,,,,,,,
0.09901212155818939,0.09901212155818939,728,93311,,,,,,,,,,,,,,,,,,,,,,,,
0.09795381873846054,0.09795381873846054,729,93439,,,,,,,,,,,,,,,,,,,,,,,,
0.09965575486421585,0.09965575486421585,730,93567,,,,,,,,,,,,,,,,,,,,,,,,
0.09890221804380417,0.09890221804380417,731,93695,,,,,,,,,,,,,,,,,,,,,,,,
0.09887970238924026,0.09887970238924026,732,93823,,,,,,,,,,,,,,,,,,,,,,,,
0.10003314167261124,0.10003314167261124,733,93951,,,,,,,,,,,,,,,,,,,,,,,,
0.09869241714477539,0.09869241714477539,734,94079,,,,,,,,,,,,,,,,,,,,,,,,
0.09859014302492142,0.09859014302492142,735,94207,,,,,,,,,,,,,,,,,,,,,,,,
0.09843192994594574,0.09843192994594574,736,94335,,,,,,,,,,,,,,,,,,,,,,,,
0.0983090028166771,0.0983090028166771,737,94463,,,,,,,,,,,,,,,,,,,,,,,,
0.0984901562333107,0.0984901562333107,738,94591,,,,,,,,,,,,,,,,,,,,,,,,
0.09818030893802643,0.09818030893802643,739,94719,,,,,,,,,,,,,,,,,,,,,,,,
0.09799512475728989,0.09799512475728989,740,94847,,,,,,,,,,,,,,,,,,,,,,,,
0.09924399852752686,0.09924399852752686,741,94975,,,,,,,,,,,,,,,,,,,,,,,,
0.09788588434457779,0.09788588434457779,742,95103,,,,,,,,,,,,,,,,,,,,,,,,
0.09900034219026566,0.09900034219026566,743,95231,,,,,,,,,,,,,,,,,,,,,,,,
0.09979256987571716,0.09979256987571716,744,95359,,,,,,,,,,,,,,,,,,,,,,,,
0.09808202087879181,0.09808202087879181,745,95487,,,,,,,,,,,,,,,,,,,,,,,,
0.09876638650894165,0.09876638650894165,746,95615,,,,,,,,,,,,,,,,,,,,,,,,
0.09749884158372879,0.09749884158372879,747,95743,,,,,,,,,,,,,,,,,,,,,,,,
0.09765302389860153,0.09765302389860153,748,95871,,,,,,,,,,,,,,,,,,,,,,,,
0.09741853177547455,0.09741853177547455,749,95999,0.604181594560083,0.49394206180377204,1.301841451748619,0.6043792750554768,0.4920869589973836,1.3222516982673513,0.5997033778639208,0.4858837475856832,1.2958746029365615,0.5850902580647329,0.4559902117722499,1.2140038221264866,0.5937080225079868,0.44669474268935994,1.1735731552389177,0.6703908938744474,0.49326973907275196,1.2992655516033713,0.9027949627200872,0.686634602894213,1.7649648540613203,0.9223710766690413,0.6962174621255601,1.8610226551345423
0.0978812575340271,0.0978812575340271,750,96127,,,,,,,,,,,,,,,,,,,,,,,,
0.09780995547771454,0.09780995547771454,751,96255,,,,,,,,,,,,,,,,,,,,,,,,
0.09876196086406708,0.09876196086406708,752,96383,,,,,,,,,,,,,,,,,,,,,,,,
0.09821264445781708,0.09821264445781708,753,96511,,,,,,,,,,,,,,,,,,,,,,,,
0.09866716712713242,0.09866716712713242,754,96639,,,,,,,,,,,,,,,,,,,,,,,,
0.09807748347520828,0.09807748347520828,755,96767,,,,,,,,,,,,,,,,,,,,,,,,
0.09910963475704193,0.09910963475704193,756,96895,,,,,,,,,,,,,,,,,,,,,,,,
0.09826717525720596,0.09826717525720596,757,97023,,,,,,,,,,,,,,,,,,,,,,,,
0.09776049852371216,0.09776049852371216,758,97151,,,,,,,,,,,,,,,,,,,,,,,,
0.09693478047847748,0.09693478047847748,759,97279,,,,,,,,,,,,,,,,,,,,,,,,
0.09904531389474869,0.09904531389474869,760,97407,,,,,,,,,,,,,,,,,,,,,,,,
0.09846135228872299,0.09846135228872299,761,97535,,,,,,,,,,,,,,,,,,,,,,,,
0.0996076762676239,0.0996076762676239,762,97663,,,,,,,,,,,,,,,,,,,,,,,,
0.09916184097528458,0.09916184097528458,763,97791,,,,,,,,,,,,,,,,,,,,,,,,
0.09732257574796677,0.09732257574796677,764,97919,,,,,,,,,,,,,,,,,,,,,,,,
0.09866916388273239,0.09866916388273239,765,98047,,,,,,,,,,,,,,,,,,,,,,,,
0.09743479639291763,0.09743479639291763,766,98175,,,,,,,,,,,,,,,,,,,,,,,,
0.09759482741355896,0.09759482741355896,767,98303,,,,,,,,,,,,,,,,,,,,,,,,
0.09813107550144196,0.09813107550144196,768,98431,,,,,,,,,,,,,,,,,,,,,,,,
0.09749715030193329,0.09749715030193329,769,98559,,,,,,,,,,,,,,,,,,,,,,,,
0.09721896052360535,0.09721896052360535,770,98687,,,,,,,,,,,,,,,,,,,,,,,,
0.09806099534034729,0.09806099534034729,771,98815,,,,,,,,,,,,,,,,,,,,,,,,
0.09841632097959518,0.09841632097959518,772,98943,,,,,,,,,,,,,,,,,,,,,,,,
0.09785288572311401,0.09785288572311401,773,99071,,,,,,,,,,,,,,,,,,,,,,,,
0.09713424742221832,0.09713424742221832,774,99199,,,,,,,,,,,,,,,,,,,,,,,,
0.09731414914131165,0.09731414914131165,775,99327,,,,,,,,,,,,,,,,,,,,,,,,
0.09667665511369705,0.09667665511369705,776,99455,,,,,,,,,,,,,,,,,,,,,,,,
0.09785023331642151,0.09785023331642151,777,99583,,,,,,,,,,,,,,,,,,,,,,,,
0.09827427566051483,0.09827427566051483,778,99711,,,,,,,,,,,,,,,,,,,,,,,,
0.09882405400276184,0.09882405400276184,779,99839,,,,,,,,,,,,,,,,,,,,,,,,
0.09918394684791565,0.09918394684791565,780,99967,,,,,,,,,,,,,,,,,,,,,,,,
0.09778168052434921,0.09778168052434921,781,100095,,,,,,,,,,,,,,,,,,,,,,,,
0.09807898849248886,0.09807898849248886,782,100223,,,,,,,,,,,,,,,,,,,,,,,,
0.09724012017250061,0.09724012017250061,783,100351,,,,,,,,,,,,,,,,,,,,,,,,
0.09766846150159836,0.09766846150159836,784,100479,,,,,,,,,,,,,,,,,,,,,,,,
0.09883572161197662,0.09883572161197662,785,100607,,,,,,,,,,,,,,,,,,,,,,,,
0.09812052547931671,0.09812052547931671,786,100735,,,,,,,,,,,,,,,,,,,,,,,,
0.09693074971437454,0.09693074971437454,787,100863,,,,,,,,,,,,,,,,,,,,,,,,
0.09874466061592102,0.09874466061592102,788,100991,,,,,,,,,,,,,,,,,,,,,,,,
0.09692639857530594,0.09692639857530594,789,101119,,,,,,,,,,,,,,,,,,,,,,,,
0.09734709560871124,0.09734709560871124,790,101247,,,,,,,,,,,,,,,,,,,,,,,,
0.0989096388220787,0.0989096388220787,791,101375,,,,,,,,,,,,,,,,,,,,,,,,
0.09760929644107819,0.09760929644107819,792,101503,,,,,,,,,,,,,,,,,,,,,,,,
0.09798862785100937,0.09798862785100937,793,101631,,,,,,,,,,,,,,,,,,,,,,,,
0.0971149429678917,0.0971149429678917,794,101759,,,,,,,,,,,,,,,,,,,,,,,,
0.09780314564704895,0.09780314564704895,795,101887,,,,,,,,,,,,,,,,,,,,,,,,
0.09722548723220825,0.09722548723220825,796,102015,,,,,,,,,,,,,,,,,,,,,,,,
0.09880086779594421,0.09880086779594421,797,102143,,,,,,,,,,,,,,,,,,,,,,,,
0.09703265130519867,0.09703265130519867,798,102271,,,,,,,,,,,,,,,,,,,,,,,,
0.09833502024412155,0.09833502024412155,799,102399,0.5953360142900328,0.48088769739161497,1.2688057015576368,0.5807728957894193,0.46364514051797673,1.2540284859308055,0.5820363938807531,0.4529673232801898,1.2140152137381817,0.6413197296054693,0.47425039059055013,1.2326390397489473,0.7753253246898542,0.5783817757577036,1.4773067992178508,0.9914913946433992,0.7831749483676309,1.890050846753115,1.1571896727511057,0.9716414303001836,2.2845936999196153,1.1243224588617522,0.9216847837972382,2.306673729296229
0.09774097055196762,0.09774097055196762,800,102527,,,,,,,,,,,,,,,,,,,,,,,,
0.0965532511472702,0.0965532511472702,801,102655,,,,,,,,,,,,,,,,,,,,,,,,
0.0971526950597763,0.0971526950597763,802,102783,,,,,,,,,,,,,,,,,,,,,,,,
0.09618348628282547,0.09618348628282547,803,102911,,,,,,,,,,,,,,,,,,,,,,,,
0.09611783921718597,0.09611783921718597,804,103039,,,,,,,,,,,,,,,,,,,,,,,,
0.0965159460902214,0.0965159460902214,805,103167,,,,,,,,,,,,,,,,,,,,,,,,
0.09623561799526215,0.09623561799526215,806,103295,,,,,,,,,,,,,,,,,,,,,,,,
0.0983332023024559,0.0983332023024559,807,103423,,,,,,,,,,,,,,,,,,,,,,,,
0.0977359488606453,0.0977359488606453,808,103551,,,,,,,,,,,,,,,,,,,,,,,,
0.09873221814632416,0.09873221814632416,809,103679,,,,,,,,,,,,,,,,,,,,,,,,
0.09763031452894211,0.09763031452894211,810,103807,,,,,,,,,,,,,,,,,,,,,,,,
0.09765252470970154,0.09765252470970154,811,103935,,,,,,,,,,,,,,,,,,,,,,,,
0.09665001928806305,0.09665001928806305,812,104063,,,,,,,,,,,,,,,,,,,,,,,,
0.09846200048923492,0.09846200048923492,813,104191,,,,,,,,,,,,,,,,,,,,,,,,
0.09752258658409119,0.09752258658409119,814,104319,,,,,,,,,,,,,,,,,,,,,,,,
0.0984843447804451,0.0984843447804451,815,104447,,,,,,,,,,,,,,,,,,,,,,,,
0.09779339283704758,0.09779339283704758,816,104575,,,,,,,,,,,,,,,,,,,,,,,,
0.09738694876432419,0.09738694876432419,817,104703,,,,,,,,,,,,,,,,,,,,,,,,
0.09836137294769287,0.09836137294769287,818,104831,,,,,,,,,,,,,,,,,,,,,,,,
0.09739894419908524,0.09739894419908524,819,104959,,,,,,,,,,,,,,,,,,,,,,,,
0.097125343978405,0.097125343978405,820,105087,,,,,,,,,,,,,,,,,,,,,,,,
0.09771981835365295,0.09771981835365295,821,105215,,,,,,,,,,,,,,,,,,,,,,,,
0.09725560992956161,0.09725560992956161,822,105343,,,,,,,,,,,,,,,,,,,,,,,,
0.09789659827947617,0.09789659827947617,823,105471,,,,,,,,,,,,,,,,,,,,,,,,
0.09835364669561386,0.09835364669561386,824,105599,,,,,,,,,,,,,,,,,,,,,,,,
0.09687215089797974,0.09687215089797974,825,105727,,,,,,,,,,,,,,,,,,,,,,,,
0.09848733246326447,0.09848733246326447,826,105855,,,,,,,,,,,,,,,,,,,,,,,,
0.097727470099926,0.097727470099926,827,105983,,,,,,,,,,,,,,,,,,,,,,,,
0.097465880215168,0.097465880215168,828,106111,,,,,,,,,,,,,,,,,,,,,,,,
0.09731283783912659,0.09731283783912659,829,106239,,,,,,,,,,,,,,,,,,,,,,,,
0.09844313561916351,0.09844313561916351,830,106367,,,,,,,,,,,,,,,,,,,,,,,,
0.09694172441959381,0.09694172441959381,831,106495,,,,,,,,,,,,,,,,,,,,,,,,
0.09682833403348923,0.09682833403348923,832,106623,,,,,,,,,,,,,,,,,,,,,,,,
0.09789281338453293,0.09789281338453293,833,106751,,,,,,,,,,,,,,,,,,,,,,,,
0.09643758088350296,0.09643758088350296,834,106879,,,,,,,,,,,,,,,,,,,,,,,,
0.09682862460613251,0.09682862460613251,835,107007,,,,,,,,,,,,,,,,,,,,,,,,
0.09740494191646576,0.09740494191646576,836,107135,,,,,,,,,,,,,,,,,,,,,,,,
0.09801135212182999,0.09801135212182999,837,107263,,,,,,,,,,,,,,,,,,,,,,,,
0.09686639159917831,0.09686639159917831,838,107391,,,,,,,,,,,,,,,,,,,,,,,,
0.09765717387199402,0.09765717387199402,839,107519,,,,,,,,,,,,,,,,,,,,,,,,
0.09733022749423981,0.09733022749423981,840,107647,,,,,,,,,,,,,,,,,,,,,,,,
0.09602885693311691,0.09602885693311691,841,107775,,,,,,,,,,,,,,,,,,,,,,,,
0.09609800577163696,0.09609800577163696,842,107903,,,,,,,,,,,,,,,,,,,,,,,,
0.09726128727197647,0.09726128727197647,843,108031,,,,,,,,,,,,,,,,,,,,,,,,
0.09682296216487885,0.09682296216487885,844,108159,,,,,,,,,,,,,,,,,,,,,,,,
0.09780853241682053,0.09780853241682053,845,108287,,,,,,,,,,,,,,,,,,,,,,,,
0.09622716903686523,0.09622716903686523,846,108415,,,,,,,,,,,,,,,,,,,,,,,,
0.09716736525297165,0.09716736525297165,847,108543,,,,,,,,,,,,,,,,,,,,,,,,
0.09520174562931061,0.09520174562931061,848,108671,,,,,,,,,,,,,,,,,,,,,,,,
0.09666252136230469,0.09666252136230469,849,108799,0.6218482193431897,0.4905712007555951,1.22004499689937,0.6020664055304138,0.465597605118465,1.2173056845869765,0.5978137282427632,0.45314086259355324,1.1943418353862802,0.6865081825233106,0.5119488680929778,1.3079105992735502,0.828367937852858,0.6299473599241054,1.577370399058834,0.9996823206259522,0.8017775529120443,1.922109579309738,1.1527921635645144,0.9821089460213304,2.2919144476108646,1.128663850454708,0.942475398325464,2.3261672499105606
0.09705028682947159,0.09705028682947159,850,108927,,,,,,,,,,,,,,,,,,,,,,,,
0.09823603183031082,0.09823603183031082,851,109055,,,,,,,,,,,,,,,,,,,,,,,,
0.09667032212018967,0.09667032212018967,852,109183,,,,,,,,,,,,,,,,,,,,,,,,
0.09601876139640808,0.09601876139640808,853,109311,,,,,,,,,,,,,,,,,,,,,,,,
0.09829144924879074,0.09829144924879074,854,109439,,,,,,,,,,,,,,,,,,,,,,,,
0.09611747413873672,0.09611747413873672,855,109567,,,,,,,,,,,,,,,,,,,,,,,,
0.09666397422552109,0.09666397422552109,856,109695,,,,,,,,,,,,,,,,,,,,,,,,
0.0974368304014206,0.0974368304014206,857,109823,,,,,,,,,,,,,,,,,,,,,,,,
0.09599179774522781,0.09599179774522781,858,109951,,,,,,,,,,,,,,,,,,,,,,,,
0.09783867001533508,0.09783867001533508,859,110079,,,,,,,,,,,,,,,,,,,,,,,,
0.09650491178035736,0.09650491178035736,860,110207,,,,,,,,,,,,,,,,,,,,,,,,
0.0998849868774414,0.0998849868774414,861,110335,,,,,,,,,,,,,,,,,,,,,,,,
0.09802258014678955,0.09802258014678955,862,110463,,,,,,,,,,,,,,,,,,,,,,,,
0.09692974388599396,0.09692974388599396,863,110591,,,,,,,,,,,,,,,,,,,,,,,,
0.09546520560979843,0.09546520560979843,864,110719,,,,,,,,,,,,,,,,,,,,,,,,
0.09759007394313812,0.09759007394313812,865,110847,,,,,,,,,,,,,,,,,,,,,,,,
0.0972207710146904,0.0972207710146904,866,110975,,,,,,,,,,,,,,,,,,,,,,,,
0.09629838913679123,0.09629838913679123,867,111103,,,,,,,,,,,,,,,,,,,,,,,,
0.09676966816186905,0.09676966816186905,868,111231,,,,,,,,,,,,,,,,,,,,,,,,
0.09628716856241226,0.09628716856241226,869,111359,,,,,,,,,,,,,,,,,,,,,,,,
0.09776443243026733,0.09776443243026733,870,111487,,,,,,,,,,,,,,,,,,,,,,,,
0.09684954583644867,0.09684954583644867,871,111615,,,,,,,,,,,,,,,,,,,,,,,,
0.09590690582990646,0.09590690582990646,872,111743,,,,,,,,,,,,,,,,,,,,,,,,
0.0966036319732666,0.0966036319732666,873,111871,,,,,,,,,,,,,,,,,,,,,,,,
0.0958189144730568,0.0958189144730568,874,111999,,,,,,,,,,,,,,,,,,,,,,,,
0.09781937301158905,0.09781937301158905,875,112127,,,,,,,,,,,,,,,,,,,,,,,,
0.09740331768989563,0.09740331768989563,876,112255,,,,,,,,,,,,,,,,,,,,,,,,
0.09602759778499603,0.09602759778499603,877,112383,,,,,,,,,,,,,,,,,,,,,,,,
0.09673365205526352,0.09673365205526352,878,112511,,,,,,,,,,,,,,,,,,,,,,,,
0.0969662144780159,0.0969662144780159,879,112639,,,,,,,,,,,,,,,,,,,,,,,,
0.09527961909770966,0.09527961909770966,880,112767,,,,,,,,,,,,,,,,,,,,,,,,
0.09705322235822678,0.09705322235822678,881,112895,,,,,,,,,,,,,,,,,,,,,,,,
0.0973554402589798,0.0973554402589798,882,113023,,,,,,,,,,,,,,,,,,,,,,,,
0.09635616838932037,0.09635616838932037,883,113151,,,,,,,,,,,,,,,,,,,,,,,,
0.09616987407207489,0.09616987407207489,884,113279,,,,,,,,,,,,,,,,,,,,,,,,
0.0968654602766037,0.0968654602766037,885,113407,,,,,,,,,,,,,,,,,,,,,,,,
0.09709946811199188,0.09709946811199188,886,113535,,,,,,,,,,,,,,,,,,,,,,,,
0.09626716375350952,0.09626716375350952,887,113663,,,,,,,,,,,,,,,,,,,,,,,,
0.09626495838165283,0.09626495838165283,888,113791,,,,,,,,,,,,,,,,,,,,,,,,
0.09677321463823318,0.09677321463823318,889,113919,,,,,,,,,,,,,,,,,,,,,,,,
0.09651847183704376,0.09651847183704376,890,114047,,,,,,,,,,,,,,,,,,,,,,,,
0.0959128886461258,0.0959128886461258,891,114175,,,,,,,,,,,,,,,,,,,,,,,,
0.09643290191888809,0.09643290191888809,892,114303,,,,,,,,,,,,,,,,,,,,,,,,
0.09608606994152069,0.09608606994152069,893,114431,,,,,,,,,,,,,,,,,,,,,,,,
0.09633096307516098,0.09633096307516098,894,114559,,,,,,,,,,,,,,,,,,,,,,,,
0.09769780188798904,0.09769780188798904,895,114687,,,,,,,,,,,,,,,,,,,,,,,,
0.09633692353963852,0.09633692353963852,896,114815,,,,,,,,,,,,,,,,,,,,,,,,
0.09719394147396088,0.09719394147396088,897,114943,,,,,,,,,,,,,,,,,,,,,,,,
0.09508248418569565,0.09508248418569565,898,115071,,,,,,,,,,,,,,,,,,,,,,,,
0.09576769173145294,0.09576769173145294,899,115199,0.6064195009365159,0.4843866245798705,1.2300777480449734,0.5963232294473592,0.46092958353601865,1.2124131186026774,0.6048283187558817,0.45677576779571955,1.1977220062672955,0.6938108407154,0.5120753604291459,1.2999410644757226,0.8035273451714147,0.6033182958284371,1.4908631705013649,0.9559054291526842,0.7457590645584141,1.7977290127354226,1.1150647569738266,0.9333762201437595,2.1769623059576366,1.0963292607026935,0.9010621599999111,2.2280188506419427
0.09656594693660736,0.09656594693660736,900,115327,,,,,,,,,,,,,,,,,,,,,,,,
0.09625225514173508,0.09625225514173508,901,115455,,,,,,,,,,,,,,,,,,,,,,,,
0.09726916998624802,0.09726916998624802,902,115583,,,,,,,,,,,,,,,,,,,,,,,,
0.09661678224802017,0.09661678224802017,903,115711,,,,,,,,,,,,,,,,,,,,,,,,
0.09556668251752853,0.09556668251752853,904,115839,,,,,,,,,,,,,,,,,,,,,,,,
0.09700340032577515,0.09700340032577515,905,115967,,,,,,,,,,,,,,,,,,,,,,,,
0.09565243124961853,0.09565243124961853,906,116095,,,,,,,,,,,,,,,,,,,,,,,,
0.09652918577194214,0.09652918577194214,907,116223,,,,,,,,,,,,,,,,,,,,,,,,
0.09852725267410278,0.09852725267410278,908,116351,,,,,,,,,,,,,,,,,,,,,,,,
0.09706273674964905,0.09706273674964905,909,116479,,,,,,,,,,,,,,,,,,,,,,,,
0.09591731429100037,0.09591731429100037,910,116607,,,,,,,,,,,,,,,,,,,,,,,,
0.09641087800264359,0.09641087800264359,911,116735,,,,,,,,,,,,,,,,,,,,,,,,
0.09593892842531204,0.09593892842531204,912,116863,,,,,,,,,,,,,,,,,,,,,,,,
0.09761643409729004,0.09761643409729004,913,116991,,,,,,,,,,,,,,,,,,,,,,,,
0.09589856117963791,0.09589856117963791,914,117119,,,,,,,,,,,,,,,,,,,,,,,,
0.09485982358455658,0.09485982358455658,915,117247,,,,,,,,,,,,,,,,,,,,,,,,
0.09721454232931137,0.09721454232931137,916,117375,,,,,,,,,,,,,,,,,,,,,,,,
0.09731867164373398,0.09731867164373398,917,117503,,,,,,,,,,,,,,,,,,,,,,,,
0.09769706428050995,0.09769706428050995,918,117631,,,,,,,,,,,,,,,,,,,,,,,,
0.09766601771116257,0.09766601771116257,919,117759,,,,,,,,,,,,,,,,,,,,,,,,
0.09661512821912766,0.09661512821912766,920,117887,,,,,,,,,,,,,,,,,,,,,,,,
0.09677223861217499,0.09677223861217499,921,118015,,,,,,,,,,,,,,,,,,,,,,,,
0.09580088406801224,0.09580088406801224,922,118143,,,,,,,,,,,,,,,,,,,,,,,,
0.09510555118322372,0.09510555118322372,923,118271,,,,,,,,,,,,,,,,,,,,,,,,
0.09592869877815247,0.09592869877815247,924,118399,,,,,,,,,,,,,,,,,,,,,,,,
0.09524428099393845,0.09524428099393845,925,118527,,,,,,,,,,,,,,,,,,,,,,,,
0.09740966558456421,0.09740966558456421,926,118655,,,,,,,,,,,,,,,,,,,,,,,,
0.09735467284917831,0.09735467284917831,927,118783,,,,,,,,,,,,,,,,,,,,,,,,
0.09618701785802841,0.09618701785802841,928,118911,,,,,,,,,,,,,,,,,,,,,,,,
0.09584071487188339,0.09584071487188339,929,119039,,,,,,,,,,,,,,,,,,,,,,,,
0.09657881408929825,0.09657881408929825,930,119167,,,,,,,,,,,,,,,,,,,,,,,,
0.09559467434883118,0.09559467434883118,931,119295,,,,,,,,,,,,,,,,,,,,,,,,
0.09649334847927094,0.09649334847927094,932,119423,,,,,,,,,,,,,,,,,,,,,,,,
0.09612321108579636,0.09612321108579636,933,119551,,,,,,,,,,,,,,,,,,,,,,,,
0.09562996029853821,0.09562996029853821,934,119679,,,,,,,,,,,,,,,,,,,,,,,,
0.09622527658939362,0.09622527658939362,935,119807,,,,,,,,,,,,,,,,,,,,,,,,
0.09598089009523392,0.09598089009523392,936,119935,,,,,,,,,,,,,,,,,,,,,,,,
0.09577668458223343,0.09577668458223343,937,120063,,,,,,,,,,,,,,,,,,,,,,,,
0.09506844729185104,0.09506844729185104,938,120191,,,,,,,,,,,,,,,,,,,,,,,,
0.09601359069347382,0.09601359069347382,939,120319,,,,,,,,,,,,,,,,,,,,,,,,
0.09523782879114151,0.09523782879114151,940,120447,,,,,,,,,,,,,,,,,,,,,,,,
0.09630663692951202,0.09630663692951202,941,120575,,,,,,,,,,,,,,,,,,,,,,,,
0.09565332531929016,0.09565332531929016,942,120703,,,,,,,,,,,,,,,,,,,,,,,,
0.09519640356302261,0.09519640356302261,943,120831,,,,,,,,,,,,,,,,,,,,,,,,
0.09561292827129364,0.09561292827129364,944,120959,,,,,,,,,,,,,,,,,,,,,,,,
0.09639265388250351,0.09639265388250351,945,121087,,,,,,,,,,,,,,,,,,,,,,,,
0.09520049393177032,0.09520049393177032,946,121215,,,,,,,,,,,,,,,,,,,,,,,,
0.09580579400062561,0.09580579400062561,947,121343,,,,,,,,,,,,,,,,,,,,,,,,
0.09598463773727417,0.09598463773727417,948,121471,,,,,,,,,,,,,,,,,,,,,,,,
0.09616366028785706,0.09616366028785706,949,121599,0.5949652922011984,0.48256849584758194,1.2633609854123853,0.5885594402399822,0.47180145294641496,1.264231005762567,0.5851496197130235,0.45633080937543163,1.2083396518497524,0.6607836535956544,0.4940036515800938,1.259548805331818,0.8170348324015267,0.614848473529473,1.530649276904723,0.992459827975964,0.7840431699689565,1.8939498843765983,1.0956159100592686,0.9038532355870807,2.181279311881625,1.056154974964908,0.8587532330065941,2.231893476915946
0.09577638655900955,0.09577638655900955,950,121727,,,,,,,,,,,,,,,,,,,,,,,,
0.09657589346170425,0.09657589346170425,951,121855,,,,,,,,,,,,,,,,,,,,,,,,
0.09726865589618683,0.09726865589618683,952,121983,,,,,,,,,,,,,,,,,,,,,,,,
0.09585040807723999,0.09585040807723999,953,122111,,,,,,,,,,,,,,,,,,,,,,,,
0.09680123627185822,0.09680123627185822,954,122239,,,,,,,,,,,,,,,,,,,,,,,,
0.09630659222602844,0.09630659222602844,955,122367,,,,,,,,,,,,,,,,,,,,,,,,
0.09631668031215668,0.09631668031215668,956,122495,,,,,,,,,,,,,,,,,,,,,,,,
0.09588439762592316,0.09588439762592316,957,122623,,,,,,,,,,,,,,,,,,,,,,,,
0.09602005034685135,0.09602005034685135,958,122751,,,,,,,,,,,,,,,,,,,,,,,,
0.09640111774206161,0.09640111774206161,959,122879,,,,,,,,,,,,,,,,,,,,,,,,
0.09573593735694885,0.09573593735694885,960,123007,,,,,,,,,,,,,,,,,,,,,,,,
0.09531209617853165,0.09531209617853165,961,123135,,,,,,,,,,,,,,,,,,,,,,,,
0.09471555799245834,0.09471555799245834,962,123263,,,,,,,,,,,,,,,,,,,,,,,,
0.0953349769115448,0.0953349769115448,963,123391,,,,,,,,,,,,,,,,,,,,,,,,
0.09608350694179535,0.09608350694179535,964,123519,,,,,,,,,,,,,,,,,,,,,,,,
0.09648808091878891,0.09648808091878891,965,123647,,,,,,,,,,,,,,,,,,,,,,,,
0.09596206992864609,0.09596206992864609,966,123775,,,,,,,,,,,,,,,,,,,,,,,,
0.09619271010160446,0.09619271010160446,967,123903,,,,,,,,,,,,,,,,,,,,,,,,
0.0957394689321518,0.0957394689321518,968,124031,,,,,,,,,,,,,,,,,,,,,,,,
0.09522039443254471,0.09522039443254471,969,124159,,,,,,,,,,,,,,,,,,,,,,,,
0.0953364372253418,0.0953364372253418,970,124287,,,,,,,,,,,,,,,,,,,,,,,,
0.09588151425123215,0.09588151425123215,971,124415,,,,,,,,,,,,,,,,,,,,,,,,
0.09581250697374344,0.09581250697374344,972,124543,,,,,,,,,,,,,,,,,,,,,,,,
0.09644172340631485,0.09644172340631485,973,124671,,,,,,,,,,,,,,,,,,,,,,,,
0.09578705579042435,0.09578705579042435,974,124799,,,,,,,,,,,,,,,,,,,,,,,,
0.09612128883600235,0.09612128883600235,975,124927,,,,,,,,,,,,,,,,,,,,,,,,
0.09673374146223068,0.09673374146223068,976,125055,,,,,,,,,,,,,,,,,,,,,,,,
0.09545018523931503,0.09545018523931503,977,125183,,,,,,,,,,,,,,,,,,,,,,,,
0.09465230256319046,0.09465230256319046,978,125311,,,,,,,,,,,,,,,,,,,,,,,,
0.09525129199028015,0.09525129199028015,979,125439,,,,,,,,,,,,,,,,,,,,,,,,
0.09649621695280075,0.09649621695280075,980,125567,,,,,,,,,,,,,,,,,,,,,,,,
0.09576857835054398,0.09576857835054398,981,125695,,,,,,,,,,,,,,,,,,,,,,,,
0.0957244485616684,0.0957244485616684,982,125823,,,,,,,,,,,,,,,,,,,,,,,,
0.09487030655145645,0.09487030655145645,983,125951,,,,,,,,,,,,,,,,,,,,,,,,
0.09584533423185349,0.09584533423185349,984,126079,,,,,,,,,,,,,,,,,,,,,,,,
0.09528762102127075,0.09528762102127075,985,126207,,,,,,,,,,,,,,,,,,,,,,,,
0.09577676653862,0.09577676653862,986,126335,,,,,,,,,,,,,,,,,,,,,,,,
0.09636107832193375,0.09636107832193375,987,126463,,,,,,,,,,,,,,,,,,,,,,,,
0.09560883045196533,0.09560883045196533,988,126591,,,,,,,,,,,,,,,,,,,,,,,,
0.09576442092657089,0.09576442092657089,989,126719,,,,,,,,,,,,,,,,,,,,,,,,
0.09531760215759277,0.09531760215759277,990,126847,,,,,,,,,,,,,,,,,,,,,,,,
0.09595318138599396,0.09595318138599396,991,126975,,,,,,,,,,,,,,,,,,,,,,,,
0.09557319432497025,0.09557319432497025,992,127103,,,,,,,,,,,,,,,,,,,,,,,,
0.09530950337648392,0.09530950337648392,993,127231,,,,,,,,,,,,,,,,,,,,,,,,
0.09515558928251266,0.09515558928251266,994,127359,,,,,,,,,,,,,,,,,,,,,,,,
0.09506719559431076,0.09506719559431076,995,127487,,,,,,,,,,,,,,,,,,,,,,,,
0.0962536633014679,0.0962536633014679,996,127615,,,,,,,,,,,,,,,,,,,,,,,,
0.09661546349525452,0.09661546349525452,997,127743,,,,,,,,,,,,,,,,,,,,,,,,
0.09643182158470154,0.09643182158470154,998,127871,,,,,,,,,,,,,,,,,,,,,,,,
0.0948452576994896,0.0948452576994896,999,127999,0.6238846969662895,0.49604478358567505,1.227406990090251,0.5936926313732022,0.45931077418266475,1.203263936921878,0.5929149934209805,0.4527863880280189,1.1913357393571755,0.6680792925362975,0.4985263750154436,1.2812206593131097,0.8142351362996979,0.614736870516169,1.541836904815207,1.017953484058853,0.8044635208034218,1.9063553571189904,1.176183229498788,0.982585433762043,2.2851803286361214,1.1349237458026245,0.9286282220768768,2.325345573694918
