train_loss,train_elbo_loss,epoch,step,val_CRPS_0.5,val_NRMSE_0.5,val_ND_0.5,val_CRPS_1.0,val_NRMSE_1.0,val_ND_1.0,val_CRPS_2.0,val_NRMSE_2.0,val_ND_2.0,val_CRPS_4.0,val_NRMSE_4.0,val_ND_4.0,val_CRPS_8.0,val_NRMSE_8.0,val_ND_8.0,val_CRPS_16.0,val_NRMSE_16.0,val_ND_16.0,val_CRPS_24.0,val_NRMSE_24.0,val_ND_24.0,val_CRPS_32.0,val_NRMSE_32.0,val_ND_32.0
0.3762795031070709,0.3762795031070709,0,127,,,,,,,,,,,,,,,,,,,,,,,,
0.27530601620674133,0.27530601620674133,1,255,,,,,,,,,,,,,,,,,,,,,,,,
0.25381338596343994,0.25381338596343994,2,383,,,,,,,,,,,,,,,,,,,,,,,,
0.09254036098718643,0.09254036098718643,3,511,,,,,,,,,,,,,,,,,,,,,,,,
0.08495283871889114,0.08495283871889114,4,639,,,,,,,,,,,,,,,,,,,,,,,,
0.3967348337173462,0.3967348337173462,5,767,,,,,,,,,,,,,,,,,,,,,,,,
0.16455484926700592,0.16455484926700592,6,895,,,,,,,,,,,,,,,,,,,,,,,,
0.19161342084407806,0.19161342084407806,7,1023,,,,,,,,,,,,,,,,,,,,,,,,
0.06983388960361481,0.06983388960361481,8,1151,,,,,,,,,,,,,,,,,,,,,,,,
0.23057103157043457,0.23057103157043457,9,1279,,,,,,,,,,,,,,,,,,,,,,,,
0.06926579028367996,0.06926579028367996,10,1407,,,,,,,,,,,,,,,,,,,,,,,,
0.06891316175460815,0.06891316175460815,11,1535,,,,,,,,,,,,,,,,,,,,,,,,
0.09071476757526398,0.09071476757526398,12,1663,,,,,,,,,,,,,,,,,,,,,,,,
0.09519320726394653,0.09519320726394653,13,1791,,,,,,,,,,,,,,,,,,,,,,,,
0.06357462704181671,0.06357462704181671,14,1919,,,,,,,,,,,,,,,,,,,,,,,,
0.06393636763095856,0.06393636763095856,15,2047,,,,,,,,,,,,,,,,,,,,,,,,
0.17210352420806885,0.17210352420806885,16,2175,,,,,,,,,,,,,,,,,,,,,,,,
0.063592828810215,0.063592828810215,17,2303,,,,,,,,,,,,,,,,,,,,,,,,
0.10305215418338776,0.10305215418338776,18,2431,,,,,,,,,,,,,,,,,,,,,,,,
0.10000146180391312,0.10000146180391312,19,2559,,,,,,,,,,,,,,,,,,,,,,,,
0.10864833742380142,0.10864833742380142,20,2687,,,,,,,,,,,,,,,,,,,,,,,,
0.06081389635801315,0.06081389635801315,21,2815,,,,,,,,,,,,,,,,,,,,,,,,
0.17550203204154968,0.17550203204154968,22,2943,,,,,,,,,,,,,,,,,,,,,,,,
0.06048958748579025,0.06048958748579025,23,3071,,,,,,,,,,,,,,,,,,,,,,,,
0.3306795060634613,0.3306795060634613,24,3199,,,,,,,,,,,,,,,,,,,,,,,,
0.06831280887126923,0.06831280887126923,25,3327,,,,,,,,,,,,,,,,,,,,,,,,
0.28270578384399414,0.28270578384399414,26,3455,,,,,,,,,,,,,,,,,,,,,,,,
0.09777438640594482,0.09777438640594482,27,3583,,,,,,,,,,,,,,,,,,,,,,,,
0.05863979458808899,0.05863979458808899,28,3711,,,,,,,,,,,,,,,,,,,,,,,,
0.1967480331659317,0.1967480331659317,29,3839,,,,,,,,,,,,,,,,,,,,,,,,
0.05938258022069931,0.05938258022069931,30,3967,,,,,,,,,,,,,,,,,,,,,,,,
0.05470404028892517,0.05470404028892517,31,4095,,,,,,,,,,,,,,,,,,,,,,,,
0.060091979801654816,0.060091979801654816,32,4223,,,,,,,,,,,,,,,,,,,,,,,,
0.27113670110702515,0.27113670110702515,33,4351,,,,,,,,,,,,,,,,,,,,,,,,
0.06275634467601776,0.06275634467601776,34,4479,,,,,,,,,,,,,,,,,,,,,,,,
0.05725032463669777,0.05725032463669777,35,4607,,,,,,,,,,,,,,,,,,,,,,,,
0.06130252033472061,0.06130252033472061,36,4735,,,,,,,,,,,,,,,,,,,,,,,,
0.13472780585289001,0.13472780585289001,37,4863,,,,,,,,,,,,,,,,,,,,,,,,
0.06696944683790207,0.06696944683790207,38,4991,,,,,,,,,,,,,,,,,,,,,,,,
0.05474649369716644,0.05474649369716644,39,5119,,,,,,,,,,,,,,,,,,,,,,,,
0.13680772483348846,0.13680772483348846,40,5247,,,,,,,,,,,,,,,,,,,,,,,,
0.20952312648296356,0.20952312648296356,41,5375,,,,,,,,,,,,,,,,,,,,,,,,
0.05662345886230469,0.05662345886230469,42,5503,,,,,,,,,,,,,,,,,,,,,,,,
0.05594303086400032,0.05594303086400032,43,5631,,,,,,,,,,,,,,,,,,,,,,,,
0.054166194051504135,0.054166194051504135,44,5759,,,,,,,,,,,,,,,,,,,,,,,,
0.05269747972488403,0.05269747972488403,45,5887,,,,,,,,,,,,,,,,,,,,,,,,
0.05460391938686371,0.05460391938686371,46,6015,,,,,,,,,,,,,,,,,,,,,,,,
0.11695164442062378,0.11695164442062378,47,6143,,,,,,,,,,,,,,,,,,,,,,,,
0.10046842694282532,0.10046842694282532,48,6271,,,,,,,,,,,,,,,,,,,,,,,,
0.05262961611151695,0.05262961611151695,49,6399,,,,,,,,,,,,,,,,,,,,,,,,
0.18691636621952057,0.18691636621952057,50,6527,,,,,,,,,,,,,,,,,,,,,,,,
0.05527374893426895,0.05527374893426895,51,6655,,,,,,,,,,,,,,,,,,,,,,,,
0.12202920019626617,0.12202920019626617,52,6783,,,,,,,,,,,,,,,,,,,,,,,,
0.12379403412342072,0.12379403412342072,53,6911,,,,,,,,,,,,,,,,,,,,,,,,
0.056476838886737823,0.056476838886737823,54,7039,,,,,,,,,,,,,,,,,,,,,,,,
0.051726970821619034,0.051726970821619034,55,7167,,,,,,,,,,,,,,,,,,,,,,,,
0.05870923399925232,0.05870923399925232,56,7295,,,,,,,,,,,,,,,,,,,,,,,,
0.09347572922706604,0.09347572922706604,57,7423,,,,,,,,,,,,,,,,,,,,,,,,
0.06193990260362625,0.06193990260362625,58,7551,,,,,,,,,,,,,,,,,,,,,,,,
0.0553751140832901,0.0553751140832901,59,7679,,,,,,,,,,,,,,,,,,,,,,,,
0.2148822695016861,0.2148822695016861,60,7807,,,,,,,,,,,,,,,,,,,,,,,,
0.05319312959909439,0.05319312959909439,61,7935,,,,,,,,,,,,,,,,,,,,,,,,
0.05527175962924957,0.05527175962924957,62,8063,,,,,,,,,,,,,,,,,,,,,,,,
0.06387993693351746,0.06387993693351746,63,8191,,,,,,,,,,,,,,,,,,,,,,,,
0.05206120014190674,0.05206120014190674,64,8319,,,,,,,,,,,,,,,,,,,,,,,,
0.05337321013212204,0.05337321013212204,65,8447,,,,,,,,,,,,,,,,,,,,,,,,
0.0552808940410614,0.0552808940410614,66,8575,,,,,,,,,,,,,,,,,,,,,,,,
0.22958916425704956,0.22958916425704956,67,8703,,,,,,,,,,,,,,,,,,,,,,,,
0.07007749378681183,0.07007749378681183,68,8831,,,,,,,,,,,,,,,,,,,,,,,,
0.12228020280599594,0.12228020280599594,69,8959,,,,,,,,,,,,,,,,,,,,,,,,
0.05962470918893814,0.05962470918893814,70,9087,,,,,,,,,,,,,,,,,,,,,,,,
0.05071445554494858,0.05071445554494858,71,9215,,,,,,,,,,,,,,,,,,,,,,,,
0.12090718001127243,0.12090718001127243,72,9343,,,,,,,,,,,,,,,,,,,,,,,,
0.07009852677583694,0.07009852677583694,73,9471,,,,,,,,,,,,,,,,,,,,,,,,
0.10116640478372574,0.10116640478372574,74,9599,,,,,,,,,,,,,,,,,,,,,,,,
0.05316702276468277,0.05316702276468277,75,9727,,,,,,,,,,,,,,,,,,,,,,,,
0.051103681325912476,0.051103681325912476,76,9855,,,,,,,,,,,,,,,,,,,,,,,,
0.051852405071258545,0.051852405071258545,77,9983,,,,,,,,,,,,,,,,,,,,,,,,
0.05241306871175766,0.05241306871175766,78,10111,,,,,,,,,,,,,,,,,,,,,,,,
0.12593290209770203,0.12593290209770203,79,10239,,,,,,,,,,,,,,,,,,,,,,,,
0.13480013608932495,0.13480013608932495,80,10367,,,,,,,,,,,,,,,,,,,,,,,,
0.05252481997013092,0.05252481997013092,81,10495,,,,,,,,,,,,,,,,,,,,,,,,
0.0912969782948494,0.0912969782948494,82,10623,,,,,,,,,,,,,,,,,,,,,,,,
0.07929843664169312,0.07929843664169312,83,10751,,,,,,,,,,,,,,,,,,,,,,,,
0.11389151960611343,0.11389151960611343,84,10879,,,,,,,,,,,,,,,,,,,,,,,,
0.07481615990400314,0.07481615990400314,85,11007,,,,,,,,,,,,,,,,,,,,,,,,
0.06078660488128662,0.06078660488128662,86,11135,,,,,,,,,,,,,,,,,,,,,,,,
0.10074625164270401,0.10074625164270401,87,11263,,,,,,,,,,,,,,,,,,,,,,,,
0.05696861818432808,0.05696861818432808,88,11391,,,,,,,,,,,,,,,,,,,,,,,,
0.05396389588713646,0.05396389588713646,89,11519,,,,,,,,,,,,,,,,,,,,,,,,
0.05870480835437775,0.05870480835437775,90,11647,,,,,,,,,,,,,,,,,,,,,,,,
0.11085303127765656,0.11085303127765656,91,11775,,,,,,,,,,,,,,,,,,,,,,,,
0.04876679182052612,0.04876679182052612,92,11903,,,,,,,,,,,,,,,,,,,,,,,,
0.07446950674057007,0.07446950674057007,93,12031,,,,,,,,,,,,,,,,,,,,,,,,
0.08129266649484634,0.08129266649484634,94,12159,,,,,,,,,,,,,,,,,,,,,,,,
0.05140654370188713,0.05140654370188713,95,12287,,,,,,,,,,,,,,,,,,,,,,,,
0.05029597133398056,0.05029597133398056,96,12415,,,,,,,,,,,,,,,,,,,,,,,,
0.13044027984142303,0.13044027984142303,97,12543,,,,,,,,,,,,,,,,,,,,,,,,
0.05677000805735588,0.05677000805735588,98,12671,,,,,,,,,,,,,,,,,,,,,,,,
0.10785552859306335,0.10785552859306335,99,12799,0.18404223202774028,1.8213394130707175,0.2059602779433049,0.08660339872070065,1.03465774001245,0.09185391753056414,0.053602929030774134,0.5341769698397579,0.061764227699342006,0.04890504973575093,0.42893473571057517,0.05971725599171763,0.04938652052221831,0.4545657906357254,0.058098579001272195,0.049558481733755474,0.4553097449278274,0.05611086340523187,0.04937853913174198,0.45369591608843574,0.056214917616460025,0.04879790156115956,0.45118965630052815,0.05669900036756249
0.04951973259449005,0.04951973259449005,100,12927,,,,,,,,,,,,,,,,,,,,,,,,
0.04992187023162842,0.04992187023162842,101,13055,,,,,,,,,,,,,,,,,,,,,,,,
0.04945831000804901,0.04945831000804901,102,13183,,,,,,,,,,,,,,,,,,,,,,,,
0.10689268261194229,0.10689268261194229,103,13311,,,,,,,,,,,,,,,,,,,,,,,,
0.08408413827419281,0.08408413827419281,104,13439,,,,,,,,,,,,,,,,,,,,,,,,
0.09349977225065231,0.09349977225065231,105,13567,,,,,,,,,,,,,,,,,,,,,,,,
0.1319645792245865,0.1319645792245865,106,13695,,,,,,,,,,,,,,,,,,,,,,,,
0.05083046481013298,0.05083046481013298,107,13823,,,,,,,,,,,,,,,,,,,,,,,,
0.13105735182762146,0.13105735182762146,108,13951,,,,,,,,,,,,,,,,,,,,,,,,
0.053951043635606766,0.053951043635606766,109,14079,,,,,,,,,,,,,,,,,,,,,,,,
0.05297805741429329,0.05297805741429329,110,14207,,,,,,,,,,,,,,,,,,,,,,,,
0.04854581132531166,0.04854581132531166,111,14335,,,,,,,,,,,,,,,,,,,,,,,,
0.07891374826431274,0.07891374826431274,112,14463,,,,,,,,,,,,,,,,,,,,,,,,
0.05396455153822899,0.05396455153822899,113,14591,,,,,,,,,,,,,,,,,,,,,,,,
0.1445310264825821,0.1445310264825821,114,14719,,,,,,,,,,,,,,,,,,,,,,,,
0.04774250462651253,0.04774250462651253,115,14847,,,,,,,,,,,,,,,,,,,,,,,,
0.0785873606801033,0.0785873606801033,116,14975,,,,,,,,,,,,,,,,,,,,,,,,
0.194414421916008,0.194414421916008,117,15103,,,,,,,,,,,,,,,,,,,,,,,,
0.05047143995761871,0.05047143995761871,118,15231,,,,,,,,,,,,,,,,,,,,,,,,
0.0552850179374218,0.0552850179374218,119,15359,,,,,,,,,,,,,,,,,,,,,,,,
0.04988435283303261,0.04988435283303261,120,15487,,,,,,,,,,,,,,,,,,,,,,,,
0.08374859392642975,0.08374859392642975,121,15615,,,,,,,,,,,,,,,,,,,,,,,,
0.12717454135417938,0.12717454135417938,122,15743,,,,,,,,,,,,,,,,,,,,,,,,
0.10041306167840958,0.10041306167840958,123,15871,,,,,,,,,,,,,,,,,,,,,,,,
0.04996711015701294,0.04996711015701294,124,15999,,,,,,,,,,,,,,,,,,,,,,,,
0.11495339870452881,0.11495339870452881,125,16127,,,,,,,,,,,,,,,,,,,,,,,,
0.051315177232027054,0.051315177232027054,126,16255,,,,,,,,,,,,,,,,,,,,,,,,
0.12103092670440674,0.12103092670440674,127,16383,,,,,,,,,,,,,,,,,,,,,,,,
0.09095828235149384,0.09095828235149384,128,16511,,,,,,,,,,,,,,,,,,,,,,,,
0.05041838809847832,0.05041838809847832,129,16639,,,,,,,,,,,,,,,,,,,,,,,,
0.08332690596580505,0.08332690596580505,130,16767,,,,,,,,,,,,,,,,,,,,,,,,
0.13477404415607452,0.13477404415607452,131,16895,,,,,,,,,,,,,,,,,,,,,,,,
0.11909454315900803,0.11909454315900803,132,17023,,,,,,,,,,,,,,,,,,,,,,,,
0.06773922592401505,0.06773922592401505,133,17151,,,,,,,,,,,,,,,,,,,,,,,,
0.08316554129123688,0.08316554129123688,134,17279,,,,,,,,,,,,,,,,,,,,,,,,
0.07536330819129944,0.07536330819129944,135,17407,,,,,,,,,,,,,,,,,,,,,,,,
0.04621603712439537,0.04621603712439537,136,17535,,,,,,,,,,,,,,,,,,,,,,,,
0.07460226118564606,0.07460226118564606,137,17663,,,,,,,,,,,,,,,,,,,,,,,,
0.05794965475797653,0.05794965475797653,138,17791,,,,,,,,,,,,,,,,,,,,,,,,
0.11521404981613159,0.11521404981613159,139,17919,,,,,,,,,,,,,,,,,,,,,,,,
0.06971046328544617,0.06971046328544617,140,18047,,,,,,,,,,,,,,,,,,,,,,,,
0.04887182638049126,0.04887182638049126,141,18175,,,,,,,,,,,,,,,,,,,,,,,,
0.04980329051613808,0.04980329051613808,142,18303,,,,,,,,,,,,,,,,,,,,,,,,
0.04754924029111862,0.04754924029111862,143,18431,,,,,,,,,,,,,,,,,,,,,,,,
0.058580003678798676,0.058580003678798676,144,18559,,,,,,,,,,,,,,,,,,,,,,,,
0.04791775345802307,0.04791775345802307,145,18687,,,,,,,,,,,,,,,,,,,,,,,,
0.11455569416284561,0.11455569416284561,146,18815,,,,,,,,,,,,,,,,,,,,,,,,
0.04941403120756149,0.04941403120756149,147,18943,,,,,,,,,,,,,,,,,,,,,,,,
0.07190143316984177,0.07190143316984177,148,19071,,,,,,,,,,,,,,,,,,,,,,,,
0.047404222190380096,0.047404222190380096,149,19199,,,,,,,,,,,,,,,,,,,,,,,,
0.06731553375720978,0.06731553375720978,150,19327,,,,,,,,,,,,,,,,,,,,,,,,
0.04728897288441658,0.04728897288441658,151,19455,,,,,,,,,,,,,,,,,,,,,,,,
0.07204065471887589,0.07204065471887589,152,19583,,,,,,,,,,,,,,,,,,,,,,,,
0.07397767901420593,0.07397767901420593,153,19711,,,,,,,,,,,,,,,,,,,,,,,,
0.04615026339888573,0.04615026339888573,154,19839,,,,,,,,,,,,,,,,,,,,,,,,
0.04443013295531273,0.04443013295531273,155,19967,,,,,,,,,,,,,,,,,,,,,,,,
0.04620210826396942,0.04620210826396942,156,20095,,,,,,,,,,,,,,,,,,,,,,,,
0.05506431683897972,0.05506431683897972,157,20223,,,,,,,,,,,,,,,,,,,,,,,,
0.04839417710900307,0.04839417710900307,158,20351,,,,,,,,,,,,,,,,,,,,,,,,
0.054255690425634384,0.054255690425634384,159,20479,,,,,,,,,,,,,,,,,,,,,,,,
0.04798997938632965,0.04798997938632965,160,20607,,,,,,,,,,,,,,,,,,,,,,,,
0.1362546682357788,0.1362546682357788,161,20735,,,,,,,,,,,,,,,,,,,,,,,,
0.05554875358939171,0.05554875358939171,162,20863,,,,,,,,,,,,,,,,,,,,,,,,
0.09133926033973694,0.09133926033973694,163,20991,,,,,,,,,,,,,,,,,,,,,,,,
0.044658467173576355,0.044658467173576355,164,21119,,,,,,,,,,,,,,,,,,,,,,,,
0.04455378279089928,0.04455378279089928,165,21247,,,,,,,,,,,,,,,,,,,,,,,,
0.06479545682668686,0.06479545682668686,166,21375,,,,,,,,,,,,,,,,,,,,,,,,
0.046721894294023514,0.046721894294023514,167,21503,,,,,,,,,,,,,,,,,,,,,,,,
0.07749674469232559,0.07749674469232559,168,21631,,,,,,,,,,,,,,,,,,,,,,,,
0.04501822963356972,0.04501822963356972,169,21759,,,,,,,,,,,,,,,,,,,,,,,,
0.07441039383411407,0.07441039383411407,170,21887,,,,,,,,,,,,,,,,,,,,,,,,
0.04585142061114311,0.04585142061114311,171,22015,,,,,,,,,,,,,,,,,,,,,,,,
0.04405292123556137,0.04405292123556137,172,22143,,,,,,,,,,,,,,,,,,,,,,,,
0.10284874588251114,0.10284874588251114,173,22271,,,,,,,,,,,,,,,,,,,,,,,,
0.043885841965675354,0.043885841965675354,174,22399,,,,,,,,,,,,,,,,,,,,,,,,
0.07641880214214325,0.07641880214214325,175,22527,,,,,,,,,,,,,,,,,,,,,,,,
0.06630624085664749,0.06630624085664749,176,22655,,,,,,,,,,,,,,,,,,,,,,,,
0.04502399265766144,0.04502399265766144,177,22783,,,,,,,,,,,,,,,,,,,,,,,,
0.08257580548524857,0.08257580548524857,178,22911,,,,,,,,,,,,,,,,,,,,,,,,
0.0581083670258522,0.0581083670258522,179,23039,,,,,,,,,,,,,,,,,,,,,,,,
0.044335443526506424,0.044335443526506424,180,23167,,,,,,,,,,,,,,,,,,,,,,,,
0.08537089824676514,0.08537089824676514,181,23295,,,,,,,,,,,,,,,,,,,,,,,,
0.04318622127175331,0.04318622127175331,182,23423,,,,,,,,,,,,,,,,,,,,,,,,
0.05254894867539406,0.05254894867539406,183,23551,,,,,,,,,,,,,,,,,,,,,,,,
0.04259021580219269,0.04259021580219269,184,23679,,,,,,,,,,,,,,,,,,,,,,,,
0.11031264811754227,0.11031264811754227,185,23807,,,,,,,,,,,,,,,,,,,,,,,,
0.043121058493852615,0.043121058493852615,186,23935,,,,,,,,,,,,,,,,,,,,,,,,
0.10151143372058868,0.10151143372058868,187,24063,,,,,,,,,,,,,,,,,,,,,,,,
0.04476142302155495,0.04476142302155495,188,24191,,,,,,,,,,,,,,,,,,,,,,,,
0.08712542802095413,0.08712542802095413,189,24319,,,,,,,,,,,,,,,,,,,,,,,,
0.14075446128845215,0.14075446128845215,190,24447,,,,,,,,,,,,,,,,,,,,,,,,
0.04966903477907181,0.04966903477907181,191,24575,,,,,,,,,,,,,,,,,,,,,,,,
0.04479234665632248,0.04479234665632248,192,24703,,,,,,,,,,,,,,,,,,,,,,,,
0.04545046389102936,0.04545046389102936,193,24831,,,,,,,,,,,,,,,,,,,,,,,,
0.045120008289813995,0.045120008289813995,194,24959,,,,,,,,,,,,,,,,,,,,,,,,
0.06397085636854172,0.06397085636854172,195,25087,,,,,,,,,,,,,,,,,,,,,,,,
0.049031078815460205,0.049031078815460205,196,25215,,,,,,,,,,,,,,,,,,,,,,,,
0.08954798430204391,0.08954798430204391,197,25343,,,,,,,,,,,,,,,,,,,,,,,,
0.043669603765010834,0.043669603765010834,198,25471,,,,,,,,,,,,,,,,,,,,,,,,
0.08251690864562988,0.08251690864562988,199,25599,0.19318811249843465,1.8700534683091328,0.20917997315408995,0.10245342897298126,1.187304863234138,0.11272457248931075,0.05853366109327402,0.64083114730554,0.06374691204663782,0.04788942274031946,0.43666011008896044,0.05827413563938293,0.04804276135770719,0.44298188262452853,0.057640164479289664,0.04988844776535029,0.4741180514223751,0.057421907993767604,0.050295220840096605,0.48039838101006005,0.057428774122733804,0.04993630233030959,0.4836462749928998,0.057920300173571714
0.044499073177576065,0.044499073177576065,200,25727,,,,,,,,,,,,,,,,,,,,,,,,
0.05021872743964195,0.05021872743964195,201,25855,,,,,,,,,,,,,,,,,,,,,,,,
0.045669957995414734,0.045669957995414734,202,25983,,,,,,,,,,,,,,,,,,,,,,,,
0.04822394251823425,0.04822394251823425,203,26111,,,,,,,,,,,,,,,,,,,,,,,,
0.04229751229286194,0.04229751229286194,204,26239,,,,,,,,,,,,,,,,,,,,,,,,
0.07305210083723068,0.07305210083723068,205,26367,,,,,,,,,,,,,,,,,,,,,,,,
0.045411620289087296,0.045411620289087296,206,26495,,,,,,,,,,,,,,,,,,,,,,,,
0.1389474719762802,0.1389474719762802,207,26623,,,,,,,,,,,,,,,,,,,,,,,,
0.0449494905769825,0.0449494905769825,208,26751,,,,,,,,,,,,,,,,,,,,,,,,
0.04360741004347801,0.04360741004347801,209,26879,,,,,,,,,,,,,,,,,,,,,,,,
0.04615601524710655,0.04615601524710655,210,27007,,,,,,,,,,,,,,,,,,,,,,,,
0.04208485782146454,0.04208485782146454,211,27135,,,,,,,,,,,,,,,,,,,,,,,,
0.05735451728105545,0.05735451728105545,212,27263,,,,,,,,,,,,,,,,,,,,,,,,
0.09372839331626892,0.09372839331626892,213,27391,,,,,,,,,,,,,,,,,,,,,,,,
0.04343293607234955,0.04343293607234955,214,27519,,,,,,,,,,,,,,,,,,,,,,,,
0.042110029608011246,0.042110029608011246,215,27647,,,,,,,,,,,,,,,,,,,,,,,,
0.04509042575955391,0.04509042575955391,216,27775,,,,,,,,,,,,,,,,,,,,,,,,
0.043595317751169205,0.043595317751169205,217,27903,,,,,,,,,,,,,,,,,,,,,,,,
0.07564542442560196,0.07564542442560196,218,28031,,,,,,,,,,,,,,,,,,,,,,,,
0.05706404894590378,0.05706404894590378,219,28159,,,,,,,,,,,,,,,,,,,,,,,,
0.04506392776966095,0.04506392776966095,220,28287,,,,,,,,,,,,,,,,,,,,,,,,
0.0529741607606411,0.0529741607606411,221,28415,,,,,,,,,,,,,,,,,,,,,,,,
0.0840560644865036,0.0840560644865036,222,28543,,,,,,,,,,,,,,,,,,,,,,,,
0.09322047233581543,0.09322047233581543,223,28671,,,,,,,,,,,,,,,,,,,,,,,,
0.04602634906768799,0.04602634906768799,224,28799,,,,,,,,,,,,,,,,,,,,,,,,
0.17419013381004333,0.17419013381004333,225,28927,,,,,,,,,,,,,,,,,,,,,,,,
0.12145736813545227,0.12145736813545227,226,29055,,,,,,,,,,,,,,,,,,,,,,,,
0.07053212821483612,0.07053212821483612,227,29183,,,,,,,,,,,,,,,,,,,,,,,,
0.05802493542432785,0.05802493542432785,228,29311,,,,,,,,,,,,,,,,,,,,,,,,
0.051990751177072525,0.051990751177072525,229,29439,,,,,,,,,,,,,,,,,,,,,,,,
0.044669948518276215,0.044669948518276215,230,29567,,,,,,,,,,,,,,,,,,,,,,,,
0.053431496024131775,0.053431496024131775,231,29695,,,,,,,,,,,,,,,,,,,,,,,,
0.0433870293200016,0.0433870293200016,232,29823,,,,,,,,,,,,,,,,,,,,,,,,
0.10934556275606155,0.10934556275606155,233,29951,,,,,,,,,,,,,,,,,,,,,,,,
0.07736466079950333,0.07736466079950333,234,30079,,,,,,,,,,,,,,,,,,,,,,,,
0.10284963250160217,0.10284963250160217,235,30207,,,,,,,,,,,,,,,,,,,,,,,,
0.07132992893457413,0.07132992893457413,236,30335,,,,,,,,,,,,,,,,,,,,,,,,
0.10118145495653152,0.10118145495653152,237,30463,,,,,,,,,,,,,,,,,,,,,,,,
0.06127059459686279,0.06127059459686279,238,30591,,,,,,,,,,,,,,,,,,,,,,,,
0.04277631267905235,0.04277631267905235,239,30719,,,,,,,,,,,,,,,,,,,,,,,,
0.05384521558880806,0.05384521558880806,240,30847,,,,,,,,,,,,,,,,,,,,,,,,
0.04589557647705078,0.04589557647705078,241,30975,,,,,,,,,,,,,,,,,,,,,,,,
0.0459037609398365,0.0459037609398365,242,31103,,,,,,,,,,,,,,,,,,,,,,,,
0.04347176477313042,0.04347176477313042,243,31231,,,,,,,,,,,,,,,,,,,,,,,,
0.06861762702465057,0.06861762702465057,244,31359,,,,,,,,,,,,,,,,,,,,,,,,
0.04234115034341812,0.04234115034341812,245,31487,,,,,,,,,,,,,,,,,,,,,,,,
0.05370164290070534,0.05370164290070534,246,31615,,,,,,,,,,,,,,,,,,,,,,,,
0.04322611913084984,0.04322611913084984,247,31743,,,,,,,,,,,,,,,,,,,,,,,,
0.04158714413642883,0.04158714413642883,248,31871,,,,,,,,,,,,,,,,,,,,,,,,
0.04252355545759201,0.04252355545759201,249,31999,,,,,,,,,,,,,,,,,,,,,,,,
0.040657274425029755,0.040657274425029755,250,32127,,,,,,,,,,,,,,,,,,,,,,,,
0.04132605344057083,0.04132605344057083,251,32255,,,,,,,,,,,,,,,,,,,,,,,,
0.052110299468040466,0.052110299468040466,252,32383,,,,,,,,,,,,,,,,,,,,,,,,
0.04405359551310539,0.04405359551310539,253,32511,,,,,,,,,,,,,,,,,,,,,,,,
0.040726203471422195,0.040726203471422195,254,32639,,,,,,,,,,,,,,,,,,,,,,,,
0.05782496556639671,0.05782496556639671,255,32767,,,,,,,,,,,,,,,,,,,,,,,,
0.04077697545289993,0.04077697545289993,256,32895,,,,,,,,,,,,,,,,,,,,,,,,
0.04024941846728325,0.04024941846728325,257,33023,,,,,,,,,,,,,,,,,,,,,,,,
0.08094348013401031,0.08094348013401031,258,33151,,,,,,,,,,,,,,,,,,,,,,,,
0.04013106971979141,0.04013106971979141,259,33279,,,,,,,,,,,,,,,,,,,,,,,,
0.05826953053474426,0.05826953053474426,260,33407,,,,,,,,,,,,,,,,,,,,,,,,
0.07099959254264832,0.07099959254264832,261,33535,,,,,,,,,,,,,,,,,,,,,,,,
0.04016993194818497,0.04016993194818497,262,33663,,,,,,,,,,,,,,,,,,,,,,,,
0.04036847501993179,0.04036847501993179,263,33791,,,,,,,,,,,,,,,,,,,,,,,,
0.07315773516893387,0.07315773516893387,264,33919,,,,,,,,,,,,,,,,,,,,,,,,
0.06565168499946594,0.06565168499946594,265,34047,,,,,,,,,,,,,,,,,,,,,,,,
0.10218081623315811,0.10218081623315811,266,34175,,,,,,,,,,,,,,,,,,,,,,,,
0.054785989224910736,0.054785989224910736,267,34303,,,,,,,,,,,,,,,,,,,,,,,,
0.04077301174402237,0.04077301174402237,268,34431,,,,,,,,,,,,,,,,,,,,,,,,
0.040948983281850815,0.040948983281850815,269,34559,,,,,,,,,,,,,,,,,,,,,,,,
0.04124049097299576,0.04124049097299576,270,34687,,,,,,,,,,,,,,,,,,,,,,,,
0.03721975162625313,0.03721975162625313,271,34815,,,,,,,,,,,,,,,,,,,,,,,,
0.09464339911937714,0.09464339911937714,272,34943,,,,,,,,,,,,,,,,,,,,,,,,
0.03911407291889191,0.03911407291889191,273,35071,,,,,,,,,,,,,,,,,,,,,,,,
0.05031396448612213,0.05031396448612213,274,35199,,,,,,,,,,,,,,,,,,,,,,,,
0.03959432989358902,0.03959432989358902,275,35327,,,,,,,,,,,,,,,,,,,,,,,,
0.05546550452709198,0.05546550452709198,276,35455,,,,,,,,,,,,,,,,,,,,,,,,
0.08271621912717819,0.08271621912717819,277,35583,,,,,,,,,,,,,,,,,,,,,,,,
0.0374751091003418,0.0374751091003418,278,35711,,,,,,,,,,,,,,,,,,,,,,,,
0.03938762843608856,0.03938762843608856,279,35839,,,,,,,,,,,,,,,,,,,,,,,,
0.04724665731191635,0.04724665731191635,280,35967,,,,,,,,,,,,,,,,,,,,,,,,
0.03772299736738205,0.03772299736738205,281,36095,,,,,,,,,,,,,,,,,,,,,,,,
0.03983770310878754,0.03983770310878754,282,36223,,,,,,,,,,,,,,,,,,,,,,,,
0.05282815545797348,0.05282815545797348,283,36351,,,,,,,,,,,,,,,,,,,,,,,,
0.06477713584899902,0.06477713584899902,284,36479,,,,,,,,,,,,,,,,,,,,,,,,
0.07317730039358139,0.07317730039358139,285,36607,,,,,,,,,,,,,,,,,,,,,,,,
0.15588900446891785,0.15588900446891785,286,36735,,,,,,,,,,,,,,,,,,,,,,,,
0.07138118147850037,0.07138118147850037,287,36863,,,,,,,,,,,,,,,,,,,,,,,,
0.04485585540533066,0.04485585540533066,288,36991,,,,,,,,,,,,,,,,,,,,,,,,
0.04894096776843071,0.04894096776843071,289,37119,,,,,,,,,,,,,,,,,,,,,,,,
0.05210471898317337,0.05210471898317337,290,37247,,,,,,,,,,,,,,,,,,,,,,,,
0.037088245153427124,0.037088245153427124,291,37375,,,,,,,,,,,,,,,,,,,,,,,,
0.048848628997802734,0.048848628997802734,292,37503,,,,,,,,,,,,,,,,,,,,,,,,
0.09264868497848511,0.09264868497848511,293,37631,,,,,,,,,,,,,,,,,,,,,,,,
0.038444049656391144,0.038444049656391144,294,37759,,,,,,,,,,,,,,,,,,,,,,,,
0.03975286707282066,0.03975286707282066,295,37887,,,,,,,,,,,,,,,,,,,,,,,,
0.03735039383172989,0.03735039383172989,296,38015,,,,,,,,,,,,,,,,,,,,,,,,
0.05247969925403595,0.05247969925403595,297,38143,,,,,,,,,,,,,,,,,,,,,,,,
0.04027905315160751,0.04027905315160751,298,38271,,,,,,,,,,,,,,,,,,,,,,,,
0.04016031697392464,0.04016031697392464,299,38399,0.1947422908579463,1.9357822351078582,0.21892660465807262,0.08893064821084881,1.0565639275001357,0.09664673542848949,0.05557329202605802,0.5351284142945764,0.06534256210681809,0.05124077802883526,0.47034652686751,0.06283317139022261,0.051884411556608556,0.5307939244352398,0.0626333972814762,0.05266238498341423,0.542495638015578,0.061075584386751855,0.052714634598412524,0.5361834599283934,0.060952023708094556,0.0520342053699027,0.5309692139256588,0.06087660508391734
0.08611496537923813,0.08611496537923813,300,38527,,,,,,,,,,,,,,,,,,,,,,,,
0.03582700714468956,0.03582700714468956,301,38655,,,,,,,,,,,,,,,,,,,,,,,,
0.05318203568458557,0.05318203568458557,302,38783,,,,,,,,,,,,,,,,,,,,,,,,
0.036608558148145676,0.036608558148145676,303,38911,,,,,,,,,,,,,,,,,,,,,,,,
0.0358257032930851,0.0358257032930851,304,39039,,,,,,,,,,,,,,,,,,,,,,,,
0.03877132013440132,0.03877132013440132,305,39167,,,,,,,,,,,,,,,,,,,,,,,,
0.04928738251328468,0.04928738251328468,306,39295,,,,,,,,,,,,,,,,,,,,,,,,
0.03691127896308899,0.03691127896308899,307,39423,,,,,,,,,,,,,,,,,,,,,,,,
0.058042991906404495,0.058042991906404495,308,39551,,,,,,,,,,,,,,,,,,,,,,,,
0.05977774038910866,0.05977774038910866,309,39679,,,,,,,,,,,,,,,,,,,,,,,,
0.036594659090042114,0.036594659090042114,310,39807,,,,,,,,,,,,,,,,,,,,,,,,
0.04601771757006645,0.04601771757006645,311,39935,,,,,,,,,,,,,,,,,,,,,,,,
0.04513759911060333,0.04513759911060333,312,40063,,,,,,,,,,,,,,,,,,,,,,,,
0.061515554785728455,0.061515554785728455,313,40191,,,,,,,,,,,,,,,,,,,,,,,,
0.03888506814837456,0.03888506814837456,314,40319,,,,,,,,,,,,,,,,,,,,,,,,
0.039196617901325226,0.039196617901325226,315,40447,,,,,,,,,,,,,,,,,,,,,,,,
0.04241125285625458,0.04241125285625458,316,40575,,,,,,,,,,,,,,,,,,,,,,,,
0.08744709193706512,0.08744709193706512,317,40703,,,,,,,,,,,,,,,,,,,,,,,,
0.04170144349336624,0.04170144349336624,318,40831,,,,,,,,,,,,,,,,,,,,,,,,
0.06672287732362747,0.06672287732362747,319,40959,,,,,,,,,,,,,,,,,,,,,,,,
0.03620282933115959,0.03620282933115959,320,41087,,,,,,,,,,,,,,,,,,,,,,,,
0.03667190298438072,0.03667190298438072,321,41215,,,,,,,,,,,,,,,,,,,,,,,,
0.03914245218038559,0.03914245218038559,322,41343,,,,,,,,,,,,,,,,,,,,,,,,
0.07814927399158478,0.07814927399158478,323,41471,,,,,,,,,,,,,,,,,,,,,,,,
0.0387236513197422,0.0387236513197422,324,41599,,,,,,,,,,,,,,,,,,,,,,,,
0.06619469821453094,0.06619469821453094,325,41727,,,,,,,,,,,,,,,,,,,,,,,,
0.03757890686392784,0.03757890686392784,326,41855,,,,,,,,,,,,,,,,,,,,,,,,
0.0738045796751976,0.0738045796751976,327,41983,,,,,,,,,,,,,,,,,,,,,,,,
0.07087984681129456,0.07087984681129456,328,42111,,,,,,,,,,,,,,,,,,,,,,,,
0.060518134385347366,0.060518134385347366,329,42239,,,,,,,,,,,,,,,,,,,,,,,,
0.042532991617918015,0.042532991617918015,330,42367,,,,,,,,,,,,,,,,,,,,,,,,
0.03707834705710411,0.03707834705710411,331,42495,,,,,,,,,,,,,,,,,,,,,,,,
0.03748151659965515,0.03748151659965515,332,42623,,,,,,,,,,,,,,,,,,,,,,,,
0.03984912112355232,0.03984912112355232,333,42751,,,,,,,,,,,,,,,,,,,,,,,,
0.04639448970556259,0.04639448970556259,334,42879,,,,,,,,,,,,,,,,,,,,,,,,
0.03852470964193344,0.03852470964193344,335,43007,,,,,,,,,,,,,,,,,,,,,,,,
0.055053602904081345,0.055053602904081345,336,43135,,,,,,,,,,,,,,,,,,,,,,,,
0.10551682114601135,0.10551682114601135,337,43263,,,,,,,,,,,,,,,,,,,,,,,,
0.03602106124162674,0.03602106124162674,338,43391,,,,,,,,,,,,,,,,,,,,,,,,
0.037548892199993134,0.037548892199993134,339,43519,,,,,,,,,,,,,,,,,,,,,,,,
0.062272053211927414,0.062272053211927414,340,43647,,,,,,,,,,,,,,,,,,,,,,,,
0.10604080557823181,0.10604080557823181,341,43775,,,,,,,,,,,,,,,,,,,,,,,,
0.036094654351472855,0.036094654351472855,342,43903,,,,,,,,,,,,,,,,,,,,,,,,
0.03637456148862839,0.03637456148862839,343,44031,,,,,,,,,,,,,,,,,,,,,,,,
0.03878266364336014,0.03878266364336014,344,44159,,,,,,,,,,,,,,,,,,,,,,,,
0.07795353978872299,0.07795353978872299,345,44287,,,,,,,,,,,,,,,,,,,,,,,,
0.03654011711478233,0.03654011711478233,346,44415,,,,,,,,,,,,,,,,,,,,,,,,
0.0376470610499382,0.0376470610499382,347,44543,,,,,,,,,,,,,,,,,,,,,,,,
0.03627903386950493,0.03627903386950493,348,44671,,,,,,,,,,,,,,,,,,,,,,,,
0.03600003942847252,0.03600003942847252,349,44799,,,,,,,,,,,,,,,,,,,,,,,,
0.03634312003850937,0.03634312003850937,350,44927,,,,,,,,,,,,,,,,,,,,,,,,
0.037096671760082245,0.037096671760082245,351,45055,,,,,,,,,,,,,,,,,,,,,,,,
0.0362149253487587,0.0362149253487587,352,45183,,,,,,,,,,,,,,,,,,,,,,,,
0.05197859928011894,0.05197859928011894,353,45311,,,,,,,,,,,,,,,,,,,,,,,,
0.06311047077178955,0.06311047077178955,354,45439,,,,,,,,,,,,,,,,,,,,,,,,
0.044991955161094666,0.044991955161094666,355,45567,,,,,,,,,,,,,,,,,,,,,,,,
0.03631425276398659,0.03631425276398659,356,45695,,,,,,,,,,,,,,,,,,,,,,,,
0.079975426197052,0.079975426197052,357,45823,,,,,,,,,,,,,,,,,,,,,,,,
0.0713278204202652,0.0713278204202652,358,45951,,,,,,,,,,,,,,,,,,,,,,,,
0.06064713001251221,0.06064713001251221,359,46079,,,,,,,,,,,,,,,,,,,,,,,,
0.03736597299575806,0.03736597299575806,360,46207,,,,,,,,,,,,,,,,,,,,,,,,
0.05906889960169792,0.05906889960169792,361,46335,,,,,,,,,,,,,,,,,,,,,,,,
0.0677671954035759,0.0677671954035759,362,46463,,,,,,,,,,,,,,,,,,,,,,,,
0.03699056804180145,0.03699056804180145,363,46591,,,,,,,,,,,,,,,,,,,,,,,,
0.035793088376522064,0.035793088376522064,364,46719,,,,,,,,,,,,,,,,,,,,,,,,
0.06614699214696884,0.06614699214696884,365,46847,,,,,,,,,,,,,,,,,,,,,,,,
0.03807720169425011,0.03807720169425011,366,46975,,,,,,,,,,,,,,,,,,,,,,,,
0.03516622632741928,0.03516622632741928,367,47103,,,,,,,,,,,,,,,,,,,,,,,,
0.08446430414915085,0.08446430414915085,368,47231,,,,,,,,,,,,,,,,,,,,,,,,
0.03724125027656555,0.03724125027656555,369,47359,,,,,,,,,,,,,,,,,,,,,,,,
0.06145421788096428,0.06145421788096428,370,47487,,,,,,,,,,,,,,,,,,,,,,,,
0.03572217747569084,0.03572217747569084,371,47615,,,,,,,,,,,,,,,,,,,,,,,,
0.12939365208148956,0.12939365208148956,372,47743,,,,,,,,,,,,,,,,,,,,,,,,
0.06596527993679047,0.06596527993679047,373,47871,,,,,,,,,,,,,,,,,,,,,,,,
0.048021551221609116,0.048021551221609116,374,47999,,,,,,,,,,,,,,,,,,,,,,,,
0.0352165587246418,0.0352165587246418,375,48127,,,,,,,,,,,,,,,,,,,,,,,,
0.06044718623161316,0.06044718623161316,376,48255,,,,,,,,,,,,,,,,,,,,,,,,
0.05831991136074066,0.05831991136074066,377,48383,,,,,,,,,,,,,,,,,,,,,,,,
0.038641806691884995,0.038641806691884995,378,48511,,,,,,,,,,,,,,,,,,,,,,,,
0.06494860351085663,0.06494860351085663,379,48639,,,,,,,,,,,,,,,,,,,,,,,,
0.037228092551231384,0.037228092551231384,380,48767,,,,,,,,,,,,,,,,,,,,,,,,
0.07178447395563126,0.07178447395563126,381,48895,,,,,,,,,,,,,,,,,,,,,,,,
0.06012067571282387,0.06012067571282387,382,49023,,,,,,,,,,,,,,,,,,,,,,,,
0.03680659458041191,0.03680659458041191,383,49151,,,,,,,,,,,,,,,,,,,,,,,,
0.03558192029595375,0.03558192029595375,384,49279,,,,,,,,,,,,,,,,,,,,,,,,
0.06253573298454285,0.06253573298454285,385,49407,,,,,,,,,,,,,,,,,,,,,,,,
0.03875581920146942,0.03875581920146942,386,49535,,,,,,,,,,,,,,,,,,,,,,,,
0.036494117230176926,0.036494117230176926,387,49663,,,,,,,,,,,,,,,,,,,,,,,,
0.03580772504210472,0.03580772504210472,388,49791,,,,,,,,,,,,,,,,,,,,,,,,
0.04493671655654907,0.04493671655654907,389,49919,,,,,,,,,,,,,,,,,,,,,,,,
0.10493059456348419,0.10493059456348419,390,50047,,,,,,,,,,,,,,,,,,,,,,,,
0.03616315871477127,0.03616315871477127,391,50175,,,,,,,,,,,,,,,,,,,,,,,,
0.04540245607495308,0.04540245607495308,392,50303,,,,,,,,,,,,,,,,,,,,,,,,
0.04706792160868645,0.04706792160868645,393,50431,,,,,,,,,,,,,,,,,,,,,,,,
0.04410231485962868,0.04410231485962868,394,50559,,,,,,,,,,,,,,,,,,,,,,,,
0.08124915510416031,0.08124915510416031,395,50687,,,,,,,,,,,,,,,,,,,,,,,,
0.06643074750900269,0.06643074750900269,396,50815,,,,,,,,,,,,,,,,,,,,,,,,
0.03823128715157509,0.03823128715157509,397,50943,,,,,,,,,,,,,,,,,,,,,,,,
0.03480762988328934,0.03480762988328934,398,51071,,,,,,,,,,,,,,,,,,,,,,,,
0.05962439253926277,0.05962439253926277,399,51199,0.1569184042601019,1.6152323945454552,0.17877360316408028,0.07461918334016895,0.8356749689304276,0.07946725095119926,0.05321753202083532,0.502242076861512,0.06481146198365757,0.050496754073424466,0.4973060716996385,0.06161199476518728,0.05113429942130335,0.5453623438166966,0.06164489048702159,0.05230887843476025,0.549595306634724,0.06070504083887545,0.05267505029741194,0.5417437298583284,0.06046435442830983,0.05236095717489872,0.5405761321179281,0.06063106538944011
0.09989958256483078,0.09989958256483078,400,51327,,,,,,,,,,,,,,,,,,,,,,,,
0.04064229503273964,0.04064229503273964,401,51455,,,,,,,,,,,,,,,,,,,,,,,,
0.06904590874910355,0.06904590874910355,402,51583,,,,,,,,,,,,,,,,,,,,,,,,
0.05833496153354645,0.05833496153354645,403,51711,,,,,,,,,,,,,,,,,,,,,,,,
0.0691111758351326,0.0691111758351326,404,51839,,,,,,,,,,,,,,,,,,,,,,,,
0.0392727367579937,0.0392727367579937,405,51967,,,,,,,,,,,,,,,,,,,,,,,,
0.0666159987449646,0.0666159987449646,406,52095,,,,,,,,,,,,,,,,,,,,,,,,
0.035675276070833206,0.035675276070833206,407,52223,,,,,,,,,,,,,,,,,,,,,,,,
0.041832808405160904,0.041832808405160904,408,52351,,,,,,,,,,,,,,,,,,,,,,,,
0.04093202203512192,0.04093202203512192,409,52479,,,,,,,,,,,,,,,,,,,,,,,,
0.03743651509284973,0.03743651509284973,410,52607,,,,,,,,,,,,,,,,,,,,,,,,
0.03708615154027939,0.03708615154027939,411,52735,,,,,,,,,,,,,,,,,,,,,,,,
0.03601553663611412,0.03601553663611412,412,52863,,,,,,,,,,,,,,,,,,,,,,,,
0.03711148351430893,0.03711148351430893,413,52991,,,,,,,,,,,,,,,,,,,,,,,,
0.12675993144512177,0.12675993144512177,414,53119,,,,,,,,,,,,,,,,,,,,,,,,
0.04164792224764824,0.04164792224764824,415,53247,,,,,,,,,,,,,,,,,,,,,,,,
0.05523812398314476,0.05523812398314476,416,53375,,,,,,,,,,,,,,,,,,,,,,,,
0.03596369922161102,0.03596369922161102,417,53503,,,,,,,,,,,,,,,,,,,,,,,,
0.0372655913233757,0.0372655913233757,418,53631,,,,,,,,,,,,,,,,,,,,,,,,
0.03484746441245079,0.03484746441245079,419,53759,,,,,,,,,,,,,,,,,,,,,,,,
0.03653451427817345,0.03653451427817345,420,53887,,,,,,,,,,,,,,,,,,,,,,,,
0.06404253095388412,0.06404253095388412,421,54015,,,,,,,,,,,,,,,,,,,,,,,,
0.07689546793699265,0.07689546793699265,422,54143,,,,,,,,,,,,,,,,,,,,,,,,
0.03742436692118645,0.03742436692118645,423,54271,,,,,,,,,,,,,,,,,,,,,,,,
0.03478443995118141,0.03478443995118141,424,54399,,,,,,,,,,,,,,,,,,,,,,,,
0.05996778607368469,0.05996778607368469,425,54527,,,,,,,,,,,,,,,,,,,,,,,,
0.09683887660503387,0.09683887660503387,426,54655,,,,,,,,,,,,,,,,,,,,,,,,
0.03829333931207657,0.03829333931207657,427,54783,,,,,,,,,,,,,,,,,,,,,,,,
0.058566730469465256,0.058566730469465256,428,54911,,,,,,,,,,,,,,,,,,,,,,,,
0.03814620152115822,0.03814620152115822,429,55039,,,,,,,,,,,,,,,,,,,,,,,,
0.047545962035655975,0.047545962035655975,430,55167,,,,,,,,,,,,,,,,,,,,,,,,
0.050848037004470825,0.050848037004470825,431,55295,,,,,,,,,,,,,,,,,,,,,,,,
0.035711780190467834,0.035711780190467834,432,55423,,,,,,,,,,,,,,,,,,,,,,,,
0.03520066291093826,0.03520066291093826,433,55551,,,,,,,,,,,,,,,,,,,,,,,,
0.07026087492704391,0.07026087492704391,434,55679,,,,,,,,,,,,,,,,,,,,,,,,
0.03825860098004341,0.03825860098004341,435,55807,,,,,,,,,,,,,,,,,,,,,,,,
0.03769289329648018,0.03769289329648018,436,55935,,,,,,,,,,,,,,,,,,,,,,,,
0.037449806928634644,0.037449806928634644,437,56063,,,,,,,,,,,,,,,,,,,,,,,,
0.036175571382045746,0.036175571382045746,438,56191,,,,,,,,,,,,,,,,,,,,,,,,
0.04621030390262604,0.04621030390262604,439,56319,,,,,,,,,,,,,,,,,,,,,,,,
0.08483041077852249,0.08483041077852249,440,56447,,,,,,,,,,,,,,,,,,,,,,,,
0.049736734479665756,0.049736734479665756,441,56575,,,,,,,,,,,,,,,,,,,,,,,,
0.03789762035012245,0.03789762035012245,442,56703,,,,,,,,,,,,,,,,,,,,,,,,
0.04720224067568779,0.04720224067568779,443,56831,,,,,,,,,,,,,,,,,,,,,,,,
0.03898497298359871,0.03898497298359871,444,56959,,,,,,,,,,,,,,,,,,,,,,,,
0.039290983229875565,0.039290983229875565,445,57087,,,,,,,,,,,,,,,,,,,,,,,,
0.03697701916098595,0.03697701916098595,446,57215,,,,,,,,,,,,,,,,,,,,,,,,
0.037392545491456985,0.037392545491456985,447,57343,,,,,,,,,,,,,,,,,,,,,,,,
0.03695863112807274,0.03695863112807274,448,57471,,,,,,,,,,,,,,,,,,,,,,,,
0.08863233774900436,0.08863233774900436,449,57599,,,,,,,,,,,,,,,,,,,,,,,,
0.03430808708071709,0.03430808708071709,450,57727,,,,,,,,,,,,,,,,,,,,,,,,
0.05358818918466568,0.05358818918466568,451,57855,,,,,,,,,,,,,,,,,,,,,,,,
0.038074590265750885,0.038074590265750885,452,57983,,,,,,,,,,,,,,,,,,,,,,,,
0.048243556171655655,0.048243556171655655,453,58111,,,,,,,,,,,,,,,,,,,,,,,,
0.03560657426714897,0.03560657426714897,454,58239,,,,,,,,,,,,,,,,,,,,,,,,
0.10585163533687592,0.10585163533687592,455,58367,,,,,,,,,,,,,,,,,,,,,,,,
0.06483828276395798,0.06483828276395798,456,58495,,,,,,,,,,,,,,,,,,,,,,,,
0.07176221162080765,0.07176221162080765,457,58623,,,,,,,,,,,,,,,,,,,,,,,,
0.03597027808427811,0.03597027808427811,458,58751,,,,,,,,,,,,,,,,,,,,,,,,
0.07190506160259247,0.07190506160259247,459,58879,,,,,,,,,,,,,,,,,,,,,,,,
0.03495702147483826,0.03495702147483826,460,59007,,,,,,,,,,,,,,,,,,,,,,,,
0.0790916159749031,0.0790916159749031,461,59135,,,,,,,,,,,,,,,,,,,,,,,,
0.0368378572165966,0.0368378572165966,462,59263,,,,,,,,,,,,,,,,,,,,,,,,
0.03797689452767372,0.03797689452767372,463,59391,,,,,,,,,,,,,,,,,,,,,,,,
0.05692485347390175,0.05692485347390175,464,59519,,,,,,,,,,,,,,,,,,,,,,,,
0.09762126207351685,0.09762126207351685,465,59647,,,,,,,,,,,,,,,,,,,,,,,,
0.0378863699734211,0.0378863699734211,466,59775,,,,,,,,,,,,,,,,,,,,,,,,
0.03713513910770416,0.03713513910770416,467,59903,,,,,,,,,,,,,,,,,,,,,,,,
0.08896449208259583,0.08896449208259583,468,60031,,,,,,,,,,,,,,,,,,,,,,,,
0.05968717113137245,0.05968717113137245,469,60159,,,,,,,,,,,,,,,,,,,,,,,,
0.038917426019907,0.038917426019907,470,60287,,,,,,,,,,,,,,,,,,,,,,,,
0.04679137095808983,0.04679137095808983,471,60415,,,,,,,,,,,,,,,,,,,,,,,,
0.034279197454452515,0.034279197454452515,472,60543,,,,,,,,,,,,,,,,,,,,,,,,
0.0355738066136837,0.0355738066136837,473,60671,,,,,,,,,,,,,,,,,,,,,,,,
0.04333186149597168,0.04333186149597168,474,60799,,,,,,,,,,,,,,,,,,,,,,,,
0.04227333515882492,0.04227333515882492,475,60927,,,,,,,,,,,,,,,,,,,,,,,,
0.046637162566185,0.046637162566185,476,61055,,,,,,,,,,,,,,,,,,,,,,,,
0.08176718652248383,0.08176718652248383,477,61183,,,,,,,,,,,,,,,,,,,,,,,,
0.03417009115219116,0.03417009115219116,478,61311,,,,,,,,,,,,,,,,,,,,,,,,
0.052200231701135635,0.052200231701135635,479,61439,,,,,,,,,,,,,,,,,,,,,,,,
0.0383383184671402,0.0383383184671402,480,61567,,,,,,,,,,,,,,,,,,,,,,,,
0.07923609763383865,0.07923609763383865,481,61695,,,,,,,,,,,,,,,,,,,,,,,,
0.04880250245332718,0.04880250245332718,482,61823,,,,,,,,,,,,,,,,,,,,,,,,
0.03553418070077896,0.03553418070077896,483,61951,,,,,,,,,,,,,,,,,,,,,,,,
0.03621337562799454,0.03621337562799454,484,62079,,,,,,,,,,,,,,,,,,,,,,,,
0.04356556013226509,0.04356556013226509,485,62207,,,,,,,,,,,,,,,,,,,,,,,,
0.03382617607712746,0.03382617607712746,486,62335,,,,,,,,,,,,,,,,,,,,,,,,
0.03652676194906235,0.03652676194906235,487,62463,,,,,,,,,,,,,,,,,,,,,,,,
0.035869769752025604,0.035869769752025604,488,62591,,,,,,,,,,,,,,,,,,,,,,,,
0.05645081773400307,0.05645081773400307,489,62719,,,,,,,,,,,,,,,,,,,,,,,,
0.04592624679207802,0.04592624679207802,490,62847,,,,,,,,,,,,,,,,,,,,,,,,
0.03478249907493591,0.03478249907493591,491,62975,,,,,,,,,,,,,,,,,,,,,,,,
0.03616217151284218,0.03616217151284218,492,63103,,,,,,,,,,,,,,,,,,,,,,,,
0.03635566309094429,0.03635566309094429,493,63231,,,,,,,,,,,,,,,,,,,,,,,,
0.03738555684685707,0.03738555684685707,494,63359,,,,,,,,,,,,,,,,,,,,,,,,
0.04580634832382202,0.04580634832382202,495,63487,,,,,,,,,,,,,,,,,,,,,,,,
0.03690570965409279,0.03690570965409279,496,63615,,,,,,,,,,,,,,,,,,,,,,,,
0.03626629710197449,0.03626629710197449,497,63743,,,,,,,,,,,,,,,,,,,,,,,,
0.0462372750043869,0.0462372750043869,498,63871,,,,,,,,,,,,,,,,,,,,,,,,
0.03517083823680878,0.03517083823680878,499,63999,0.22600074975998508,2.2665777433258145,0.25556148424634423,0.10107050608492743,1.2799690924313096,0.10584560167691447,0.05897825315964717,0.6610110598180482,0.0649076101724411,0.05030962061887954,0.4729251262886607,0.061125681585604906,0.050237893418469556,0.4749919120616657,0.05944413676137847,0.05162793108674563,0.4857723550507379,0.05916733111054547,0.05176422459182079,0.48666011049313684,0.05900527172339681,0.05126376404045771,0.4868430740074874,0.05887248610128223
0.06524790078401566,0.06524790078401566,500,64127,,,,,,,,,,,,,,,,,,,,,,,,
0.03383513540029526,0.03383513540029526,501,64255,,,,,,,,,,,,,,,,,,,,,,,,
0.050761833786964417,0.050761833786964417,502,64383,,,,,,,,,,,,,,,,,,,,,,,,
0.05281054601073265,0.05281054601073265,503,64511,,,,,,,,,,,,,,,,,,,,,,,,
0.034601300954818726,0.034601300954818726,504,64639,,,,,,,,,,,,,,,,,,,,,,,,
0.05136521905660629,0.05136521905660629,505,64767,,,,,,,,,,,,,,,,,,,,,,,,
0.035089269280433655,0.035089269280433655,506,64895,,,,,,,,,,,,,,,,,,,,,,,,
0.08874158561229706,0.08874158561229706,507,65023,,,,,,,,,,,,,,,,,,,,,,,,
0.033639099448919296,0.033639099448919296,508,65151,,,,,,,,,,,,,,,,,,,,,,,,
0.058312542736530304,0.058312542736530304,509,65279,,,,,,,,,,,,,,,,,,,,,,,,
0.06022518500685692,0.06022518500685692,510,65407,,,,,,,,,,,,,,,,,,,,,,,,
0.03521977737545967,0.03521977737545967,511,65535,,,,,,,,,,,,,,,,,,,,,,,,
0.03343658521771431,0.03343658521771431,512,65663,,,,,,,,,,,,,,,,,,,,,,,,
0.05069562420248985,0.05069562420248985,513,65791,,,,,,,,,,,,,,,,,,,,,,,,
0.0486263670027256,0.0486263670027256,514,65919,,,,,,,,,,,,,,,,,,,,,,,,
0.03656034916639328,0.03656034916639328,515,66047,,,,,,,,,,,,,,,,,,,,,,,,
0.05959603562951088,0.05959603562951088,516,66175,,,,,,,,,,,,,,,,,,,,,,,,
0.06386273354291916,0.06386273354291916,517,66303,,,,,,,,,,,,,,,,,,,,,,,,
0.036873746663331985,0.036873746663331985,518,66431,,,,,,,,,,,,,,,,,,,,,,,,
0.03477024659514427,0.03477024659514427,519,66559,,,,,,,,,,,,,,,,,,,,,,,,
0.06581849604845047,0.06581849604845047,520,66687,,,,,,,,,,,,,,,,,,,,,,,,
0.03533613681793213,0.03533613681793213,521,66815,,,,,,,,,,,,,,,,,,,,,,,,
0.08303231000900269,0.08303231000900269,522,66943,,,,,,,,,,,,,,,,,,,,,,,,
0.03538203239440918,0.03538203239440918,523,67071,,,,,,,,,,,,,,,,,,,,,,,,
0.03553004935383797,0.03553004935383797,524,67199,,,,,,,,,,,,,,,,,,,,,,,,
0.06039891764521599,0.06039891764521599,525,67327,,,,,,,,,,,,,,,,,,,,,,,,
0.08646229654550552,0.08646229654550552,526,67455,,,,,,,,,,,,,,,,,,,,,,,,
0.05072789639234543,0.05072789639234543,527,67583,,,,,,,,,,,,,,,,,,,,,,,,
0.12585459649562836,0.12585459649562836,528,67711,,,,,,,,,,,,,,,,,,,,,,,,
0.03876582905650139,0.03876582905650139,529,67839,,,,,,,,,,,,,,,,,,,,,,,,
0.03533422201871872,0.03533422201871872,530,67967,,,,,,,,,,,,,,,,,,,,,,,,
0.053564876317977905,0.053564876317977905,531,68095,,,,,,,,,,,,,,,,,,,,,,,,
0.04252723231911659,0.04252723231911659,532,68223,,,,,,,,,,,,,,,,,,,,,,,,
0.05155947059392929,0.05155947059392929,533,68351,,,,,,,,,,,,,,,,,,,,,,,,
0.06882280856370926,0.06882280856370926,534,68479,,,,,,,,,,,,,,,,,,,,,,,,
0.03679736331105232,0.03679736331105232,535,68607,,,,,,,,,,,,,,,,,,,,,,,,
0.03330007568001747,0.03330007568001747,536,68735,,,,,,,,,,,,,,,,,,,,,,,,
0.04799836128950119,0.04799836128950119,537,68863,,,,,,,,,,,,,,,,,,,,,,,,
0.041368335485458374,0.041368335485458374,538,68991,,,,,,,,,,,,,,,,,,,,,,,,
0.03562663123011589,0.03562663123011589,539,69119,,,,,,,,,,,,,,,,,,,,,,,,
0.03458527848124504,0.03458527848124504,540,69247,,,,,,,,,,,,,,,,,,,,,,,,
0.049237243831157684,0.049237243831157684,541,69375,,,,,,,,,,,,,,,,,,,,,,,,
0.05747124180197716,0.05747124180197716,542,69503,,,,,,,,,,,,,,,,,,,,,,,,
0.0688200518488884,0.0688200518488884,543,69631,,,,,,,,,,,,,,,,,,,,,,,,
0.03627025708556175,0.03627025708556175,544,69759,,,,,,,,,,,,,,,,,,,,,,,,
0.056408148258924484,0.056408148258924484,545,69887,,,,,,,,,,,,,,,,,,,,,,,,
0.08006837964057922,0.08006837964057922,546,70015,,,,,,,,,,,,,,,,,,,,,,,,
0.165863499045372,0.165863499045372,547,70143,,,,,,,,,,,,,,,,,,,,,,,,
0.04445793107151985,0.04445793107151985,548,70271,,,,,,,,,,,,,,,,,,,,,,,,
0.03655685484409332,0.03655685484409332,549,70399,,,,,,,,,,,,,,,,,,,,,,,,
0.050872351974248886,0.050872351974248886,550,70527,,,,,,,,,,,,,,,,,,,,,,,,
0.045808326452970505,0.045808326452970505,551,70655,,,,,,,,,,,,,,,,,,,,,,,,
0.035342320799827576,0.035342320799827576,552,70783,,,,,,,,,,,,,,,,,,,,,,,,
0.034845296293497086,0.034845296293497086,553,70911,,,,,,,,,,,,,,,,,,,,,,,,
0.03580135479569435,0.03580135479569435,554,71039,,,,,,,,,,,,,,,,,,,,,,,,
0.03685108572244644,0.03685108572244644,555,71167,,,,,,,,,,,,,,,,,,,,,,,,
0.05840687453746796,0.05840687453746796,556,71295,,,,,,,,,,,,,,,,,,,,,,,,
0.033583153039216995,0.033583153039216995,557,71423,,,,,,,,,,,,,,,,,,,,,,,,
0.07207110524177551,0.07207110524177551,558,71551,,,,,,,,,,,,,,,,,,,,,,,,
0.04839533939957619,0.04839533939957619,559,71679,,,,,,,,,,,,,,,,,,,,,,,,
0.10192195326089859,0.10192195326089859,560,71807,,,,,,,,,,,,,,,,,,,,,,,,
0.03439289331436157,0.03439289331436157,561,71935,,,,,,,,,,,,,,,,,,,,,,,,
0.046459391713142395,0.046459391713142395,562,72063,,,,,,,,,,,,,,,,,,,,,,,,
0.03557466343045235,0.03557466343045235,563,72191,,,,,,,,,,,,,,,,,,,,,,,,
0.04923241585493088,0.04923241585493088,564,72319,,,,,,,,,,,,,,,,,,,,,,,,
0.04979110136628151,0.04979110136628151,565,72447,,,,,,,,,,,,,,,,,,,,,,,,
0.047986242920160294,0.047986242920160294,566,72575,,,,,,,,,,,,,,,,,,,,,,,,
0.033801350742578506,0.033801350742578506,567,72703,,,,,,,,,,,,,,,,,,,,,,,,
0.07727165520191193,0.07727165520191193,568,72831,,,,,,,,,,,,,,,,,,,,,,,,
0.03862515836954117,0.03862515836954117,569,72959,,,,,,,,,,,,,,,,,,,,,,,,
0.034390535205602646,0.034390535205602646,570,73087,,,,,,,,,,,,,,,,,,,,,,,,
0.03524376079440117,0.03524376079440117,571,73215,,,,,,,,,,,,,,,,,,,,,,,,
0.035190775990486145,0.035190775990486145,572,73343,,,,,,,,,,,,,,,,,,,,,,,,
0.03561443090438843,0.03561443090438843,573,73471,,,,,,,,,,,,,,,,,,,,,,,,
0.035481829196214676,0.035481829196214676,574,73599,,,,,,,,,,,,,,,,,,,,,,,,
0.07294891029596329,0.07294891029596329,575,73727,,,,,,,,,,,,,,,,,,,,,,,,
0.04308324679732323,0.04308324679732323,576,73855,,,,,,,,,,,,,,,,,,,,,,,,
0.034472934901714325,0.034472934901714325,577,73983,,,,,,,,,,,,,,,,,,,,,,,,
0.033525653183460236,0.033525653183460236,578,74111,,,,,,,,,,,,,,,,,,,,,,,,
0.03431757166981697,0.03431757166981697,579,74239,,,,,,,,,,,,,,,,,,,,,,,,
0.05956030637025833,0.05956030637025833,580,74367,,,,,,,,,,,,,,,,,,,,,,,,
0.07535339891910553,0.07535339891910553,581,74495,,,,,,,,,,,,,,,,,,,,,,,,
0.056227970868349075,0.056227970868349075,582,74623,,,,,,,,,,,,,,,,,,,,,,,,
0.07096251845359802,0.07096251845359802,583,74751,,,,,,,,,,,,,,,,,,,,,,,,
0.03536581993103027,0.03536581993103027,584,74879,,,,,,,,,,,,,,,,,,,,,,,,
0.034815214574337006,0.034815214574337006,585,75007,,,,,,,,,,,,,,,,,,,,,,,,
0.036727555096149445,0.036727555096149445,586,75135,,,,,,,,,,,,,,,,,,,,,,,,
0.03372772037982941,0.03372772037982941,587,75263,,,,,,,,,,,,,,,,,,,,,,,,
0.04431798309087753,0.04431798309087753,588,75391,,,,,,,,,,,,,,,,,,,,,,,,
0.04122015833854675,0.04122015833854675,589,75519,,,,,,,,,,,,,,,,,,,,,,,,
0.06259264051914215,0.06259264051914215,590,75647,,,,,,,,,,,,,,,,,,,,,,,,
0.04149317368865013,0.04149317368865013,591,75775,,,,,,,,,,,,,,,,,,,,,,,,
0.043900977820158005,0.043900977820158005,592,75903,,,,,,,,,,,,,,,,,,,,,,,,
0.03733803704380989,0.03733803704380989,593,76031,,,,,,,,,,,,,,,,,,,,,,,,
0.052800413221120834,0.052800413221120834,594,76159,,,,,,,,,,,,,,,,,,,,,,,,
0.035464704036712646,0.035464704036712646,595,76287,,,,,,,,,,,,,,,,,,,,,,,,
0.049301739782094955,0.049301739782094955,596,76415,,,,,,,,,,,,,,,,,,,,,,,,
0.057576533406972885,0.057576533406972885,597,76543,,,,,,,,,,,,,,,,,,,,,,,,
0.05676655471324921,0.05676655471324921,598,76671,,,,,,,,,,,,,,,,,,,,,,,,
0.06483006477355957,0.06483006477355957,599,76799,0.1822371601723893,1.882488696502264,0.20587355297519203,0.08265039558564084,1.0280182135203406,0.08643086131251998,0.052970110189045995,0.5543687416464715,0.06137052892926102,0.0481451437361552,0.4460177259523569,0.05898332428200443,0.04861768321124018,0.47628934602341694,0.05840580938580975,0.05028461315969035,0.4882441719953158,0.05841188126753099,0.05067698903525085,0.48790617402066594,0.05796760844563779,0.050350777939580586,0.48840379463500694,0.058034286748930825
0.06893644481897354,0.06893644481897354,600,76927,,,,,,,,,,,,,,,,,,,,,,,,
0.03885309770703316,0.03885309770703316,601,77055,,,,,,,,,,,,,,,,,,,,,,,,
0.03391951695084572,0.03391951695084572,602,77183,,,,,,,,,,,,,,,,,,,,,,,,
0.04364496469497681,0.04364496469497681,603,77311,,,,,,,,,,,,,,,,,,,,,,,,
0.04938485845923424,0.04938485845923424,604,77439,,,,,,,,,,,,,,,,,,,,,,,,
0.034421656280756,0.034421656280756,605,77567,,,,,,,,,,,,,,,,,,,,,,,,
0.050267141312360764,0.050267141312360764,606,77695,,,,,,,,,,,,,,,,,,,,,,,,
0.03579504415392876,0.03579504415392876,607,77823,,,,,,,,,,,,,,,,,,,,,,,,
0.033594612032175064,0.033594612032175064,608,77951,,,,,,,,,,,,,,,,,,,,,,,,
0.059050410985946655,0.059050410985946655,609,78079,,,,,,,,,,,,,,,,,,,,,,,,
0.05803610011935234,0.05803610011935234,610,78207,,,,,,,,,,,,,,,,,,,,,,,,
0.03554437682032585,0.03554437682032585,611,78335,,,,,,,,,,,,,,,,,,,,,,,,
0.03502020984888077,0.03502020984888077,612,78463,,,,,,,,,,,,,,,,,,,,,,,,
0.03743937611579895,0.03743937611579895,613,78591,,,,,,,,,,,,,,,,,,,,,,,,
0.04641956463456154,0.04641956463456154,614,78719,,,,,,,,,,,,,,,,,,,,,,,,
0.060568541288375854,0.060568541288375854,615,78847,,,,,,,,,,,,,,,,,,,,,,,,
0.04532044380903244,0.04532044380903244,616,78975,,,,,,,,,,,,,,,,,,,,,,,,
0.0373617447912693,0.0373617447912693,617,79103,,,,,,,,,,,,,,,,,,,,,,,,
0.03589310497045517,0.03589310497045517,618,79231,,,,,,,,,,,,,,,,,,,,,,,,
0.04711601138114929,0.04711601138114929,619,79359,,,,,,,,,,,,,,,,,,,,,,,,
0.09822399169206619,0.09822399169206619,620,79487,,,,,,,,,,,,,,,,,,,,,,,,
0.05819873511791229,0.05819873511791229,621,79615,,,,,,,,,,,,,,,,,,,,,,,,
0.05843893066048622,0.05843893066048622,622,79743,,,,,,,,,,,,,,,,,,,,,,,,
0.04088897258043289,0.04088897258043289,623,79871,,,,,,,,,,,,,,,,,,,,,,,,
0.06356114894151688,0.06356114894151688,624,79999,,,,,,,,,,,,,,,,,,,,,,,,
0.03512449935078621,0.03512449935078621,625,80127,,,,,,,,,,,,,,,,,,,,,,,,
0.03565956652164459,0.03565956652164459,626,80255,,,,,,,,,,,,,,,,,,,,,,,,
0.04913395270705223,0.04913395270705223,627,80383,,,,,,,,,,,,,,,,,,,,,,,,
0.035665810108184814,0.035665810108184814,628,80511,,,,,,,,,,,,,,,,,,,,,,,,
0.03439294919371605,0.03439294919371605,629,80639,,,,,,,,,,,,,,,,,,,,,,,,
0.04769684001803398,0.04769684001803398,630,80767,,,,,,,,,,,,,,,,,,,,,,,,
0.041413430124521255,0.041413430124521255,631,80895,,,,,,,,,,,,,,,,,,,,,,,,
0.0341804139316082,0.0341804139316082,632,81023,,,,,,,,,,,,,,,,,,,,,,,,
0.03365509212017059,0.03365509212017059,633,81151,,,,,,,,,,,,,,,,,,,,,,,,
0.039740532636642456,0.039740532636642456,634,81279,,,,,,,,,,,,,,,,,,,,,,,,
0.04508450627326965,0.04508450627326965,635,81407,,,,,,,,,,,,,,,,,,,,,,,,
0.07709689438343048,0.07709689438343048,636,81535,,,,,,,,,,,,,,,,,,,,,,,,
0.03629392758011818,0.03629392758011818,637,81663,,,,,,,,,,,,,,,,,,,,,,,,
0.033785078674554825,0.033785078674554825,638,81791,,,,,,,,,,,,,,,,,,,,,,,,
0.03470449894666672,0.03470449894666672,639,81919,,,,,,,,,,,,,,,,,,,,,,,,
0.04249592497944832,0.04249592497944832,640,82047,,,,,,,,,,,,,,,,,,,,,,,,
0.03522857278585434,0.03522857278585434,641,82175,,,,,,,,,,,,,,,,,,,,,,,,
0.04262435808777809,0.04262435808777809,642,82303,,,,,,,,,,,,,,,,,,,,,,,,
0.0339248888194561,0.0339248888194561,643,82431,,,,,,,,,,,,,,,,,,,,,,,,
0.05969582870602608,0.05969582870602608,644,82559,,,,,,,,,,,,,,,,,,,,,,,,
0.03862280771136284,0.03862280771136284,645,82687,,,,,,,,,,,,,,,,,,,,,,,,
0.03535310551524162,0.03535310551524162,646,82815,,,,,,,,,,,,,,,,,,,,,,,,
0.06368302553892136,0.06368302553892136,647,82943,,,,,,,,,,,,,,,,,,,,,,,,
0.035241615027189255,0.035241615027189255,648,83071,,,,,,,,,,,,,,,,,,,,,,,,
0.05148248001933098,0.05148248001933098,649,83199,,,,,,,,,,,,,,,,,,,,,,,,
0.03397214785218239,0.03397214785218239,650,83327,,,,,,,,,,,,,,,,,,,,,,,,
0.05381210148334503,0.05381210148334503,651,83455,,,,,,,,,,,,,,,,,,,,,,,,
0.1902313530445099,0.1902313530445099,652,83583,,,,,,,,,,,,,,,,,,,,,,,,
0.05252738296985626,0.05252738296985626,653,83711,,,,,,,,,,,,,,,,,,,,,,,,
0.04870600625872612,0.04870600625872612,654,83839,,,,,,,,,,,,,,,,,,,,,,,,
0.03342409059405327,0.03342409059405327,655,83967,,,,,,,,,,,,,,,,,,,,,,,,
0.07984818518161774,0.07984818518161774,656,84095,,,,,,,,,,,,,,,,,,,,,,,,
0.03467703238129616,0.03467703238129616,657,84223,,,,,,,,,,,,,,,,,,,,,,,,
0.03478385880589485,0.03478385880589485,658,84351,,,,,,,,,,,,,,,,,,,,,,,,
0.0333365723490715,0.0333365723490715,659,84479,,,,,,,,,,,,,,,,,,,,,,,,
0.06704200059175491,0.06704200059175491,660,84607,,,,,,,,,,,,,,,,,,,,,,,,
0.05448004603385925,0.05448004603385925,661,84735,,,,,,,,,,,,,,,,,,,,,,,,
0.05335497483611107,0.05335497483611107,662,84863,,,,,,,,,,,,,,,,,,,,,,,,
0.07578180730342865,0.07578180730342865,663,84991,,,,,,,,,,,,,,,,,,,,,,,,
0.04635148122906685,0.04635148122906685,664,85119,,,,,,,,,,,,,,,,,,,,,,,,
0.035501182079315186,0.035501182079315186,665,85247,,,,,,,,,,,,,,,,,,,,,,,,
0.06978428363800049,0.06978428363800049,666,85375,,,,,,,,,,,,,,,,,,,,,,,,
0.03482425957918167,0.03482425957918167,667,85503,,,,,,,,,,,,,,,,,,,,,,,,
0.03488415852189064,0.03488415852189064,668,85631,,,,,,,,,,,,,,,,,,,,,,,,
0.03184960409998894,0.03184960409998894,669,85759,,,,,,,,,,,,,,,,,,,,,,,,
0.032235682010650635,0.032235682010650635,670,85887,,,,,,,,,,,,,,,,,,,,,,,,
0.06505987793207169,0.06505987793207169,671,86015,,,,,,,,,,,,,,,,,,,,,,,,
0.04277052730321884,0.04277052730321884,672,86143,,,,,,,,,,,,,,,,,,,,,,,,
0.03365038335323334,0.03365038335323334,673,86271,,,,,,,,,,,,,,,,,,,,,,,,
0.03446736931800842,0.03446736931800842,674,86399,,,,,,,,,,,,,,,,,,,,,,,,
0.0635552778840065,0.0635552778840065,675,86527,,,,,,,,,,,,,,,,,,,,,,,,
0.04004126787185669,0.04004126787185669,676,86655,,,,,,,,,,,,,,,,,,,,,,,,
0.08473117649555206,0.08473117649555206,677,86783,,,,,,,,,,,,,,,,,,,,,,,,
0.03410770371556282,0.03410770371556282,678,86911,,,,,,,,,,,,,,,,,,,,,,,,
0.046467337757349014,0.046467337757349014,679,87039,,,,,,,,,,,,,,,,,,,,,,,,
0.051499225199222565,0.051499225199222565,680,87167,,,,,,,,,,,,,,,,,,,,,,,,
0.08366546779870987,0.08366546779870987,681,87295,,,,,,,,,,,,,,,,,,,,,,,,
0.057725295424461365,0.057725295424461365,682,87423,,,,,,,,,,,,,,,,,,,,,,,,
0.04729059711098671,0.04729059711098671,683,87551,,,,,,,,,,,,,,,,,,,,,,,,
0.04026591032743454,0.04026591032743454,684,87679,,,,,,,,,,,,,,,,,,,,,,,,
0.03472859412431717,0.03472859412431717,685,87807,,,,,,,,,,,,,,,,,,,,,,,,
0.06584426015615463,0.06584426015615463,686,87935,,,,,,,,,,,,,,,,,,,,,,,,
0.060582347214221954,0.060582347214221954,687,88063,,,,,,,,,,,,,,,,,,,,,,,,
0.03495058789849281,0.03495058789849281,688,88191,,,,,,,,,,,,,,,,,,,,,,,,
0.03343129903078079,0.03343129903078079,689,88319,,,,,,,,,,,,,,,,,,,,,,,,
0.06236176937818527,0.06236176937818527,690,88447,,,,,,,,,,,,,,,,,,,,,,,,
0.038050998002290726,0.038050998002290726,691,88575,,,,,,,,,,,,,,,,,,,,,,,,
0.03355991095304489,0.03355991095304489,692,88703,,,,,,,,,,,,,,,,,,,,,,,,
0.09332743287086487,0.09332743287086487,693,88831,,,,,,,,,,,,,,,,,,,,,,,,
0.03743014857172966,0.03743014857172966,694,88959,,,,,,,,,,,,,,,,,,,,,,,,
0.049351662397384644,0.049351662397384644,695,89087,,,,,,,,,,,,,,,,,,,,,,,,
0.03378649428486824,0.03378649428486824,696,89215,,,,,,,,,,,,,,,,,,,,,,,,
0.03347468003630638,0.03347468003630638,697,89343,,,,,,,,,,,,,,,,,,,,,,,,
0.061795178800821304,0.061795178800821304,698,89471,,,,,,,,,,,,,,,,,,,,,,,,
0.050252802670001984,0.050252802670001984,699,89599,0.16471778619922048,1.730959527195147,0.18836942148807193,0.07879035503196902,0.8927887785232712,0.08442630314590559,0.05569229248119704,0.5058721415462326,0.0675582144052368,0.05178060083436215,0.48262810185742694,0.06336968891437789,0.05110456518079885,0.5241007691439629,0.06188893981462212,0.0517483261711082,0.5317083320441781,0.06009780629004072,0.051888414613815624,0.5301670937815608,0.060195299001305796,0.05124129161932383,0.5652495289564761,0.060267404212964254
