train_loss,train_elbo_loss,epoch,step,val_CRPS_2.0,val_NRMSE_2.0,val_ND_2.0,val_CRPS_4.0,val_NRMSE_4.0,val_ND_4.0,val_CRPS_8.0,val_NRMSE_8.0,val_ND_8.0,val_CRPS_16.0,val_NRMSE_16.0,val_ND_16.0,val_CRPS_24.0,val_NRMSE_24.0,val_ND_24.0,val_CRPS_32.0,val_NRMSE_32.0,val_ND_32.0
0.7203067541122437,0.7203067541122437,0,127,,,,,,,,,,,,,,,,,,
0.44202831387519836,0.44202831387519836,1,255,,,,,,,,,,,,,,,,,,
0.31663385033607483,0.31663385033607483,2,383,,,,,,,,,,,,,,,,,,
0.2770806550979614,0.2770806550979614,3,511,,,,,,,,,,,,,,,,,,
0.25927871465682983,0.25927871465682983,4,639,,,,,,,,,,,,,,,,,,
0.24597695469856262,0.24597695469856262,5,767,,,,,,,,,,,,,,,,,,
0.22837069630622864,0.22837069630622864,6,895,,,,,,,,,,,,,,,,,,
0.22311493754386902,0.22311493754386902,7,1023,,,,,,,,,,,,,,,,,,
0.2192327231168747,0.2192327231168747,8,1151,,,,,,,,,,,,,,,,,,
0.21736131608486176,0.21736131608486176,9,1279,,,,,,,,,,,,,,,,,,
0.21087037026882172,0.21087037026882172,10,1407,,,,,,,,,,,,,,,,,,
0.20543207228183746,0.20543207228183746,11,1535,,,,,,,,,,,,,,,,,,
0.2057042419910431,0.2057042419910431,12,1663,,,,,,,,,,,,,,,,,,
0.20296843349933624,0.20296843349933624,13,1791,,,,,,,,,,,,,,,,,,
0.19291971623897552,0.19291971623897552,14,1919,,,,,,,,,,,,,,,,,,
0.19491273164749146,0.19491273164749146,15,2047,,,,,,,,,,,,,,,,,,
0.19272121787071228,0.19272121787071228,16,2175,,,,,,,,,,,,,,,,,,
0.19212056696414948,0.19212056696414948,17,2303,,,,,,,,,,,,,,,,,,
0.19409915804862976,0.19409915804862976,18,2431,,,,,,,,,,,,,,,,,,
0.18781469762325287,0.18781469762325287,19,2559,,,,,,,,,,,,,,,,,,
0.18748009204864502,0.18748009204864502,20,2687,,,,,,,,,,,,,,,,,,
0.18323302268981934,0.18323302268981934,21,2815,,,,,,,,,,,,,,,,,,
0.18573784828186035,0.18573784828186035,22,2943,,,,,,,,,,,,,,,,,,
0.18727828562259674,0.18727828562259674,23,3071,,,,,,,,,,,,,,,,,,
0.18272902071475983,0.18272902071475983,24,3199,,,,,,,,,,,,,,,,,,
0.1796998232603073,0.1796998232603073,25,3327,,,,,,,,,,,,,,,,,,
0.18048590421676636,0.18048590421676636,26,3455,,,,,,,,,,,,,,,,,,
0.17587006092071533,0.17587006092071533,27,3583,,,,,,,,,,,,,,,,,,
0.17705120146274567,0.17705120146274567,28,3711,,,,,,,,,,,,,,,,,,
0.17240728437900543,0.17240728437900543,29,3839,,,,,,,,,,,,,,,,,,
0.17184466123580933,0.17184466123580933,30,3967,,,,,,,,,,,,,,,,,,
0.16955527663230896,0.16955527663230896,31,4095,,,,,,,,,,,,,,,,,,
0.17199566960334778,0.17199566960334778,32,4223,,,,,,,,,,,,,,,,,,
0.16997051239013672,0.16997051239013672,33,4351,,,,,,,,,,,,,,,,,,
0.16884174942970276,0.16884174942970276,34,4479,,,,,,,,,,,,,,,,,,
0.17014366388320923,0.17014366388320923,35,4607,,,,,,,,,,,,,,,,,,
0.1676729917526245,0.1676729917526245,36,4735,,,,,,,,,,,,,,,,,,
0.16573768854141235,0.16573768854141235,37,4863,,,,,,,,,,,,,,,,,,
0.16416947543621063,0.16416947543621063,38,4991,,,,,,,,,,,,,,,,,,
0.16418808698654175,0.16418808698654175,39,5119,,,,,,,,,,,,,,,,,,
0.16277416050434113,0.16277416050434113,40,5247,,,,,,,,,,,,,,,,,,
0.16512350738048553,0.16512350738048553,41,5375,,,,,,,,,,,,,,,,,,
0.15915325284004211,0.15915325284004211,42,5503,,,,,,,,,,,,,,,,,,
0.16296137869358063,0.16296137869358063,43,5631,,,,,,,,,,,,,,,,,,
0.16585636138916016,0.16585636138916016,44,5759,,,,,,,,,,,,,,,,,,
0.16208183765411377,0.16208183765411377,45,5887,,,,,,,,,,,,,,,,,,
0.16169500350952148,0.16169500350952148,46,6015,,,,,,,,,,,,,,,,,,
0.16047605872154236,0.16047605872154236,47,6143,,,,,,,,,,,,,,,,,,
0.16170866787433624,0.16170866787433624,48,6271,,,,,,,,,,,,,,,,,,
0.15826067328453064,0.15826067328453064,49,6399,0.1451681447532452,0.44617714890039667,0.1607053092326012,0.12603886986006713,0.39757621936327703,0.1461227571603288,0.12033594540094662,0.3808687347548495,0.14280375142478616,0.12120854353516397,0.3785282629244449,0.15050757272277882,0.13012642283274306,0.39008470553064367,0.17231650743871102,0.1479815260048893,0.4287846297920076,0.209440397379816
0.15897038578987122,0.15897038578987122,50,6527,,,,,,,,,,,,,,,,,,
0.16085588932037354,0.16085588932037354,51,6655,,,,,,,,,,,,,,,,,,
0.15832768380641937,0.15832768380641937,52,6783,,,,,,,,,,,,,,,,,,
0.1582770049571991,0.1582770049571991,53,6911,,,,,,,,,,,,,,,,,,
0.15725234150886536,0.15725234150886536,54,7039,,,,,,,,,,,,,,,,,,
0.15455107390880585,0.15455107390880585,55,7167,,,,,,,,,,,,,,,,,,
0.15595535933971405,0.15595535933971405,56,7295,,,,,,,,,,,,,,,,,,
0.1532062590122223,0.1532062590122223,57,7423,,,,,,,,,,,,,,,,,,
0.15723146498203278,0.15723146498203278,58,7551,,,,,,,,,,,,,,,,,,
0.15388096868991852,0.15388096868991852,59,7679,,,,,,,,,,,,,,,,,,
0.1547035127878189,0.1547035127878189,60,7807,,,,,,,,,,,,,,,,,,
0.15569071471691132,0.15569071471691132,61,7935,,,,,,,,,,,,,,,,,,
0.15413017570972443,0.15413017570972443,62,8063,,,,,,,,,,,,,,,,,,
0.14916695654392242,0.14916695654392242,63,8191,,,,,,,,,,,,,,,,,,
0.15394805371761322,0.15394805371761322,64,8319,,,,,,,,,,,,,,,,,,
0.15319357812404633,0.15319357812404633,65,8447,,,,,,,,,,,,,,,,,,
0.14922702312469482,0.14922702312469482,66,8575,,,,,,,,,,,,,,,,,,
0.15279649198055267,0.15279649198055267,67,8703,,,,,,,,,,,,,,,,,,
0.15355806052684784,0.15355806052684784,68,8831,,,,,,,,,,,,,,,,,,
0.15202596783638,0.15202596783638,69,8959,,,,,,,,,,,,,,,,,,
0.15134844183921814,0.15134844183921814,70,9087,,,,,,,,,,,,,,,,,,
0.15314285457134247,0.15314285457134247,71,9215,,,,,,,,,,,,,,,,,,
0.14801082015037537,0.14801082015037537,72,9343,,,,,,,,,,,,,,,,,,
0.15278083086013794,0.15278083086013794,73,9471,,,,,,,,,,,,,,,,,,
0.15380345284938812,0.15380345284938812,74,9599,,,,,,,,,,,,,,,,,,
0.1518843173980713,0.1518843173980713,75,9727,,,,,,,,,,,,,,,,,,
0.151247039437294,0.151247039437294,76,9855,,,,,,,,,,,,,,,,,,
0.1497090458869934,0.1497090458869934,77,9983,,,,,,,,,,,,,,,,,,
0.15051299333572388,0.15051299333572388,78,10111,,,,,,,,,,,,,,,,,,
0.14505811035633087,0.14505811035633087,79,10239,,,,,,,,,,,,,,,,,,
0.1491483449935913,0.1491483449935913,80,10367,,,,,,,,,,,,,,,,,,
0.14751562476158142,0.14751562476158142,81,10495,,,,,,,,,,,,,,,,,,
0.14932924509048462,0.14932924509048462,82,10623,,,,,,,,,,,,,,,,,,
0.15038923919200897,0.15038923919200897,83,10751,,,,,,,,,,,,,,,,,,
0.14724169671535492,0.14724169671535492,84,10879,,,,,,,,,,,,,,,,,,
0.14571529626846313,0.14571529626846313,85,11007,,,,,,,,,,,,,,,,,,
0.14773397147655487,0.14773397147655487,86,11135,,,,,,,,,,,,,,,,,,
0.14590482413768768,0.14590482413768768,87,11263,,,,,,,,,,,,,,,,,,
0.1439078450202942,0.1439078450202942,88,11391,,,,,,,,,,,,,,,,,,
0.14537131786346436,0.14537131786346436,89,11519,,,,,,,,,,,,,,,,,,
0.14756238460540771,0.14756238460540771,90,11647,,,,,,,,,,,,,,,,,,
0.1458040177822113,0.1458040177822113,91,11775,,,,,,,,,,,,,,,,,,
0.14437630772590637,0.14437630772590637,92,11903,,,,,,,,,,,,,,,,,,
0.14716693758964539,0.14716693758964539,93,12031,,,,,,,,,,,,,,,,,,
0.1411982923746109,0.1411982923746109,94,12159,,,,,,,,,,,,,,,,,,
0.14421331882476807,0.14421331882476807,95,12287,,,,,,,,,,,,,,,,,,
0.14401023089885712,0.14401023089885712,96,12415,,,,,,,,,,,,,,,,,,
0.1434706449508667,0.1434706449508667,97,12543,,,,,,,,,,,,,,,,,,
0.1437404900789261,0.1437404900789261,98,12671,,,,,,,,,,,,,,,,,,
0.1429375857114792,0.1429375857114792,99,12799,0.14829341039619665,0.45171869767528017,0.1641254762840984,0.12662736480402145,0.39830863803395844,0.1499671095235858,0.12149746026565593,0.38278074570406556,0.14804466422391102,0.12084062418000213,0.37898017891764285,0.151147644793153,0.12517424508895328,0.38967430355908644,0.16224348905983993,0.13362213733684636,0.4139332338281866,0.1805274237072247
0.14405860006809235,0.14405860006809235,100,12927,,,,,,,,,,,,,,,,,,
0.14334318041801453,0.14334318041801453,101,13055,,,,,,,,,,,,,,,,,,
0.14331386983394623,0.14331386983394623,102,13183,,,,,,,,,,,,,,,,,,
0.14188235998153687,0.14188235998153687,103,13311,,,,,,,,,,,,,,,,,,
0.14053931832313538,0.14053931832313538,104,13439,,,,,,,,,,,,,,,,,,
0.1407262235879898,0.1407262235879898,105,13567,,,,,,,,,,,,,,,,,,
0.1405138522386551,0.1405138522386551,106,13695,,,,,,,,,,,,,,,,,,
0.1433391124010086,0.1433391124010086,107,13823,,,,,,,,,,,,,,,,,,
0.14088240265846252,0.14088240265846252,108,13951,,,,,,,,,,,,,,,,,,
0.14233621954917908,0.14233621954917908,109,14079,,,,,,,,,,,,,,,,,,
0.13962042331695557,0.13962042331695557,110,14207,,,,,,,,,,,,,,,,,,
0.13998377323150635,0.13998377323150635,111,14335,,,,,,,,,,,,,,,,,,
0.13966591656208038,0.13966591656208038,112,14463,,,,,,,,,,,,,,,,,,
0.13910986483097076,0.13910986483097076,113,14591,,,,,,,,,,,,,,,,,,
0.14156067371368408,0.14156067371368408,114,14719,,,,,,,,,,,,,,,,,,
0.14418992400169373,0.14418992400169373,115,14847,,,,,,,,,,,,,,,,,,
0.14103062450885773,0.14103062450885773,116,14975,,,,,,,,,,,,,,,,,,
0.14154593646526337,0.14154593646526337,117,15103,,,,,,,,,,,,,,,,,,
0.14192846417427063,0.14192846417427063,118,15231,,,,,,,,,,,,,,,,,,
0.13925056159496307,0.13925056159496307,119,15359,,,,,,,,,,,,,,,,,,
0.13760288059711456,0.13760288059711456,120,15487,,,,,,,,,,,,,,,,,,
0.1393822431564331,0.1393822431564331,121,15615,,,,,,,,,,,,,,,,,,
0.13749274611473083,0.13749274611473083,122,15743,,,,,,,,,,,,,,,,,,
0.13975365459918976,0.13975365459918976,123,15871,,,,,,,,,,,,,,,,,,
0.13810108602046967,0.13810108602046967,124,15999,,,,,,,,,,,,,,,,,,
0.13917380571365356,0.13917380571365356,125,16127,,,,,,,,,,,,,,,,,,
0.13787652552127838,0.13787652552127838,126,16255,,,,,,,,,,,,,,,,,,
0.13893944025039673,0.13893944025039673,127,16383,,,,,,,,,,,,,,,,,,
0.1358538568019867,0.1358538568019867,128,16511,,,,,,,,,,,,,,,,,,
0.1415107250213623,0.1415107250213623,129,16639,,,,,,,,,,,,,,,,,,
0.13682471215724945,0.13682471215724945,130,16767,,,,,,,,,,,,,,,,,,
0.13821831345558167,0.13821831345558167,131,16895,,,,,,,,,,,,,,,,,,
0.14006146788597107,0.14006146788597107,132,17023,,,,,,,,,,,,,,,,,,
0.1366392970085144,0.1366392970085144,133,17151,,,,,,,,,,,,,,,,,,
0.14081290364265442,0.14081290364265442,134,17279,,,,,,,,,,,,,,,,,,
0.13658323884010315,0.13658323884010315,135,17407,,,,,,,,,,,,,,,,,,
0.13842365145683289,0.13842365145683289,136,17535,,,,,,,,,,,,,,,,,,
0.13818369805812836,0.13818369805812836,137,17663,,,,,,,,,,,,,,,,,,
0.13870930671691895,0.13870930671691895,138,17791,,,,,,,,,,,,,,,,,,
0.13558024168014526,0.13558024168014526,139,17919,,,,,,,,,,,,,,,,,,
0.13601478934288025,0.13601478934288025,140,18047,,,,,,,,,,,,,,,,,,
0.13658061623573303,0.13658061623573303,141,18175,,,,,,,,,,,,,,,,,,
0.13687355816364288,0.13687355816364288,142,18303,,,,,,,,,,,,,,,,,,
0.13690003752708435,0.13690003752708435,143,18431,,,,,,,,,,,,,,,,,,
0.13548634946346283,0.13548634946346283,144,18559,,,,,,,,,,,,,,,,,,
0.13514037430286407,0.13514037430286407,145,18687,,,,,,,,,,,,,,,,,,
0.13540050387382507,0.13540050387382507,146,18815,,,,,,,,,,,,,,,,,,
0.1373477280139923,0.1373477280139923,147,18943,,,,,,,,,,,,,,,,,,
0.13762055337429047,0.13762055337429047,148,19071,,,,,,,,,,,,,,,,,,
0.13524563610553741,0.13524563610553741,149,19199,0.15486687276112085,0.46487056326319476,0.1627231848674374,0.13181339233766562,0.4097290109898989,0.14390679478556317,0.12399476541152035,0.3880187442717222,0.1400520906694054,0.11994498641506064,0.3795311158735585,0.1418730974971789,0.12144247727007268,0.38458357562954165,0.14903666418978934,0.12515617576649202,0.3955433159368946,0.1591780621711682
0.13861073553562164,0.13861073553562164,150,19327,,,,,,,,,,,,,,,,,,
0.1335386037826538,0.1335386037826538,151,19455,,,,,,,,,,,,,,,,,,
0.1351887732744217,0.1351887732744217,152,19583,,,,,,,,,,,,,,,,,,
0.13487008213996887,0.13487008213996887,153,19711,,,,,,,,,,,,,,,,,,
0.13296057283878326,0.13296057283878326,154,19839,,,,,,,,,,,,,,,,,,
0.13439257442951202,0.13439257442951202,155,19967,,,,,,,,,,,,,,,,,,
0.13549181818962097,0.13549181818962097,156,20095,,,,,,,,,,,,,,,,,,
0.13477276265621185,0.13477276265621185,157,20223,,,,,,,,,,,,,,,,,,
0.136362224817276,0.136362224817276,158,20351,,,,,,,,,,,,,,,,,,
0.1368756890296936,0.1368756890296936,159,20479,,,,,,,,,,,,,,,,,,
0.1363876312971115,0.1363876312971115,160,20607,,,,,,,,,,,,,,,,,,
0.13667336106300354,0.13667336106300354,161,20735,,,,,,,,,,,,,,,,,,
0.13180990517139435,0.13180990517139435,162,20863,,,,,,,,,,,,,,,,,,
0.13591653108596802,0.13591653108596802,163,20991,,,,,,,,,,,,,,,,,,
0.13451741635799408,0.13451741635799408,164,21119,,,,,,,,,,,,,,,,,,
0.1355125606060028,0.1355125606060028,165,21247,,,,,,,,,,,,,,,,,,
0.1338524967432022,0.1338524967432022,166,21375,,,,,,,,,,,,,,,,,,
0.1355052888393402,0.1355052888393402,167,21503,,,,,,,,,,,,,,,,,,
0.13372956216335297,0.13372956216335297,168,21631,,,,,,,,,,,,,,,,,,
0.13427278399467468,0.13427278399467468,169,21759,,,,,,,,,,,,,,,,,,
0.13574904203414917,0.13574904203414917,170,21887,,,,,,,,,,,,,,,,,,
0.13378575444221497,0.13378575444221497,171,22015,,,,,,,,,,,,,,,,,,
0.134051114320755,0.134051114320755,172,22143,,,,,,,,,,,,,,,,,,
0.13299351930618286,0.13299351930618286,173,22271,,,,,,,,,,,,,,,,,,
0.13336102664470673,0.13336102664470673,174,22399,,,,,,,,,,,,,,,,,,
0.13218571245670319,0.13218571245670319,175,22527,,,,,,,,,,,,,,,,,,
0.1326962560415268,0.1326962560415268,176,22655,,,,,,,,,,,,,,,,,,
0.13332770764827728,0.13332770764827728,177,22783,,,,,,,,,,,,,,,,,,
0.13144448399543762,0.13144448399543762,178,22911,,,,,,,,,,,,,,,,,,
0.13223032653331757,0.13223032653331757,179,23039,,,,,,,,,,,,,,,,,,
0.13089559972286224,0.13089559972286224,180,23167,,,,,,,,,,,,,,,,,,
0.13251245021820068,0.13251245021820068,181,23295,,,,,,,,,,,,,,,,,,
0.13663068413734436,0.13663068413734436,182,23423,,,,,,,,,,,,,,,,,,
0.1338905245065689,0.1338905245065689,183,23551,,,,,,,,,,,,,,,,,,
0.13205711543560028,0.13205711543560028,184,23679,,,,,,,,,,,,,,,,,,
0.13237714767456055,0.13237714767456055,185,23807,,,,,,,,,,,,,,,,,,
0.1336180716753006,0.1336180716753006,186,23935,,,,,,,,,,,,,,,,,,
0.13411012291908264,0.13411012291908264,187,24063,,,,,,,,,,,,,,,,,,
0.1305067539215088,0.1305067539215088,188,24191,,,,,,,,,,,,,,,,,,
0.13212937116622925,0.13212937116622925,189,24319,,,,,,,,,,,,,,,,,,
0.13487759232521057,0.13487759232521057,190,24447,,,,,,,,,,,,,,,,,,
0.13023950159549713,0.13023950159549713,191,24575,,,,,,,,,,,,,,,,,,
0.13181205093860626,0.13181205093860626,192,24703,,,,,,,,,,,,,,,,,,
0.13086248934268951,0.13086248934268951,193,24831,,,,,,,,,,,,,,,,,,
0.13215383887290955,0.13215383887290955,194,24959,,,,,,,,,,,,,,,,,,
0.13124914467334747,0.13124914467334747,195,25087,,,,,,,,,,,,,,,,,,
0.13079573214054108,0.13079573214054108,196,25215,,,,,,,,,,,,,,,,,,
0.13126951456069946,0.13126951456069946,197,25343,,,,,,,,,,,,,,,,,,
0.13125355541706085,0.13125355541706085,198,25471,,,,,,,,,,,,,,,,,,
0.13242851197719574,0.13242851197719574,199,25599,0.1499312295731824,0.4563360366134283,0.16583386785689988,0.12868865695618906,0.40738737030082783,0.14676077568763152,0.12332145532760107,0.39269879163520777,0.14134771443458705,0.12078979866532641,0.384015815385778,0.14019510079767758,0.11934779802763688,0.37961360536285366,0.14108370944815968,0.12152446261973604,0.38334945868343384,0.1458058312846926
0.13179388642311096,0.13179388642311096,200,25727,,,,,,,,,,,,,,,,,,
0.1316259503364563,0.1316259503364563,201,25855,,,,,,,,,,,,,,,,,,
0.1326420158147812,0.1326420158147812,202,25983,,,,,,,,,,,,,,,,,,
0.1301950216293335,0.1301950216293335,203,26111,,,,,,,,,,,,,,,,,,
0.1302407681941986,0.1302407681941986,204,26239,,,,,,,,,,,,,,,,,,
0.12830522656440735,0.12830522656440735,205,26367,,,,,,,,,,,,,,,,,,
0.13114407658576965,0.13114407658576965,206,26495,,,,,,,,,,,,,,,,,,
0.13179424405097961,0.13179424405097961,207,26623,,,,,,,,,,,,,,,,,,
0.13118338584899902,0.13118338584899902,208,26751,,,,,,,,,,,,,,,,,,
0.13112647831439972,0.13112647831439972,209,26879,,,,,,,,,,,,,,,,,,
0.12764795124530792,0.12764795124530792,210,27007,,,,,,,,,,,,,,,,,,
0.1282799392938614,0.1282799392938614,211,27135,,,,,,,,,,,,,,,,,,
0.13123424351215363,0.13123424351215363,212,27263,,,,,,,,,,,,,,,,,,
0.13108934462070465,0.13108934462070465,213,27391,,,,,,,,,,,,,,,,,,
0.12952089309692383,0.12952089309692383,214,27519,,,,,,,,,,,,,,,,,,
0.1298494040966034,0.1298494040966034,215,27647,,,,,,,,,,,,,,,,,,
0.12901458144187927,0.12901458144187927,216,27775,,,,,,,,,,,,,,,,,,
0.13129746913909912,0.13129746913909912,217,27903,,,,,,,,,,,,,,,,,,
0.12969575822353363,0.12969575822353363,218,28031,,,,,,,,,,,,,,,,,,
0.12956508994102478,0.12956508994102478,219,28159,,,,,,,,,,,,,,,,,,
0.12913398444652557,0.12913398444652557,220,28287,,,,,,,,,,,,,,,,,,
0.1287459135055542,0.1287459135055542,221,28415,,,,,,,,,,,,,,,,,,
0.13045547902584076,0.13045547902584076,222,28543,,,,,,,,,,,,,,,,,,
0.13072587549686432,0.13072587549686432,223,28671,,,,,,,,,,,,,,,,,,
0.13024801015853882,0.13024801015853882,224,28799,,,,,,,,,,,,,,,,,,
0.12980404496192932,0.12980404496192932,225,28927,,,,,,,,,,,,,,,,,,
0.12709994614124298,0.12709994614124298,226,29055,,,,,,,,,,,,,,,,,,
0.13112200796604156,0.13112200796604156,227,29183,,,,,,,,,,,,,,,,,,
0.13079749047756195,0.13079749047756195,228,29311,,,,,,,,,,,,,,,,,,
0.1271582543849945,0.1271582543849945,229,29439,,,,,,,,,,,,,,,,,,
0.12759800255298615,0.12759800255298615,230,29567,,,,,,,,,,,,,,,,,,
0.12782686948776245,0.12782686948776245,231,29695,,,,,,,,,,,,,,,,,,
0.12802782654762268,0.12802782654762268,232,29823,,,,,,,,,,,,,,,,,,
0.12759731709957123,0.12759731709957123,233,29951,,,,,,,,,,,,,,,,,,
0.13054172694683075,0.13054172694683075,234,30079,,,,,,,,,,,,,,,,,,
0.12609048187732697,0.12609048187732697,235,30207,,,,,,,,,,,,,,,,,,
0.12803149223327637,0.12803149223327637,236,30335,,,,,,,,,,,,,,,,,,
0.1288928985595703,0.1288928985595703,237,30463,,,,,,,,,,,,,,,,,,
0.12768031656742096,0.12768031656742096,238,30591,,,,,,,,,,,,,,,,,,
0.1286204308271408,0.1286204308271408,239,30719,,,,,,,,,,,,,,,,,,
0.12295856326818466,0.12295856326818466,240,30847,,,,,,,,,,,,,,,,,,
0.12835447490215302,0.12835447490215302,241,30975,,,,,,,,,,,,,,,,,,
0.12488257884979248,0.12488257884979248,242,31103,,,,,,,,,,,,,,,,,,
0.1293824017047882,0.1293824017047882,243,31231,,,,,,,,,,,,,,,,,,
0.12758339941501617,0.12758339941501617,244,31359,,,,,,,,,,,,,,,,,,
0.1283021867275238,0.1283021867275238,245,31487,,,,,,,,,,,,,,,,,,
0.13000047206878662,0.13000047206878662,246,31615,,,,,,,,,,,,,,,,,,
0.12641042470932007,0.12641042470932007,247,31743,,,,,,,,,,,,,,,,,,
0.12972071766853333,0.12972071766853333,248,31871,,,,,,,,,,,,,,,,,,
0.1284351646900177,0.1284351646900177,249,31999,0.14546713693087926,0.433173699327562,0.17392718653173375,0.1275420951555236,0.39136821558140006,0.15947224139843327,0.12332070652648112,0.3796980449279615,0.15671924304601403,0.1253040985453614,0.3789487475497644,0.1622152468132748,0.12921146728321145,0.3833567591592428,0.17060079797213487,0.13231268070509877,0.39193352737577125,0.17892017140902888
0.12734690308570862,0.12734690308570862,250,32127,,,,,,,,,,,,,,,,,,
0.12534967064857483,0.12534967064857483,251,32255,,,,,,,,,,,,,,,,,,
0.12717173993587494,0.12717173993587494,252,32383,,,,,,,,,,,,,,,,,,
0.12737326323986053,0.12737326323986053,253,32511,,,,,,,,,,,,,,,,,,
0.1281697154045105,0.1281697154045105,254,32639,,,,,,,,,,,,,,,,,,
0.1299341917037964,0.1299341917037964,255,32767,,,,,,,,,,,,,,,,,,
0.12653546035289764,0.12653546035289764,256,32895,,,,,,,,,,,,,,,,,,
0.12620463967323303,0.12620463967323303,257,33023,,,,,,,,,,,,,,,,,,
0.1281598061323166,0.1281598061323166,258,33151,,,,,,,,,,,,,,,,,,
0.12618707120418549,0.12618707120418549,259,33279,,,,,,,,,,,,,,,,,,
0.12454669177532196,0.12454669177532196,260,33407,,,,,,,,,,,,,,,,,,
0.12630842626094818,0.12630842626094818,261,33535,,,,,,,,,,,,,,,,,,
0.12477811425924301,0.12477811425924301,262,33663,,,,,,,,,,,,,,,,,,
0.1250251680612564,0.1250251680612564,263,33791,,,,,,,,,,,,,,,,,,
0.12751075625419617,0.12751075625419617,264,33919,,,,,,,,,,,,,,,,,,
0.1295357048511505,0.1295357048511505,265,34047,,,,,,,,,,,,,,,,,,
0.12702101469039917,0.12702101469039917,266,34175,,,,,,,,,,,,,,,,,,
0.12796713411808014,0.12796713411808014,267,34303,,,,,,,,,,,,,,,,,,
0.12695631384849548,0.12695631384849548,268,34431,,,,,,,,,,,,,,,,,,
0.12403798848390579,0.12403798848390579,269,34559,,,,,,,,,,,,,,,,,,
0.12719064950942993,0.12719064950942993,270,34687,,,,,,,,,,,,,,,,,,
0.1245260164141655,0.1245260164141655,271,34815,,,,,,,,,,,,,,,,,,
0.12722699344158173,0.12722699344158173,272,34943,,,,,,,,,,,,,,,,,,
0.12508751451969147,0.12508751451969147,273,35071,,,,,,,,,,,,,,,,,,
0.12682533264160156,0.12682533264160156,274,35199,,,,,,,,,,,,,,,,,,
0.128811776638031,0.128811776638031,275,35327,,,,,,,,,,,,,,,,,,
0.1268029510974884,0.1268029510974884,276,35455,,,,,,,,,,,,,,,,,,
0.12483101338148117,0.12483101338148117,277,35583,,,,,,,,,,,,,,,,,,
0.12564882636070251,0.12564882636070251,278,35711,,,,,,,,,,,,,,,,,,
0.12644492089748383,0.12644492089748383,279,35839,,,,,,,,,,,,,,,,,,
0.12342173606157303,0.12342173606157303,280,35967,,,,,,,,,,,,,,,,,,
0.12476222217082977,0.12476222217082977,281,36095,,,,,,,,,,,,,,,,,,
0.12579771876335144,0.12579771876335144,282,36223,,,,,,,,,,,,,,,,,,
0.12649673223495483,0.12649673223495483,283,36351,,,,,,,,,,,,,,,,,,
0.12482409179210663,0.12482409179210663,284,36479,,,,,,,,,,,,,,,,,,
0.1243845745921135,0.1243845745921135,285,36607,,,,,,,,,,,,,,,,,,
0.12691465020179749,0.12691465020179749,286,36735,,,,,,,,,,,,,,,,,,
0.12463989108800888,0.12463989108800888,287,36863,,,,,,,,,,,,,,,,,,
0.12467101961374283,0.12467101961374283,288,36991,,,,,,,,,,,,,,,,,,
0.12599951028823853,0.12599951028823853,289,37119,,,,,,,,,,,,,,,,,,
0.12460675090551376,0.12460675090551376,290,37247,,,,,,,,,,,,,,,,,,
0.1255074292421341,0.1255074292421341,291,37375,,,,,,,,,,,,,,,,,,
0.1256154328584671,0.1256154328584671,292,37503,,,,,,,,,,,,,,,,,,
0.12380111217498779,0.12380111217498779,293,37631,,,,,,,,,,,,,,,,,,
0.12297557294368744,0.12297557294368744,294,37759,,,,,,,,,,,,,,,,,,
0.12461794167757034,0.12461794167757034,295,37887,,,,,,,,,,,,,,,,,,
0.12639564275741577,0.12639564275741577,296,38015,,,,,,,,,,,,,,,,,,
0.12617172300815582,0.12617172300815582,297,38143,,,,,,,,,,,,,,,,,,
0.1234375536441803,0.1234375536441803,298,38271,,,,,,,,,,,,,,,,,,
0.12426034361124039,0.12426034361124039,299,38399,0.18801924476223184,0.5075920524227617,0.19018450501948314,0.15149905110339096,0.4453213802423905,0.15845926311199052,0.13704629896363338,0.4190229611356312,0.14810613109858423,0.12970623388186578,0.4008109878187482,0.14296515524089765,0.1270919722102882,0.391581484633909,0.14125702997693257,0.12865031844512254,0.39183954078152655,0.1422396899155598
0.1236594170331955,0.1236594170331955,300,38527,,,,,,,,,,,,,,,,,,
0.12315236032009125,0.12315236032009125,301,38655,,,,,,,,,,,,,,,,,,
0.1240314468741417,0.1240314468741417,302,38783,,,,,,,,,,,,,,,,,,
0.12514911592006683,0.12514911592006683,303,38911,,,,,,,,,,,,,,,,,,
0.1236853376030922,0.1236853376030922,304,39039,,,,,,,,,,,,,,,,,,
0.12473347038030624,0.12473347038030624,305,39167,,,,,,,,,,,,,,,,,,
0.1222626194357872,0.1222626194357872,306,39295,,,,,,,,,,,,,,,,,,
0.12436346709728241,0.12436346709728241,307,39423,,,,,,,,,,,,,,,,,,
0.12411085516214371,0.12411085516214371,308,39551,,,,,,,,,,,,,,,,,,
0.12484186142683029,0.12484186142683029,309,39679,,,,,,,,,,,,,,,,,,
0.12384439259767532,0.12384439259767532,310,39807,,,,,,,,,,,,,,,,,,
0.12357558310031891,0.12357558310031891,311,39935,,,,,,,,,,,,,,,,,,
0.12446045875549316,0.12446045875549316,312,40063,,,,,,,,,,,,,,,,,,
0.1248573586344719,0.1248573586344719,313,40191,,,,,,,,,,,,,,,,,,
0.12534895539283752,0.12534895539283752,314,40319,,,,,,,,,,,,,,,,,,
0.12412772327661514,0.12412772327661514,315,40447,,,,,,,,,,,,,,,,,,
0.12471801042556763,0.12471801042556763,316,40575,,,,,,,,,,,,,,,,,,
0.12322447448968887,0.12322447448968887,317,40703,,,,,,,,,,,,,,,,,,
0.1256878823041916,0.1256878823041916,318,40831,,,,,,,,,,,,,,,,,,
0.12364990264177322,0.12364990264177322,319,40959,,,,,,,,,,,,,,,,,,
0.12483711540699005,0.12483711540699005,320,41087,,,,,,,,,,,,,,,,,,
0.12357749789953232,0.12357749789953232,321,41215,,,,,,,,,,,,,,,,,,
0.12202490866184235,0.12202490866184235,322,41343,,,,,,,,,,,,,,,,,,
0.12325353920459747,0.12325353920459747,323,41471,,,,,,,,,,,,,,,,,,
0.12211193144321442,0.12211193144321442,324,41599,,,,,,,,,,,,,,,,,,
0.12305792421102524,0.12305792421102524,325,41727,,,,,,,,,,,,,,,,,,
0.12408491969108582,0.12408491969108582,326,41855,,,,,,,,,,,,,,,,,,
0.12395311146974564,0.12395311146974564,327,41983,,,,,,,,,,,,,,,,,,
0.12416313588619232,0.12416313588619232,328,42111,,,,,,,,,,,,,,,,,,
0.12485046684741974,0.12485046684741974,329,42239,,,,,,,,,,,,,,,,,,
0.12131297588348389,0.12131297588348389,330,42367,,,,,,,,,,,,,,,,,,
0.12436798214912415,0.12436798214912415,331,42495,,,,,,,,,,,,,,,,,,
0.1240558922290802,0.1240558922290802,332,42623,,,,,,,,,,,,,,,,,,
0.1229923814535141,0.1229923814535141,333,42751,,,,,,,,,,,,,,,,,,
0.12244454026222229,0.12244454026222229,334,42879,,,,,,,,,,,,,,,,,,
0.12240965664386749,0.12240965664386749,335,43007,,,,,,,,,,,,,,,,,,
0.12504445016384125,0.12504445016384125,336,43135,,,,,,,,,,,,,,,,,,
0.1237090602517128,0.1237090602517128,337,43263,,,,,,,,,,,,,,,,,,
0.12552593648433685,0.12552593648433685,338,43391,,,,,,,,,,,,,,,,,,
0.12427948415279388,0.12427948415279388,339,43519,,,,,,,,,,,,,,,,,,
0.12226059287786484,0.12226059287786484,340,43647,,,,,,,,,,,,,,,,,,
0.12165610492229462,0.12165610492229462,341,43775,,,,,,,,,,,,,,,,,,
0.12276005744934082,0.12276005744934082,342,43903,,,,,,,,,,,,,,,,,,
0.12373115122318268,0.12373115122318268,343,44031,,,,,,,,,,,,,,,,,,
0.1205170750617981,0.1205170750617981,344,44159,,,,,,,,,,,,,,,,,,
0.12293023616075516,0.12293023616075516,345,44287,,,,,,,,,,,,,,,,,,
0.1234077513217926,0.1234077513217926,346,44415,,,,,,,,,,,,,,,,,,
0.12194302678108215,0.12194302678108215,347,44543,,,,,,,,,,,,,,,,,,
0.12282601743936539,0.12282601743936539,348,44671,,,,,,,,,,,,,,,,,,
0.11981724947690964,0.11981724947690964,349,44799,0.164539175241722,0.43699087899609906,0.1989752163270406,0.14139125313918666,0.396964908427549,0.17804310320631814,0.1305931920926369,0.3836589029659708,0.16604068240124342,0.12496687617285865,0.37734505441685234,0.15922632181554044,0.12208681830352416,0.37560351554184,0.15528410211567326,0.1206449865560212,0.3747506083635821,0.15306787756437062
0.12164769321680069,0.12164769321680069,350,44927,,,,,,,,,,,,,,,,,,
0.12160380929708481,0.12160380929708481,351,45055,,,,,,,,,,,,,,,,,,
0.12299920618534088,0.12299920618534088,352,45183,,,,,,,,,,,,,,,,,,
0.12266837060451508,0.12266837060451508,353,45311,,,,,,,,,,,,,,,,,,
0.12317244708538055,0.12317244708538055,354,45439,,,,,,,,,,,,,,,,,,
0.12355749309062958,0.12355749309062958,355,45567,,,,,,,,,,,,,,,,,,
0.12091217190027237,0.12091217190027237,356,45695,,,,,,,,,,,,,,,,,,
0.12245381623506546,0.12245381623506546,357,45823,,,,,,,,,,,,,,,,,,
0.12269438058137894,0.12269438058137894,358,45951,,,,,,,,,,,,,,,,,,
0.11919883638620377,0.11919883638620377,359,46079,,,,,,,,,,,,,,,,,,
0.12197985500097275,0.12197985500097275,360,46207,,,,,,,,,,,,,,,,,,
0.12163667380809784,0.12163667380809784,361,46335,,,,,,,,,,,,,,,,,,
0.1219487264752388,0.1219487264752388,362,46463,,,,,,,,,,,,,,,,,,
0.1217510923743248,0.1217510923743248,363,46591,,,,,,,,,,,,,,,,,,
0.12021688371896744,0.12021688371896744,364,46719,,,,,,,,,,,,,,,,,,
0.12046077847480774,0.12046077847480774,365,46847,,,,,,,,,,,,,,,,,,
0.12289858609437943,0.12289858609437943,366,46975,,,,,,,,,,,,,,,,,,
0.12150086462497711,0.12150086462497711,367,47103,,,,,,,,,,,,,,,,,,
0.1220257356762886,0.1220257356762886,368,47231,,,,,,,,,,,,,,,,,,
0.12069286406040192,0.12069286406040192,369,47359,,,,,,,,,,,,,,,,,,
0.12276174128055573,0.12276174128055573,370,47487,,,,,,,,,,,,,,,,,,
0.12086956948041916,0.12086956948041916,371,47615,,,,,,,,,,,,,,,,,,
0.12184686213731766,0.12184686213731766,372,47743,,,,,,,,,,,,,,,,,,
0.12110648304224014,0.12110648304224014,373,47871,,,,,,,,,,,,,,,,,,
0.1224764883518219,0.1224764883518219,374,47999,,,,,,,,,,,,,,,,,,
0.1211274042725563,0.1211274042725563,375,48127,,,,,,,,,,,,,,,,,,
0.1200757771730423,0.1200757771730423,376,48255,,,,,,,,,,,,,,,,,,
0.12111135572195053,0.12111135572195053,377,48383,,,,,,,,,,,,,,,,,,
0.12154535949230194,0.12154535949230194,378,48511,,,,,,,,,,,,,,,,,,
0.11986240744590759,0.11986240744590759,379,48639,,,,,,,,,,,,,,,,,,
0.12022148817777634,0.12022148817777634,380,48767,,,,,,,,,,,,,,,,,,
0.11754115670919418,0.11754115670919418,381,48895,,,,,,,,,,,,,,,,,,
0.11969540268182755,0.11969540268182755,382,49023,,,,,,,,,,,,,,,,,,
0.12018512189388275,0.12018512189388275,383,49151,,,,,,,,,,,,,,,,,,
0.12018649280071259,0.12018649280071259,384,49279,,,,,,,,,,,,,,,,,,
0.1209881380200386,0.1209881380200386,385,49407,,,,,,,,,,,,,,,,,,
0.12184096872806549,0.12184096872806549,386,49535,,,,,,,,,,,,,,,,,,
0.11947768181562424,0.11947768181562424,387,49663,,,,,,,,,,,,,,,,,,
0.12030184268951416,0.12030184268951416,388,49791,,,,,,,,,,,,,,,,,,
0.12153098732233047,0.12153098732233047,389,49919,,,,,,,,,,,,,,,,,,
0.11973654478788376,0.11973654478788376,390,50047,,,,,,,,,,,,,,,,,,
0.11834076046943665,0.11834076046943665,391,50175,,,,,,,,,,,,,,,,,,
0.12057485431432724,0.12057485431432724,392,50303,,,,,,,,,,,,,,,,,,
0.12151987850666046,0.12151987850666046,393,50431,,,,,,,,,,,,,,,,,,
0.12049298733472824,0.12049298733472824,394,50559,,,,,,,,,,,,,,,,,,
0.12022128701210022,0.12022128701210022,395,50687,,,,,,,,,,,,,,,,,,
0.11946547031402588,0.11946547031402588,396,50815,,,,,,,,,,,,,,,,,,
0.1206357553601265,0.1206357553601265,397,50943,,,,,,,,,,,,,,,,,,
0.12229578197002411,0.12229578197002411,398,51071,,,,,,,,,,,,,,,,,,
0.11922581493854523,0.11922581493854523,399,51199,0.14041763015042302,0.43489234090194734,0.1596200997124457,0.12581187776145988,0.3984501058770727,0.149342719445152,0.12269119180700404,0.3856753858203087,0.15081817349670928,0.12277971183020009,0.3821506423326891,0.1542933314093847,0.12094601794118126,0.3790236235005485,0.1507973340545491,0.12257495411324844,0.37944824586545234,0.15316974835942895
0.1215846836566925,0.1215846836566925,400,51327,,,,,,,,,,,,,,,,,,
0.11992618441581726,0.11992618441581726,401,51455,,,,,,,,,,,,,,,,,,
0.11989356577396393,0.11989356577396393,402,51583,,,,,,,,,,,,,,,,,,
0.11981742084026337,0.11981742084026337,403,51711,,,,,,,,,,,,,,,,,,
0.12012285739183426,0.12012285739183426,404,51839,,,,,,,,,,,,,,,,,,
0.1187865361571312,0.1187865361571312,405,51967,,,,,,,,,,,,,,,,,,
0.12078341841697693,0.12078341841697693,406,52095,,,,,,,,,,,,,,,,,,
0.11980779469013214,0.11980779469013214,407,52223,,,,,,,,,,,,,,,,,,
0.11955622583627701,0.11955622583627701,408,52351,,,,,,,,,,,,,,,,,,
0.11971363425254822,0.11971363425254822,409,52479,,,,,,,,,,,,,,,,,,
0.11997049301862717,0.11997049301862717,410,52607,,,,,,,,,,,,,,,,,,
0.11979669332504272,0.11979669332504272,411,52735,,,,,,,,,,,,,,,,,,
0.12186304479837418,0.12186304479837418,412,52863,,,,,,,,,,,,,,,,,,
0.11795701831579208,0.11795701831579208,413,52991,,,,,,,,,,,,,,,,,,
0.11990855634212494,0.11990855634212494,414,53119,,,,,,,,,,,,,,,,,,
0.12241019308567047,0.12241019308567047,415,53247,,,,,,,,,,,,,,,,,,
0.12191218137741089,0.12191218137741089,416,53375,,,,,,,,,,,,,,,,,,
0.1187109723687172,0.1187109723687172,417,53503,,,,,,,,,,,,,,,,,,
0.11741744726896286,0.11741744726896286,418,53631,,,,,,,,,,,,,,,,,,
0.11784659326076508,0.11784659326076508,419,53759,,,,,,,,,,,,,,,,,,
0.12020751088857651,0.12020751088857651,420,53887,,,,,,,,,,,,,,,,,,
0.12072500586509705,0.12072500586509705,421,54015,,,,,,,,,,,,,,,,,,
0.11829082667827606,0.11829082667827606,422,54143,,,,,,,,,,,,,,,,,,
0.12074991315603256,0.12074991315603256,423,54271,,,,,,,,,,,,,,,,,,
0.12014473229646683,0.12014473229646683,424,54399,,,,,,,,,,,,,,,,,,
0.11763008683919907,0.11763008683919907,425,54527,,,,,,,,,,,,,,,,,,
0.11990722268819809,0.11990722268819809,426,54655,,,,,,,,,,,,,,,,,,
0.11934775859117508,0.11934775859117508,427,54783,,,,,,,,,,,,,,,,,,
0.11782674491405487,0.11782674491405487,428,54911,,,,,,,,,,,,,,,,,,
0.11751711368560791,0.11751711368560791,429,55039,,,,,,,,,,,,,,,,,,
0.12039216607809067,0.12039216607809067,430,55167,,,,,,,,,,,,,,,,,,
0.11803396791219711,0.11803396791219711,431,55295,,,,,,,,,,,,,,,,,,
0.12011823058128357,0.12011823058128357,432,55423,,,,,,,,,,,,,,,,,,
0.1187264695763588,0.1187264695763588,433,55551,,,,,,,,,,,,,,,,,,
0.12019661068916321,0.12019661068916321,434,55679,,,,,,,,,,,,,,,,,,
0.11821312457323074,0.11821312457323074,435,55807,,,,,,,,,,,,,,,,,,
0.11802693456411362,0.11802693456411362,436,55935,,,,,,,,,,,,,,,,,,
0.11836384981870651,0.11836384981870651,437,56063,,,,,,,,,,,,,,,,,,
0.1175413578748703,0.1175413578748703,438,56191,,,,,,,,,,,,,,,,,,
0.11842172592878342,0.11842172592878342,439,56319,,,,,,,,,,,,,,,,,,
0.11713793128728867,0.11713793128728867,440,56447,,,,,,,,,,,,,,,,,,
0.11939499527215958,0.11939499527215958,441,56575,,,,,,,,,,,,,,,,,,
0.11878524720668793,0.11878524720668793,442,56703,,,,,,,,,,,,,,,,,,
0.1199292317032814,0.1199292317032814,443,56831,,,,,,,,,,,,,,,,,,
0.1187550276517868,0.1187550276517868,444,56959,,,,,,,,,,,,,,,,,,
0.1185273826122284,0.1185273826122284,445,57087,,,,,,,,,,,,,,,,,,
0.11853577196598053,0.11853577196598053,446,57215,,,,,,,,,,,,,,,,,,
0.11814748495817184,0.11814748495817184,447,57343,,,,,,,,,,,,,,,,,,
0.11717529594898224,0.11717529594898224,448,57471,,,,,,,,,,,,,,,,,,
0.1182546615600586,0.1182546615600586,449,57599,0.1821352089232605,0.49317186092614684,0.1836220572098161,0.16135178970699665,0.4467178254847751,0.16533766286507298,0.15843701208003258,0.43697967308011487,0.1632765033118166,0.16143432890232,0.43464401510337897,0.16631898366717304,0.1728770600201769,0.4471230954496014,0.17644759815262007,0.17984468675352258,0.46165981167307,0.1800143507200586
0.1163366287946701,0.1163366287946701,450,57727,,,,,,,,,,,,,,,,,,
0.11897388100624084,0.11897388100624084,451,57855,,,,,,,,,,,,,,,,,,
0.11956550925970078,0.11956550925970078,452,57983,,,,,,,,,,,,,,,,,,
0.11782795935869217,0.11782795935869217,453,58111,,,,,,,,,,,,,,,,,,
0.11903674155473709,0.11903674155473709,454,58239,,,,,,,,,,,,,,,,,,
0.1173180490732193,0.1173180490732193,455,58367,,,,,,,,,,,,,,,,,,
0.11780198663473129,0.11780198663473129,456,58495,,,,,,,,,,,,,,,,,,
0.11963018029928207,0.11963018029928207,457,58623,,,,,,,,,,,,,,,,,,
0.12038649618625641,0.12038649618625641,458,58751,,,,,,,,,,,,,,,,,,
0.11839775741100311,0.11839775741100311,459,58879,,,,,,,,,,,,,,,,,,
0.11798924952745438,0.11798924952745438,460,59007,,,,,,,,,,,,,,,,,,
0.11913125216960907,0.11913125216960907,461,59135,,,,,,,,,,,,,,,,,,
0.11735345423221588,0.11735345423221588,462,59263,,,,,,,,,,,,,,,,,,
0.11829555779695511,0.11829555779695511,463,59391,,,,,,,,,,,,,,,,,,
0.11755673587322235,0.11755673587322235,464,59519,,,,,,,,,,,,,,,,,,
0.11826296895742416,0.11826296895742416,465,59647,,,,,,,,,,,,,,,,,,
0.11788544803857803,0.11788544803857803,466,59775,,,,,,,,,,,,,,,,,,
0.11573557555675507,0.11573557555675507,467,59903,,,,,,,,,,,,,,,,,,
0.11647030711174011,0.11647030711174011,468,60031,,,,,,,,,,,,,,,,,,
0.11710533499717712,0.11710533499717712,469,60159,,,,,,,,,,,,,,,,,,
0.11701589822769165,0.11701589822769165,470,60287,,,,,,,,,,,,,,,,,,
0.11571414023637772,0.11571414023637772,471,60415,,,,,,,,,,,,,,,,,,
0.11774750053882599,0.11774750053882599,472,60543,,,,,,,,,,,,,,,,,,
0.11542803794145584,0.11542803794145584,473,60671,,,,,,,,,,,,,,,,,,
0.11791380494832993,0.11791380494832993,474,60799,,,,,,,,,,,,,,,,,,
0.11784191429615021,0.11784191429615021,475,60927,,,,,,,,,,,,,,,,,,
0.11759879440069199,0.11759879440069199,476,61055,,,,,,,,,,,,,,,,,,
0.11847968399524689,0.11847968399524689,477,61183,,,,,,,,,,,,,,,,,,
0.11917723715305328,0.11917723715305328,478,61311,,,,,,,,,,,,,,,,,,
0.11574190109968185,0.11574190109968185,479,61439,,,,,,,,,,,,,,,,,,
0.11836276948451996,0.11836276948451996,480,61567,,,,,,,,,,,,,,,,,,
0.11676959693431854,0.11676959693431854,481,61695,,,,,,,,,,,,,,,,,,
0.11591197550296783,0.11591197550296783,482,61823,,,,,,,,,,,,,,,,,,
0.11451473832130432,0.11451473832130432,483,61951,,,,,,,,,,,,,,,,,,
0.11638449132442474,0.11638449132442474,484,62079,,,,,,,,,,,,,,,,,,
0.11662998050451279,0.11662998050451279,485,62207,,,,,,,,,,,,,,,,,,
0.1191796287894249,0.1191796287894249,486,62335,,,,,,,,,,,,,,,,,,
0.11831904202699661,0.11831904202699661,487,62463,,,,,,,,,,,,,,,,,,
0.11921897530555725,0.11921897530555725,488,62591,,,,,,,,,,,,,,,,,,
0.11562139540910721,0.11562139540910721,489,62719,,,,,,,,,,,,,,,,,,
0.11792627722024918,0.11792627722024918,490,62847,,,,,,,,,,,,,,,,,,
0.11747648566961288,0.11747648566961288,491,62975,,,,,,,,,,,,,,,,,,
0.1178717166185379,0.1178717166185379,492,63103,,,,,,,,,,,,,,,,,,
0.11836998909711838,0.11836998909711838,493,63231,,,,,,,,,,,,,,,,,,
0.11667908728122711,0.11667908728122711,494,63359,,,,,,,,,,,,,,,,,,
0.11915238946676254,0.11915238946676254,495,63487,,,,,,,,,,,,,,,,,,
0.1150183454155922,0.1150183454155922,496,63615,,,,,,,,,,,,,,,,,,
0.11728380620479584,0.11728380620479584,497,63743,,,,,,,,,,,,,,,,,,
0.11641260236501694,0.11641260236501694,498,63871,,,,,,,,,,,,,,,,,,
0.11732035875320435,0.11732035875320435,499,63999,0.13815379104220074,0.438028642230754,0.15467829573501182,0.12339922142884702,0.4010355440282122,0.14377201714848567,0.12002621061082082,0.3889459296513516,0.1435358450604097,0.11852361900750845,0.3827115388277558,0.1428420096230793,0.12177742848481461,0.38858311718695426,0.1409967896001055,0.12776234745154358,0.40030798819700425,0.14247062764147916
0.11755945533514023,0.11755945533514023,500,64127,,,,,,,,,,,,,,,,,,
0.11722003668546677,0.11722003668546677,501,64255,,,,,,,,,,,,,,,,,,
0.1169312447309494,0.1169312447309494,502,64383,,,,,,,,,,,,,,,,,,
0.11991211026906967,0.11991211026906967,503,64511,,,,,,,,,,,,,,,,,,
0.11626898497343063,0.11626898497343063,504,64639,,,,,,,,,,,,,,,,,,
0.11570943892002106,0.11570943892002106,505,64767,,,,,,,,,,,,,,,,,,
0.11741147935390472,0.11741147935390472,506,64895,,,,,,,,,,,,,,,,,,
0.11780929565429688,0.11780929565429688,507,65023,,,,,,,,,,,,,,,,,,
0.11602763086557388,0.11602763086557388,508,65151,,,,,,,,,,,,,,,,,,
0.1167670264840126,0.1167670264840126,509,65279,,,,,,,,,,,,,,,,,,
0.11729594320058823,0.11729594320058823,510,65407,,,,,,,,,,,,,,,,,,
0.11573314666748047,0.11573314666748047,511,65535,,,,,,,,,,,,,,,,,,
0.11737187206745148,0.11737187206745148,512,65663,,,,,,,,,,,,,,,,,,
0.11762543767690659,0.11762543767690659,513,65791,,,,,,,,,,,,,,,,,,
0.11486781388521194,0.11486781388521194,514,65919,,,,,,,,,,,,,,,,,,
0.11622333526611328,0.11622333526611328,515,66047,,,,,,,,,,,,,,,,,,
0.1140182614326477,0.1140182614326477,516,66175,,,,,,,,,,,,,,,,,,
0.11507726460695267,0.11507726460695267,517,66303,,,,,,,,,,,,,,,,,,
0.11916612833738327,0.11916612833738327,518,66431,,,,,,,,,,,,,,,,,,
0.11664709448814392,0.11664709448814392,519,66559,,,,,,,,,,,,,,,,,,
0.11749844253063202,0.11749844253063202,520,66687,,,,,,,,,,,,,,,,,,
0.11658784002065659,0.11658784002065659,521,66815,,,,,,,,,,,,,,,,,,
0.11545241624116898,0.11545241624116898,522,66943,,,,,,,,,,,,,,,,,,
0.1163477897644043,0.1163477897644043,523,67071,,,,,,,,,,,,,,,,,,
0.11665809899568558,0.11665809899568558,524,67199,,,,,,,,,,,,,,,,,,
0.11496195197105408,0.11496195197105408,525,67327,,,,,,,,,,,,,,,,,,
0.1155262365937233,0.1155262365937233,526,67455,,,,,,,,,,,,,,,,,,
0.11701308935880661,0.11701308935880661,527,67583,,,,,,,,,,,,,,,,,,
0.11610161513090134,0.11610161513090134,528,67711,,,,,,,,,,,,,,,,,,
0.11519062519073486,0.11519062519073486,529,67839,,,,,,,,,,,,,,,,,,
0.11572150141000748,0.11572150141000748,530,67967,,,,,,,,,,,,,,,,,,
0.11647221446037292,0.11647221446037292,531,68095,,,,,,,,,,,,,,,,,,
0.1154402419924736,0.1154402419924736,532,68223,,,,,,,,,,,,,,,,,,
0.11729872226715088,0.11729872226715088,533,68351,,,,,,,,,,,,,,,,,,
0.11852092295885086,0.11852092295885086,534,68479,,,,,,,,,,,,,,,,,,
0.11717645078897476,0.11717645078897476,535,68607,,,,,,,,,,,,,,,,,,
0.11523692309856415,0.11523692309856415,536,68735,,,,,,,,,,,,,,,,,,
0.1173274889588356,0.1173274889588356,537,68863,,,,,,,,,,,,,,,,,,
0.11706501990556717,0.11706501990556717,538,68991,,,,,,,,,,,,,,,,,,
0.11648538708686829,0.11648538708686829,539,69119,,,,,,,,,,,,,,,,,,
0.11526628583669662,0.11526628583669662,540,69247,,,,,,,,,,,,,,,,,,
0.11495699733495712,0.11495699733495712,541,69375,,,,,,,,,,,,,,,,,,
0.11725876480340958,0.11725876480340958,542,69503,,,,,,,,,,,,,,,,,,
0.11599578708410263,0.11599578708410263,543,69631,,,,,,,,,,,,,,,,,,
0.1153477355837822,0.1153477355837822,544,69759,,,,,,,,,,,,,,,,,,
0.11680593341588974,0.11680593341588974,545,69887,,,,,,,,,,,,,,,,,,
0.11856678128242493,0.11856678128242493,546,70015,,,,,,,,,,,,,,,,,,
0.11677902191877365,0.11677902191877365,547,70143,,,,,,,,,,,,,,,,,,
0.11557430773973465,0.11557430773973465,548,70271,,,,,,,,,,,,,,,,,,
0.1150282695889473,0.1150282695889473,549,70399,0.17582952369266425,0.4905933045638523,0.17836027900390866,0.1516688115149227,0.446197555112362,0.157398585985512,0.14133991459483014,0.42599624341954645,0.14896246412163164,0.1382334709223439,0.41597799745271324,0.14669847742376613,0.1509268006160838,0.43170546838239565,0.15594598488311792,0.16094949489955973,0.45366411046299726,0.16146852510533471
0.11432459950447083,0.11432459950447083,550,70527,,,,,,,,,,,,,,,,,,
0.1167612224817276,0.1167612224817276,551,70655,,,,,,,,,,,,,,,,,,
0.11548060178756714,0.11548060178756714,552,70783,,,,,,,,,,,,,,,,,,
0.1153055801987648,0.1153055801987648,553,70911,,,,,,,,,,,,,,,,,,
0.11359550803899765,0.11359550803899765,554,71039,,,,,,,,,,,,,,,,,,
0.11504906415939331,0.11504906415939331,555,71167,,,,,,,,,,,,,,,,,,
0.1141824722290039,0.1141824722290039,556,71295,,,,,,,,,,,,,,,,,,
0.11613614112138748,0.11613614112138748,557,71423,,,,,,,,,,,,,,,,,,
0.11438147723674774,0.11438147723674774,558,71551,,,,,,,,,,,,,,,,,,
0.11675871163606644,0.11675871163606644,559,71679,,,,,,,,,,,,,,,,,,
0.11604531854391098,0.11604531854391098,560,71807,,,,,,,,,,,,,,,,,,
0.11710412055253983,0.11710412055253983,561,71935,,,,,,,,,,,,,,,,,,
0.11618995666503906,0.11618995666503906,562,72063,,,,,,,,,,,,,,,,,,
0.11538087576627731,0.11538087576627731,563,72191,,,,,,,,,,,,,,,,,,
0.11473285406827927,0.11473285406827927,564,72319,,,,,,,,,,,,,,,,,,
0.11638191342353821,0.11638191342353821,565,72447,,,,,,,,,,,,,,,,,,
0.11491869390010834,0.11491869390010834,566,72575,,,,,,,,,,,,,,,,,,
0.11811038851737976,0.11811038851737976,567,72703,,,,,,,,,,,,,,,,,,
0.11517778038978577,0.11517778038978577,568,72831,,,,,,,,,,,,,,,,,,
0.11652875691652298,0.11652875691652298,569,72959,,,,,,,,,,,,,,,,,,
0.11511663347482681,0.11511663347482681,570,73087,,,,,,,,,,,,,,,,,,
0.11619599163532257,0.11619599163532257,571,73215,,,,,,,,,,,,,,,,,,
0.11566045135259628,0.11566045135259628,572,73343,,,,,,,,,,,,,,,,,,
0.11626245081424713,0.11626245081424713,573,73471,,,,,,,,,,,,,,,,,,
0.11640869826078415,0.11640869826078415,574,73599,,,,,,,,,,,,,,,,,,
0.11510264873504639,0.11510264873504639,575,73727,,,,,,,,,,,,,,,,,,
0.11332443356513977,0.11332443356513977,576,73855,,,,,,,,,,,,,,,,,,
0.11461323499679565,0.11461323499679565,577,73983,,,,,,,,,,,,,,,,,,
0.11469587683677673,0.11469587683677673,578,74111,,,,,,,,,,,,,,,,,,
0.11418417096138,0.11418417096138,579,74239,,,,,,,,,,,,,,,,,,
0.11427659541368484,0.11427659541368484,580,74367,,,,,,,,,,,,,,,,,,
0.11318544298410416,0.11318544298410416,581,74495,,,,,,,,,,,,,,,,,,
0.11385932564735413,0.11385932564735413,582,74623,,,,,,,,,,,,,,,,,,
0.11457231640815735,0.11457231640815735,583,74751,,,,,,,,,,,,,,,,,,
0.11154449731111526,0.11154449731111526,584,74879,,,,,,,,,,,,,,,,,,
0.1159910038113594,0.1159910038113594,585,75007,,,,,,,,,,,,,,,,,,
0.1163005605340004,0.1163005605340004,586,75135,,,,,,,,,,,,,,,,,,
0.11492563039064407,0.11492563039064407,587,75263,,,,,,,,,,,,,,,,,,
0.11504174023866653,0.11504174023866653,588,75391,,,,,,,,,,,,,,,,,,
0.1149534359574318,0.1149534359574318,589,75519,,,,,,,,,,,,,,,,,,
0.11615341901779175,0.11615341901779175,590,75647,,,,,,,,,,,,,,,,,,
0.1144009530544281,0.1144009530544281,591,75775,,,,,,,,,,,,,,,,,,
0.1139763742685318,0.1139763742685318,592,75903,,,,,,,,,,,,,,,,,,
0.11622705310583115,0.11622705310583115,593,76031,,,,,,,,,,,,,,,,,,
0.11552707850933075,0.11552707850933075,594,76159,,,,,,,,,,,,,,,,,,
0.11563274264335632,0.11563274264335632,595,76287,,,,,,,,,,,,,,,,,,
0.11424773186445236,0.11424773186445236,596,76415,,,,,,,,,,,,,,,,,,
0.11340653896331787,0.11340653896331787,597,76543,,,,,,,,,,,,,,,,,,
0.11222385615110397,0.11222385615110397,598,76671,,,,,,,,,,,,,,,,,,
0.11445286124944687,0.11445286124944687,599,76799,0.14286243652564948,0.45429060931242354,0.1569384746664494,0.1273254880843667,0.4165874690392369,0.14479190644116663,0.12294909773703193,0.40267142181992344,0.14093977275708028,0.12396896833488108,0.402713193448631,0.14001744932245244,0.13663679456048178,0.4233567431024638,0.14638875720693026,0.14989089908506364,0.4458764292070175,0.15432067373809394
0.11458266526460648,0.11458266526460648,600,76927,,,,,,,,,,,,,,,,,,
0.11476404964923859,0.11476404964923859,601,77055,,,,,,,,,,,,,,,,,,
0.11328786611557007,0.11328786611557007,602,77183,,,,,,,,,,,,,,,,,,
0.11338809132575989,0.11338809132575989,603,77311,,,,,,,,,,,,,,,,,,
0.11649768054485321,0.11649768054485321,604,77439,,,,,,,,,,,,,,,,,,
0.11554326862096786,0.11554326862096786,605,77567,,,,,,,,,,,,,,,,,,
0.11404826492071152,0.11404826492071152,606,77695,,,,,,,,,,,,,,,,,,
0.11347302794456482,0.11347302794456482,607,77823,,,,,,,,,,,,,,,,,,
0.11263534426689148,0.11263534426689148,608,77951,,,,,,,,,,,,,,,,,,
0.11519598960876465,0.11519598960876465,609,78079,,,,,,,,,,,,,,,,,,
0.11301273852586746,0.11301273852586746,610,78207,,,,,,,,,,,,,,,,,,
0.11540614813566208,0.11540614813566208,611,78335,,,,,,,,,,,,,,,,,,
0.11431098729372025,0.11431098729372025,612,78463,,,,,,,,,,,,,,,,,,
0.11488903313875198,0.11488903313875198,613,78591,,,,,,,,,,,,,,,,,,
0.11370250582695007,0.11370250582695007,614,78719,,,,,,,,,,,,,,,,,,
0.11515313386917114,0.11515313386917114,615,78847,,,,,,,,,,,,,,,,,,
0.11338410526514053,0.11338410526514053,616,78975,,,,,,,,,,,,,,,,,,
0.11419354379177094,0.11419354379177094,617,79103,,,,,,,,,,,,,,,,,,
0.11279383301734924,0.11279383301734924,618,79231,,,,,,,,,,,,,,,,,,
0.11459106206893921,0.11459106206893921,619,79359,,,,,,,,,,,,,,,,,,
0.11367597430944443,0.11367597430944443,620,79487,,,,,,,,,,,,,,,,,,
0.1143997386097908,0.1143997386097908,621,79615,,,,,,,,,,,,,,,,,,
0.11328400671482086,0.11328400671482086,622,79743,,,,,,,,,,,,,,,,,,
0.11379485577344894,0.11379485577344894,623,79871,,,,,,,,,,,,,,,,,,
0.11327315866947174,0.11327315866947174,624,79999,,,,,,,,,,,,,,,,,,
0.11394015699625015,0.11394015699625015,625,80127,,,,,,,,,,,,,,,,,,
0.11549151688814163,0.11549151688814163,626,80255,,,,,,,,,,,,,,,,,,
0.11513350158929825,0.11513350158929825,627,80383,,,,,,,,,,,,,,,,,,
0.11415671557188034,0.11415671557188034,628,80511,,,,,,,,,,,,,,,,,,
0.11424185335636139,0.11424185335636139,629,80639,,,,,,,,,,,,,,,,,,
0.11556630581617355,0.11556630581617355,630,80767,,,,,,,,,,,,,,,,,,
0.11454223841428757,0.11454223841428757,631,80895,,,,,,,,,,,,,,,,,,
0.11523192375898361,0.11523192375898361,632,81023,,,,,,,,,,,,,,,,,,
0.11476532369852066,0.11476532369852066,633,81151,,,,,,,,,,,,,,,,,,
0.11318635940551758,0.11318635940551758,634,81279,,,,,,,,,,,,,,,,,,
0.11307646334171295,0.11307646334171295,635,81407,,,,,,,,,,,,,,,,,,
0.11437118798494339,0.11437118798494339,636,81535,,,,,,,,,,,,,,,,,,
0.11373495310544968,0.11373495310544968,637,81663,,,,,,,,,,,,,,,,,,
0.11333883553743362,0.11333883553743362,638,81791,,,,,,,,,,,,,,,,,,
0.11267061531543732,0.11267061531543732,639,81919,,,,,,,,,,,,,,,,,,
0.11273831129074097,0.11273831129074097,640,82047,,,,,,,,,,,,,,,,,,
0.11224521696567535,0.11224521696567535,641,82175,,,,,,,,,,,,,,,,,,
0.11287536472082138,0.11287536472082138,642,82303,,,,,,,,,,,,,,,,,,
0.11307147145271301,0.11307147145271301,643,82431,,,,,,,,,,,,,,,,,,
0.11395188421010971,0.11395188421010971,644,82559,,,,,,,,,,,,,,,,,,
0.11278412491083145,0.11278412491083145,645,82687,,,,,,,,,,,,,,,,,,
0.11362915486097336,0.11362915486097336,646,82815,,,,,,,,,,,,,,,,,,
0.1140388548374176,0.1140388548374176,647,82943,,,,,,,,,,,,,,,,,,
0.11315078288316727,0.11315078288316727,648,83071,,,,,,,,,,,,,,,,,,
0.11302989721298218,0.11302989721298218,649,83199,0.16525254187579164,0.4768492940222758,0.16969558886859007,0.14864538236222857,0.443831222463043,0.1554404257415662,0.14471895351908304,0.4340739135457318,0.15224229780346799,0.15144264986067008,0.4409885019473563,0.15781438282874521,0.17512223948478842,0.46984449089448854,0.17776710482398053,0.1893042666212251,0.49054984488619374,0.18790002927475816
0.11171219497919083,0.11171219497919083,650,83327,,,,,,,,,,,,,,,,,,
0.11597505211830139,0.11597505211830139,651,83455,,,,,,,,,,,,,,,,,,
0.11247836798429489,0.11247836798429489,652,83583,,,,,,,,,,,,,,,,,,
0.11511339247226715,0.11511339247226715,653,83711,,,,,,,,,,,,,,,,,,
0.11251772195100784,0.11251772195100784,654,83839,,,,,,,,,,,,,,,,,,
0.11133181303739548,0.11133181303739548,655,83967,,,,,,,,,,,,,,,,,,
0.11182842403650284,0.11182842403650284,656,84095,,,,,,,,,,,,,,,,,,
0.11413510888814926,0.11413510888814926,657,84223,,,,,,,,,,,,,,,,,,
0.11424706131219864,0.11424706131219864,658,84351,,,,,,,,,,,,,,,,,,
0.1124613955616951,0.1124613955616951,659,84479,,,,,,,,,,,,,,,,,,
0.1139683797955513,0.1139683797955513,660,84607,,,,,,,,,,,,,,,,,,
0.11219461262226105,0.11219461262226105,661,84735,,,,,,,,,,,,,,,,,,
0.11477330327033997,0.11477330327033997,662,84863,,,,,,,,,,,,,,,,,,
0.1129024550318718,0.1129024550318718,663,84991,,,,,,,,,,,,,,,,,,
0.11412592977285385,0.11412592977285385,664,85119,,,,,,,,,,,,,,,,,,
0.11194996535778046,0.11194996535778046,665,85247,,,,,,,,,,,,,,,,,,
0.11318701505661011,0.11318701505661011,666,85375,,,,,,,,,,,,,,,,,,
0.11179572343826294,0.11179572343826294,667,85503,,,,,,,,,,,,,,,,,,
0.1142968237400055,0.1142968237400055,668,85631,,,,,,,,,,,,,,,,,,
0.11059826612472534,0.11059826612472534,669,85759,,,,,,,,,,,,,,,,,,
0.11294598132371902,0.11294598132371902,670,85887,,,,,,,,,,,,,,,,,,
0.11194010078907013,0.11194010078907013,671,86015,,,,,,,,,,,,,,,,,,
0.11220096796751022,0.11220096796751022,672,86143,,,,,,,,,,,,,,,,,,
0.1136845126748085,0.1136845126748085,673,86271,,,,,,,,,,,,,,,,,,
0.11239907145500183,0.11239907145500183,674,86399,,,,,,,,,,,,,,,,,,
0.11309856176376343,0.11309856176376343,675,86527,,,,,,,,,,,,,,,,,,
0.11182619631290436,0.11182619631290436,676,86655,,,,,,,,,,,,,,,,,,
0.1134544238448143,0.1134544238448143,677,86783,,,,,,,,,,,,,,,,,,
0.1134207546710968,0.1134207546710968,678,86911,,,,,,,,,,,,,,,,,,
0.11262469738721848,0.11262469738721848,679,87039,,,,,,,,,,,,,,,,,,
0.1150125116109848,0.1150125116109848,680,87167,,,,,,,,,,,,,,,,,,
0.11144634336233139,0.11144634336233139,681,87295,,,,,,,,,,,,,,,,,,
0.11128901690244675,0.11128901690244675,682,87423,,,,,,,,,,,,,,,,,,
0.11353076249361038,0.11353076249361038,683,87551,,,,,,,,,,,,,,,,,,
0.11521819233894348,0.11521819233894348,684,87679,,,,,,,,,,,,,,,,,,
0.1116214245557785,0.1116214245557785,685,87807,,,,,,,,,,,,,,,,,,
0.11281748861074448,0.11281748861074448,686,87935,,,,,,,,,,,,,,,,,,
0.11400069296360016,0.11400069296360016,687,88063,,,,,,,,,,,,,,,,,,
0.11014944314956665,0.11014944314956665,688,88191,,,,,,,,,,,,,,,,,,
0.11181072145700455,0.11181072145700455,689,88319,,,,,,,,,,,,,,,,,,
0.11182932555675507,0.11182932555675507,690,88447,,,,,,,,,,,,,,,,,,
0.11397123336791992,0.11397123336791992,691,88575,,,,,,,,,,,,,,,,,,
0.11365529894828796,0.11365529894828796,692,88703,,,,,,,,,,,,,,,,,,
0.112647645175457,0.112647645175457,693,88831,,,,,,,,,,,,,,,,,,
0.11512268334627151,0.11512268334627151,694,88959,,,,,,,,,,,,,,,,,,
0.11125512421131134,0.11125512421131134,695,89087,,,,,,,,,,,,,,,,,,
0.11410098522901535,0.11410098522901535,696,89215,,,,,,,,,,,,,,,,,,
0.1122950091958046,0.1122950091958046,697,89343,,,,,,,,,,,,,,,,,,
0.11250905692577362,0.11250905692577362,698,89471,,,,,,,,,,,,,,,,,,
0.111330546438694,0.111330546438694,699,89599,0.14103911233496477,0.43226765840699133,0.16675878065624353,0.1287973998652014,0.39955193860319616,0.15777298247156277,0.12458319333654,0.39302271192601385,0.15180528414743055,0.12221303816696286,0.39450631003909614,0.14581571932192844,0.12628507223917732,0.4064045702107927,0.14406172554941907,0.1329408603771378,0.41981492939932863,0.14523118336792898
0.11170390993356705,0.11170390993356705,700,89727,,,,,,,,,,,,,,,,,,
0.11279726773500443,0.11279726773500443,701,89855,,,,,,,,,,,,,,,,,,
0.11393150687217712,0.11393150687217712,702,89983,,,,,,,,,,,,,,,,,,
0.11348724365234375,0.11348724365234375,703,90111,,,,,,,,,,,,,,,,,,
0.11122851818799973,0.11122851818799973,704,90239,,,,,,,,,,,,,,,,,,
0.11135555803775787,0.11135555803775787,705,90367,,,,,,,,,,,,,,,,,,
0.1131584569811821,0.1131584569811821,706,90495,,,,,,,,,,,,,,,,,,
0.11223754286766052,0.11223754286766052,707,90623,,,,,,,,,,,,,,,,,,
0.11167564243078232,0.11167564243078232,708,90751,,,,,,,,,,,,,,,,,,
0.11052665114402771,0.11052665114402771,709,90879,,,,,,,,,,,,,,,,,,
0.11381864547729492,0.11381864547729492,710,91007,,,,,,,,,,,,,,,,,,
0.11233992129564285,0.11233992129564285,711,91135,,,,,,,,,,,,,,,,,,
0.11492694169282913,0.11492694169282913,712,91263,,,,,,,,,,,,,,,,,,
0.1124182939529419,0.1124182939529419,713,91391,,,,,,,,,,,,,,,,,,
0.11298252642154694,0.11298252642154694,714,91519,,,,,,,,,,,,,,,,,,
0.11258166283369064,0.11258166283369064,715,91647,,,,,,,,,,,,,,,,,,
0.11245673894882202,0.11245673894882202,716,91775,,,,,,,,,,,,,,,,,,
0.11158990114927292,0.11158990114927292,717,91903,,,,,,,,,,,,,,,,,,
0.11173130571842194,0.11173130571842194,718,92031,,,,,,,,,,,,,,,,,,
0.11014247685670853,0.11014247685670853,719,92159,,,,,,,,,,,,,,,,,,
0.11369272321462631,0.11369272321462631,720,92287,,,,,,,,,,,,,,,,,,
0.1160539910197258,0.1160539910197258,721,92415,,,,,,,,,,,,,,,,,,
0.11206375062465668,0.11206375062465668,722,92543,,,,,,,,,,,,,,,,,,
0.11060219258069992,0.11060219258069992,723,92671,,,,,,,,,,,,,,,,,,
0.11261279881000519,0.11261279881000519,724,92799,,,,,,,,,,,,,,,,,,
0.11230059713125229,0.11230059713125229,725,92927,,,,,,,,,,,,,,,,,,
0.11206818372011185,0.11206818372011185,726,93055,,,,,,,,,,,,,,,,,,
0.1119401678442955,0.1119401678442955,727,93183,,,,,,,,,,,,,,,,,,
0.11232812702655792,0.11232812702655792,728,93311,,,,,,,,,,,,,,,,,,
0.11246082186698914,0.11246082186698914,729,93439,,,,,,,,,,,,,,,,,,
0.10864294320344925,0.10864294320344925,730,93567,,,,,,,,,,,,,,,,,,
0.11042524874210358,0.11042524874210358,731,93695,,,,,,,,,,,,,,,,,,
0.11205247044563293,0.11205247044563293,732,93823,,,,,,,,,,,,,,,,,,
0.1127069741487503,0.1127069741487503,733,93951,,,,,,,,,,,,,,,,,,
0.1112552285194397,0.1112552285194397,734,94079,,,,,,,,,,,,,,,,,,
0.11159660667181015,0.11159660667181015,735,94207,,,,,,,,,,,,,,,,,,
0.11189283430576324,0.11189283430576324,736,94335,,,,,,,,,,,,,,,,,,
0.1100449413061142,0.1100449413061142,737,94463,,,,,,,,,,,,,,,,,,
0.1116134449839592,0.1116134449839592,738,94591,,,,,,,,,,,,,,,,,,
0.11136610060930252,0.11136610060930252,739,94719,,,,,,,,,,,,,,,,,,
0.11151827871799469,0.11151827871799469,740,94847,,,,,,,,,,,,,,,,,,
0.10960398614406586,0.10960398614406586,741,94975,,,,,,,,,,,,,,,,,,
0.11074705421924591,0.11074705421924591,742,95103,,,,,,,,,,,,,,,,,,
0.1119173914194107,0.1119173914194107,743,95231,,,,,,,,,,,,,,,,,,
0.11090552806854248,0.11090552806854248,744,95359,,,,,,,,,,,,,,,,,,
0.11168887466192245,0.11168887466192245,745,95487,,,,,,,,,,,,,,,,,,
0.11175847798585892,0.11175847798585892,746,95615,,,,,,,,,,,,,,,,,,
0.11375431716442108,0.11375431716442108,747,95743,,,,,,,,,,,,,,,,,,
0.11114855110645294,0.11114855110645294,748,95871,,,,,,,,,,,,,,,,,,
0.11119569092988968,0.11119569092988968,749,95999,0.14567919424834105,0.4589345235514728,0.1589679688272553,0.12940234747573925,0.4206422865856598,0.14662492795307394,0.12557977349594907,0.40998832474982194,0.14276262182192725,0.12433342595196656,0.4039578487729148,0.14094046187289427,0.1288221115003455,0.4092609257199526,0.1422786218591236,0.13853559374434402,0.42626218145623523,0.1481616554451385
0.11072281002998352,0.11072281002998352,750,96127,,,,,,,,,,,,,,,,,,
0.11331894993782043,0.11331894993782043,751,96255,,,,,,,,,,,,,,,,,,
0.11296871304512024,0.11296871304512024,752,96383,,,,,,,,,,,,,,,,,,
0.11089064180850983,0.11089064180850983,753,96511,,,,,,,,,,,,,,,,,,
0.11166910082101822,0.11166910082101822,754,96639,,,,,,,,,,,,,,,,,,
0.11175967752933502,0.11175967752933502,755,96767,,,,,,,,,,,,,,,,,,
0.10981006920337677,0.10981006920337677,756,96895,,,,,,,,,,,,,,,,,,
0.11112029105424881,0.11112029105424881,757,97023,,,,,,,,,,,,,,,,,,
0.10991808772087097,0.10991808772087097,758,97151,,,,,,,,,,,,,,,,,,
0.11048216372728348,0.11048216372728348,759,97279,,,,,,,,,,,,,,,,,,
0.11134938895702362,0.11134938895702362,760,97407,,,,,,,,,,,,,,,,,,
0.11057339608669281,0.11057339608669281,761,97535,,,,,,,,,,,,,,,,,,
0.10957615822553635,0.10957615822553635,762,97663,,,,,,,,,,,,,,,,,,
0.11089891195297241,0.11089891195297241,763,97791,,,,,,,,,,,,,,,,,,
0.11260956525802612,0.11260956525802612,764,97919,,,,,,,,,,,,,,,,,,
0.1123807355761528,0.1123807355761528,765,98047,,,,,,,,,,,,,,,,,,
0.11007588356733322,0.11007588356733322,766,98175,,,,,,,,,,,,,,,,,,
0.1135535016655922,0.1135535016655922,767,98303,,,,,,,,,,,,,,,,,,
0.11028826236724854,0.11028826236724854,768,98431,,,,,,,,,,,,,,,,,,
0.1113404929637909,0.1113404929637909,769,98559,,,,,,,,,,,,,,,,,,
0.111779123544693,0.111779123544693,770,98687,,,,,,,,,,,,,,,,,,
0.11069225519895554,0.11069225519895554,771,98815,,,,,,,,,,,,,,,,,,
0.11006464809179306,0.11006464809179306,772,98943,,,,,,,,,,,,,,,,,,
0.11031997948884964,0.11031997948884964,773,99071,,,,,,,,,,,,,,,,,,
0.11047645658254623,0.11047645658254623,774,99199,,,,,,,,,,,,,,,,,,
0.11273342370986938,0.11273342370986938,775,99327,,,,,,,,,,,,,,,,,,
0.110296331346035,0.110296331346035,776,99455,,,,,,,,,,,,,,,,,,
0.1095215305685997,0.1095215305685997,777,99583,,,,,,,,,,,,,,,,,,
0.11307919025421143,0.11307919025421143,778,99711,,,,,,,,,,,,,,,,,,
0.11230382323265076,0.11230382323265076,779,99839,,,,,,,,,,,,,,,,,,
0.11205393075942993,0.11205393075942993,780,99967,,,,,,,,,,,,,,,,,,
0.11149110645055771,0.11149110645055771,781,100095,,,,,,,,,,,,,,,,,,
0.11049098521471024,0.11049098521471024,782,100223,,,,,,,,,,,,,,,,,,
0.11186423897743225,0.11186423897743225,783,100351,,,,,,,,,,,,,,,,,,
0.11061841994524002,0.11061841994524002,784,100479,,,,,,,,,,,,,,,,,,
0.11079129576683044,0.11079129576683044,785,100607,,,,,,,,,,,,,,,,,,
0.11243829876184464,0.11243829876184464,786,100735,,,,,,,,,,,,,,,,,,
0.10989631712436676,0.10989631712436676,787,100863,,,,,,,,,,,,,,,,,,
0.11053840070962906,0.11053840070962906,788,100991,,,,,,,,,,,,,,,,,,
0.10998484492301941,0.10998484492301941,789,101119,,,,,,,,,,,,,,,,,,
0.11033489555120468,0.11033489555120468,790,101247,,,,,,,,,,,,,,,,,,
0.10851065069437027,0.10851065069437027,791,101375,,,,,,,,,,,,,,,,,,
0.10952821373939514,0.10952821373939514,792,101503,,,,,,,,,,,,,,,,,,
0.1093604639172554,0.1093604639172554,793,101631,,,,,,,,,,,,,,,,,,
0.11225845664739609,0.11225845664739609,794,101759,,,,,,,,,,,,,,,,,,
0.11155705899000168,0.11155705899000168,795,101887,,,,,,,,,,,,,,,,,,
0.1108129546046257,0.1108129546046257,796,102015,,,,,,,,,,,,,,,,,,
0.10961279273033142,0.10961279273033142,797,102143,,,,,,,,,,,,,,,,,,
0.11211948096752167,0.11211948096752167,798,102271,,,,,,,,,,,,,,,,,,
0.1108715608716011,0.1108715608716011,799,102399,0.13526165305374438,0.4305038474894009,0.15623194207141994,0.12292527424982784,0.39490497230782584,0.14874700815019673,0.12101680055575002,0.38531305960698126,0.14906151678189675,0.11973033711764537,0.38121577830778636,0.14788228426664535,0.11925053109890277,0.3866080159254133,0.14275976455551806,0.12268800599785146,0.39498837723125924,0.14223877539678784
0.11240993440151215,0.11240993440151215,800,102527,,,,,,,,,,,,,,,,,,
0.11035045236349106,0.11035045236349106,801,102655,,,,,,,,,,,,,,,,,,
0.11078730970621109,0.11078730970621109,802,102783,,,,,,,,,,,,,,,,,,
0.10996340960264206,0.10996340960264206,803,102911,,,,,,,,,,,,,,,,,,
0.11188926547765732,0.11188926547765732,804,103039,,,,,,,,,,,,,,,,,,
0.11000372469425201,0.11000372469425201,805,103167,,,,,,,,,,,,,,,,,,
0.11084775626659393,0.11084775626659393,806,103295,,,,,,,,,,,,,,,,,,
0.11124902218580246,0.11124902218580246,807,103423,,,,,,,,,,,,,,,,,,
0.10999082773923874,0.10999082773923874,808,103551,,,,,,,,,,,,,,,,,,
0.11065595597028732,0.11065595597028732,809,103679,,,,,,,,,,,,,,,,,,
0.11242563277482986,0.11242563277482986,810,103807,,,,,,,,,,,,,,,,,,
0.10957526415586472,0.10957526415586472,811,103935,,,,,,,,,,,,,,,,,,
0.10867181420326233,0.10867181420326233,812,104063,,,,,,,,,,,,,,,,,,
0.11158952862024307,0.11158952862024307,813,104191,,,,,,,,,,,,,,,,,,
0.1096327155828476,0.1096327155828476,814,104319,,,,,,,,,,,,,,,,,,
0.1104060634970665,0.1104060634970665,815,104447,,,,,,,,,,,,,,,,,,
0.10949358344078064,0.10949358344078064,816,104575,,,,,,,,,,,,,,,,,,
0.11203763633966446,0.11203763633966446,817,104703,,,,,,,,,,,,,,,,,,
0.1100463792681694,0.1100463792681694,818,104831,,,,,,,,,,,,,,,,,,
0.11000427603721619,0.11000427603721619,819,104959,,,,,,,,,,,,,,,,,,
0.11142531037330627,0.11142531037330627,820,105087,,,,,,,,,,,,,,,,,,
0.11159593611955643,0.11159593611955643,821,105215,,,,,,,,,,,,,,,,,,
0.11124527454376221,0.11124527454376221,822,105343,,,,,,,,,,,,,,,,,,
0.11127444356679916,0.11127444356679916,823,105471,,,,,,,,,,,,,,,,,,
0.10959810763597488,0.10959810763597488,824,105599,,,,,,,,,,,,,,,,,,
0.10817393660545349,0.10817393660545349,825,105727,,,,,,,,,,,,,,,,,,
0.11062309890985489,0.11062309890985489,826,105855,,,,,,,,,,,,,,,,,,
0.11124786734580994,0.11124786734580994,827,105983,,,,,,,,,,,,,,,,,,
0.1095416396856308,0.1095416396856308,828,106111,,,,,,,,,,,,,,,,,,
0.11027311533689499,0.11027311533689499,829,106239,,,,,,,,,,,,,,,,,,
0.10920767486095428,0.10920767486095428,830,106367,,,,,,,,,,,,,,,,,,
0.11054372787475586,0.11054372787475586,831,106495,,,,,,,,,,,,,,,,,,
0.11094263941049576,0.11094263941049576,832,106623,,,,,,,,,,,,,,,,,,
0.11010947078466415,0.11010947078466415,833,106751,,,,,,,,,,,,,,,,,,
0.10939846932888031,0.10939846932888031,834,106879,,,,,,,,,,,,,,,,,,
0.10959963500499725,0.10959963500499725,835,107007,,,,,,,,,,,,,,,,,,
0.11063969135284424,0.11063969135284424,836,107135,,,,,,,,,,,,,,,,,,
0.10908276587724686,0.10908276587724686,837,107263,,,,,,,,,,,,,,,,,,
0.10636569559574127,0.10636569559574127,838,107391,,,,,,,,,,,,,,,,,,
0.11004176735877991,0.11004176735877991,839,107519,,,,,,,,,,,,,,,,,,
0.10960543155670166,0.10960543155670166,840,107647,,,,,,,,,,,,,,,,,,
0.10990846902132034,0.10990846902132034,841,107775,,,,,,,,,,,,,,,,,,
0.1098049134016037,0.1098049134016037,842,107903,,,,,,,,,,,,,,,,,,
0.11043769866228104,0.11043769866228104,843,108031,,,,,,,,,,,,,,,,,,
0.10939488559961319,0.10939488559961319,844,108159,,,,,,,,,,,,,,,,,,
0.11051064729690552,0.11051064729690552,845,108287,,,,,,,,,,,,,,,,,,
0.10988359153270721,0.10988359153270721,846,108415,,,,,,,,,,,,,,,,,,
0.10974697023630142,0.10974697023630142,847,108543,,,,,,,,,,,,,,,,,,
0.10882627964019775,0.10882627964019775,848,108671,,,,,,,,,,,,,,,,,,
0.11081935465335846,0.11081935465335846,849,108799,0.1752644865152523,0.4950817811773009,0.17753719960715908,0.15680742181727286,0.46176629983621453,0.16122393687679176,0.14996148320494151,0.45065372966434236,0.15594379083624926,0.14645490547761064,0.442240495277423,0.15361645420642886,0.1521614893736548,0.4447918353908741,0.1584648934438836,0.15932228416401284,0.45704185268952097,0.16347580878958493
0.11080764979124069,0.11080764979124069,850,108927,,,,,,,,,,,,,,,,,,
0.11268627643585205,0.11268627643585205,851,109055,,,,,,,,,,,,,,,,,,
0.10916544497013092,0.10916544497013092,852,109183,,,,,,,,,,,,,,,,,,
0.10914085805416107,0.10914085805416107,853,109311,,,,,,,,,,,,,,,,,,
0.10858169198036194,0.10858169198036194,854,109439,,,,,,,,,,,,,,,,,,
0.11106488108634949,0.11106488108634949,855,109567,,,,,,,,,,,,,,,,,,
0.10843119025230408,0.10843119025230408,856,109695,,,,,,,,,,,,,,,,,,
0.11018053442239761,0.11018053442239761,857,109823,,,,,,,,,,,,,,,,,,
0.11030808091163635,0.11030808091163635,858,109951,,,,,,,,,,,,,,,,,,
0.1097446158528328,0.1097446158528328,859,110079,,,,,,,,,,,,,,,,,,
0.11099173873662949,0.11099173873662949,860,110207,,,,,,,,,,,,,,,,,,
0.11089007556438446,0.11089007556438446,861,110335,,,,,,,,,,,,,,,,,,
0.10772904008626938,0.10772904008626938,862,110463,,,,,,,,,,,,,,,,,,
0.11095365881919861,0.11095365881919861,863,110591,,,,,,,,,,,,,,,,,,
0.10961934924125671,0.10961934924125671,864,110719,,,,,,,,,,,,,,,,,,
0.1106361374258995,0.1106361374258995,865,110847,,,,,,,,,,,,,,,,,,
0.11048384755849838,0.11048384755849838,866,110975,,,,,,,,,,,,,,,,,,
0.10991594940423965,0.10991594940423965,867,111103,,,,,,,,,,,,,,,,,,
0.11033885926008224,0.11033885926008224,868,111231,,,,,,,,,,,,,,,,,,
0.1098247691988945,0.1098247691988945,869,111359,,,,,,,,,,,,,,,,,,
0.11034618318080902,0.11034618318080902,870,111487,,,,,,,,,,,,,,,,,,
0.10892683267593384,0.10892683267593384,871,111615,,,,,,,,,,,,,,,,,,
0.1090007796883583,0.1090007796883583,872,111743,,,,,,,,,,,,,,,,,,
0.11046943068504333,0.11046943068504333,873,111871,,,,,,,,,,,,,,,,,,
0.10790113359689713,0.10790113359689713,874,111999,,,,,,,,,,,,,,,,,,
0.11121290922164917,0.11121290922164917,875,112127,,,,,,,,,,,,,,,,,,
0.11048305779695511,0.11048305779695511,876,112255,,,,,,,,,,,,,,,,,,
0.10874475538730621,0.10874475538730621,877,112383,,,,,,,,,,,,,,,,,,
0.10941161215305328,0.10941161215305328,878,112511,,,,,,,,,,,,,,,,,,
0.10974230617284775,0.10974230617284775,879,112639,,,,,,,,,,,,,,,,,,
0.10932417213916779,0.10932417213916779,880,112767,,,,,,,,,,,,,,,,,,
0.10874463617801666,0.10874463617801666,881,112895,,,,,,,,,,,,,,,,,,
0.1106259748339653,0.1106259748339653,882,113023,,,,,,,,,,,,,,,,,,
0.1105865091085434,0.1105865091085434,883,113151,,,,,,,,,,,,,,,,,,
0.10823088884353638,0.10823088884353638,884,113279,,,,,,,,,,,,,,,,,,
0.10861330479383469,0.10861330479383469,885,113407,,,,,,,,,,,,,,,,,,
0.10992033779621124,0.10992033779621124,886,113535,,,,,,,,,,,,,,,,,,
0.10948412120342255,0.10948412120342255,887,113663,,,,,,,,,,,,,,,,,,
0.11071615666151047,0.11071615666151047,888,113791,,,,,,,,,,,,,,,,,,
0.10969298332929611,0.10969298332929611,889,113919,,,,,,,,,,,,,,,,,,
0.1079975962638855,0.1079975962638855,890,114047,,,,,,,,,,,,,,,,,,
0.11124053597450256,0.11124053597450256,891,114175,,,,,,,,,,,,,,,,,,
0.10924450308084488,0.10924450308084488,892,114303,,,,,,,,,,,,,,,,,,
0.11007597297430038,0.11007597297430038,893,114431,,,,,,,,,,,,,,,,,,
0.10944760590791702,0.10944760590791702,894,114559,,,,,,,,,,,,,,,,,,
0.10796008259057999,0.10796008259057999,895,114687,,,,,,,,,,,,,,,,,,
0.10910298675298691,0.10910298675298691,896,114815,,,,,,,,,,,,,,,,,,
0.10965032875537872,0.10965032875537872,897,114943,,,,,,,,,,,,,,,,,,
0.10849296301603317,0.10849296301603317,898,115071,,,,,,,,,,,,,,,,,,
0.10910678654909134,0.10910678654909134,899,115199,0.14449489666767545,0.45332127055014154,0.15506639722420695,0.12861323645566392,0.41788763180670135,0.1419940519741271,0.1257798099713752,0.4072802068922512,0.13995523009589367,0.12469837460546786,0.4003846229986987,0.1396952512938056,0.13134375160911282,0.4088386110844298,0.1435274802909267,0.14027124745651431,0.42279447752773835,0.148812861263356
0.11053582280874252,0.11053582280874252,900,115327,,,,,,,,,,,,,,,,,,
0.10973292589187622,0.10973292589187622,901,115455,,,,,,,,,,,,,,,,,,
0.10754106193780899,0.10754106193780899,902,115583,,,,,,,,,,,,,,,,,,
0.10837551951408386,0.10837551951408386,903,115711,,,,,,,,,,,,,,,,,,
0.10876301676034927,0.10876301676034927,904,115839,,,,,,,,,,,,,,,,,,
0.10807409882545471,0.10807409882545471,905,115967,,,,,,,,,,,,,,,,,,
0.10731759667396545,0.10731759667396545,906,116095,,,,,,,,,,,,,,,,,,
0.10856091231107712,0.10856091231107712,907,116223,,,,,,,,,,,,,,,,,,
0.10832484066486359,0.10832484066486359,908,116351,,,,,,,,,,,,,,,,,,
0.11030862480401993,0.11030862480401993,909,116479,,,,,,,,,,,,,,,,,,
0.11027727276086807,0.11027727276086807,910,116607,,,,,,,,,,,,,,,,,,
0.10868934541940689,0.10868934541940689,911,116735,,,,,,,,,,,,,,,,,,
0.10872656852006912,0.10872656852006912,912,116863,,,,,,,,,,,,,,,,,,
0.10806941241025925,0.10806941241025925,913,116991,,,,,,,,,,,,,,,,,,
0.10822530090808868,0.10822530090808868,914,117119,,,,,,,,,,,,,,,,,,
0.1092948466539383,0.1092948466539383,915,117247,,,,,,,,,,,,,,,,,,
0.10951700806617737,0.10951700806617737,916,117375,,,,,,,,,,,,,,,,,,
0.10938610136508942,0.10938610136508942,917,117503,,,,,,,,,,,,,,,,,,
0.11028870195150375,0.11028870195150375,918,117631,,,,,,,,,,,,,,,,,,
0.10919409990310669,0.10919409990310669,919,117759,,,,,,,,,,,,,,,,,,
0.10974625498056412,0.10974625498056412,920,117887,,,,,,,,,,,,,,,,,,
0.10887449979782104,0.10887449979782104,921,118015,,,,,,,,,,,,,,,,,,
0.10885000973939896,0.10885000973939896,922,118143,,,,,,,,,,,,,,,,,,
0.10860145837068558,0.10860145837068558,923,118271,,,,,,,,,,,,,,,,,,
0.10770390927791595,0.10770390927791595,924,118399,,,,,,,,,,,,,,,,,,
0.10769645869731903,0.10769645869731903,925,118527,,,,,,,,,,,,,,,,,,
0.10903319716453552,0.10903319716453552,926,118655,,,,,,,,,,,,,,,,,,
0.10807711631059647,0.10807711631059647,927,118783,,,,,,,,,,,,,,,,,,
0.11142872273921967,0.11142872273921967,928,118911,,,,,,,,,,,,,,,,,,
0.10814042389392853,0.10814042389392853,929,119039,,,,,,,,,,,,,,,,,,
0.10871033370494843,0.10871033370494843,930,119167,,,,,,,,,,,,,,,,,,
0.10897814482450485,0.10897814482450485,931,119295,,,,,,,,,,,,,,,,,,
0.10779457539319992,0.10779457539319992,932,119423,,,,,,,,,,,,,,,,,,
0.10872425138950348,0.10872425138950348,933,119551,,,,,,,,,,,,,,,,,,
0.11052139848470688,0.11052139848470688,934,119679,,,,,,,,,,,,,,,,,,
0.10805543512105942,0.10805543512105942,935,119807,,,,,,,,,,,,,,,,,,
0.10893326252698898,0.10893326252698898,936,119935,,,,,,,,,,,,,,,,,,
0.10902372747659683,0.10902372747659683,937,120063,,,,,,,,,,,,,,,,,,
0.10980184376239777,0.10980184376239777,938,120191,,,,,,,,,,,,,,,,,,
0.10876535624265671,0.10876535624265671,939,120319,,,,,,,,,,,,,,,,,,
0.11061859875917435,0.11061859875917435,940,120447,,,,,,,,,,,,,,,,,,
0.11037240922451019,0.11037240922451019,941,120575,,,,,,,,,,,,,,,,,,
0.1073932871222496,0.1073932871222496,942,120703,,,,,,,,,,,,,,,,,,
0.10949259251356125,0.10949259251356125,943,120831,,,,,,,,,,,,,,,,,,
0.10987245291471481,0.10987245291471481,944,120959,,,,,,,,,,,,,,,,,,
0.1082751452922821,0.1082751452922821,945,121087,,,,,,,,,,,,,,,,,,
0.10831032693386078,0.10831032693386078,946,121215,,,,,,,,,,,,,,,,,,
0.10888000577688217,0.10888000577688217,947,121343,,,,,,,,,,,,,,,,,,
0.10729808360338211,0.10729808360338211,948,121471,,,,,,,,,,,,,,,,,,
0.10911347717046738,0.10911347717046738,949,121599,0.14077951108419137,0.45072757004378994,0.15295802896998228,0.1257308080018621,0.414167158635535,0.13999862433692356,0.12210842143280784,0.3998732312205321,0.1373422798828899,0.11936656338083781,0.390962392122687,0.13630744313075407,0.1210439158925194,0.39257004568469733,0.13658046605013946,0.12655404492186859,0.4004909947449671,0.139991641895555
0.10817080736160278,0.10817080736160278,950,121727,,,,,,,,,,,,,,,,,,
0.10928039997816086,0.10928039997816086,951,121855,,,,,,,,,,,,,,,,,,
0.1097760871052742,0.1097760871052742,952,121983,,,,,,,,,,,,,,,,,,
0.11046550422906876,0.11046550422906876,953,122111,,,,,,,,,,,,,,,,,,
0.10770587623119354,0.10770587623119354,954,122239,,,,,,,,,,,,,,,,,,
0.10680496692657471,0.10680496692657471,955,122367,,,,,,,,,,,,,,,,,,
0.10830475389957428,0.10830475389957428,956,122495,,,,,,,,,,,,,,,,,,
0.11042606085538864,0.11042606085538864,957,122623,,,,,,,,,,,,,,,,,,
0.1088082417845726,0.1088082417845726,958,122751,,,,,,,,,,,,,,,,,,
0.108116514980793,0.108116514980793,959,122879,,,,,,,,,,,,,,,,,,
0.10799332708120346,0.10799332708120346,960,123007,,,,,,,,,,,,,,,,,,
0.10946733504533768,0.10946733504533768,961,123135,,,,,,,,,,,,,,,,,,
0.10871986299753189,0.10871986299753189,962,123263,,,,,,,,,,,,,,,,,,
0.10794980823993683,0.10794980823993683,963,123391,,,,,,,,,,,,,,,,,,
0.10730236768722534,0.10730236768722534,964,123519,,,,,,,,,,,,,,,,,,
0.108061283826828,0.108061283826828,965,123647,,,,,,,,,,,,,,,,,,
0.106952965259552,0.106952965259552,966,123775,,,,,,,,,,,,,,,,,,
0.10819154977798462,0.10819154977798462,967,123903,,,,,,,,,,,,,,,,,,
0.10957331210374832,0.10957331210374832,968,124031,,,,,,,,,,,,,,,,,,
0.10685458034276962,0.10685458034276962,969,124159,,,,,,,,,,,,,,,,,,
0.10584395378828049,0.10584395378828049,970,124287,,,,,,,,,,,,,,,,,,
0.10904189199209213,0.10904189199209213,971,124415,,,,,,,,,,,,,,,,,,
0.10885778069496155,0.10885778069496155,972,124543,,,,,,,,,,,,,,,,,,
0.10689333081245422,0.10689333081245422,973,124671,,,,,,,,,,,,,,,,,,
0.10660660266876221,0.10660660266876221,974,124799,,,,,,,,,,,,,,,,,,
0.10885024815797806,0.10885024815797806,975,124927,,,,,,,,,,,,,,,,,,
0.10927628725767136,0.10927628725767136,976,125055,,,,,,,,,,,,,,,,,,
0.10818859934806824,0.10818859934806824,977,125183,,,,,,,,,,,,,,,,,,
0.10989754647016525,0.10989754647016525,978,125311,,,,,,,,,,,,,,,,,,
0.10744820535182953,0.10744820535182953,979,125439,,,,,,,,,,,,,,,,,,
0.10995516926050186,0.10995516926050186,980,125567,,,,,,,,,,,,,,,,,,
0.10804367065429688,0.10804367065429688,981,125695,,,,,,,,,,,,,,,,,,
0.1091933622956276,0.1091933622956276,982,125823,,,,,,,,,,,,,,,,,,
0.10915304720401764,0.10915304720401764,983,125951,,,,,,,,,,,,,,,,,,
0.10927888751029968,0.10927888751029968,984,126079,,,,,,,,,,,,,,,,,,
0.11004126816987991,0.11004126816987991,985,126207,,,,,,,,,,,,,,,,,,
0.10662460327148438,0.10662460327148438,986,126335,,,,,,,,,,,,,,,,,,
0.10991614311933517,0.10991614311933517,987,126463,,,,,,,,,,,,,,,,,,
0.10832835733890533,0.10832835733890533,988,126591,,,,,,,,,,,,,,,,,,
0.10758903622627258,0.10758903622627258,989,126719,,,,,,,,,,,,,,,,,,
0.10715226083993912,0.10715226083993912,990,126847,,,,,,,,,,,,,,,,,,
0.10987801849842072,0.10987801849842072,991,126975,,,,,,,,,,,,,,,,,,
0.10743672400712967,0.10743672400712967,992,127103,,,,,,,,,,,,,,,,,,
0.1084221825003624,0.1084221825003624,993,127231,,,,,,,,,,,,,,,,,,
0.10770012438297272,0.10770012438297272,994,127359,,,,,,,,,,,,,,,,,,
0.10720314830541611,0.10720314830541611,995,127487,,,,,,,,,,,,,,,,,,
0.10859335958957672,0.10859335958957672,996,127615,,,,,,,,,,,,,,,,,,
0.10961908847093582,0.10961908847093582,997,127743,,,,,,,,,,,,,,,,,,
0.10871949046850204,0.10871949046850204,998,127871,,,,,,,,,,,,,,,,,,
0.10539822280406952,0.10539822280406952,999,127999,0.13477367352159914,0.43822523378451766,0.15123852986113942,0.12180470987592822,0.4040678958171561,0.14179633497059763,0.12014261839969123,0.3973486118919687,0.14032368417015909,0.11888021930413949,0.39145910140640827,0.13905567498840896,0.12058373582085744,0.39028828941141996,0.13905243149713065,0.1267414590757031,0.40166574364013363,0.14191647465086757
