train_loss,train_elbo_loss,epoch,step,val_ND_0.5,val_CRPS_0.5,val_NRMSE_0.5,val_ND_1.0,val_CRPS_1.0,val_NRMSE_1.0,val_ND_2.0,val_CRPS_2.0,val_NRMSE_2.0,val_ND_4.0,val_CRPS_4.0,val_NRMSE_4.0,val_ND_8.0,val_CRPS_8.0,val_NRMSE_8.0,val_ND_16.0,val_CRPS_16.0,val_NRMSE_16.0,val_ND_24.0,val_CRPS_24.0,val_NRMSE_24.0
0.369995653629303,0.369995653629303,0,127,,,,,,,,,,,,,,,,,,,,,
0.28224414587020874,0.28224414587020874,1,255,,,,,,,,,,,,,,,,,,,,,
0.2650879919528961,0.2650879919528961,2,383,,,,,,,,,,,,,,,,,,,,,
0.26131126284599304,0.26131126284599304,3,511,,,,,,,,,,,,,,,,,,,,,
0.25879186391830444,0.25879186391830444,4,639,,,,,,,,,,,,,,,,,,,,,
0.2571614384651184,0.2571614384651184,5,767,,,,,,,,,,,,,,,,,,,,,
0.2509862780570984,0.2509862780570984,6,895,,,,,,,,,,,,,,,,,,,,,
0.24803070724010468,0.24803070724010468,7,1023,,,,,,,,,,,,,,,,,,,,,
0.24980367720127106,0.24980367720127106,8,1151,,,,,,,,,,,,,,,,,,,,,
0.24965079128742218,0.24965079128742218,9,1279,,,,,,,,,,,,,,,,,,,,,
0.24750255048274994,0.24750255048274994,10,1407,,,,,,,,,,,,,,,,,,,,,
0.24447223544120789,0.24447223544120789,11,1535,,,,,,,,,,,,,,,,,,,,,
0.2458389848470688,0.2458389848470688,12,1663,,,,,,,,,,,,,,,,,,,,,
0.24733613431453705,0.24733613431453705,13,1791,,,,,,,,,,,,,,,,,,,,,
0.24095435440540314,0.24095435440540314,14,1919,,,,,,,,,,,,,,,,,,,,,
0.24392002820968628,0.24392002820968628,15,2047,,,,,,,,,,,,,,,,,,,,,
0.24268022179603577,0.24268022179603577,16,2175,,,,,,,,,,,,,,,,,,,,,
0.24369345605373383,0.24369345605373383,17,2303,,,,,,,,,,,,,,,,,,,,,
0.24613091349601746,0.24613091349601746,18,2431,,,,,,,,,,,,,,,,,,,,,
0.24195194244384766,0.24195194244384766,19,2559,,,,,,,,,,,,,,,,,,,,,
0.24363799393177032,0.24363799393177032,20,2687,,,,,,,,,,,,,,,,,,,,,
0.24321992695331573,0.24321992695331573,21,2815,,,,,,,,,,,,,,,,,,,,,
0.24637223780155182,0.24637223780155182,22,2943,,,,,,,,,,,,,,,,,,,,,
0.24645453691482544,0.24645453691482544,23,3071,,,,,,,,,,,,,,,,,,,,,
0.24386848509311676,0.24386848509311676,24,3199,,,,,,,,,,,,,,,,,,,,,
0.24202735722064972,0.24202735722064972,25,3327,,,,,,,,,,,,,,,,,,,,,
0.24198459088802338,0.24198459088802338,26,3455,,,,,,,,,,,,,,,,,,,,,
0.24031659960746765,0.24031659960746765,27,3583,,,,,,,,,,,,,,,,,,,,,
0.2415250688791275,0.2415250688791275,28,3711,,,,,,,,,,,,,,,,,,,,,
0.23471669852733612,0.23471669852733612,29,3839,,,,,,,,,,,,,,,,,,,,,
0.23580501973628998,0.23580501973628998,30,3967,,,,,,,,,,,,,,,,,,,,,
0.23643600940704346,0.23643600940704346,31,4095,,,,,,,,,,,,,,,,,,,,,
0.23970453441143036,0.23970453441143036,32,4223,,,,,,,,,,,,,,,,,,,,,
0.23563694953918457,0.23563694953918457,33,4351,,,,,,,,,,,,,,,,,,,,,
0.23821306228637695,0.23821306228637695,34,4479,,,,,,,,,,,,,,,,,,,,,
0.24126727879047394,0.24126727879047394,35,4607,,,,,,,,,,,,,,,,,,,,,
0.2367285043001175,0.2367285043001175,36,4735,,,,,,,,,,,,,,,,,,,,,
0.23551160097122192,0.23551160097122192,37,4863,,,,,,,,,,,,,,,,,,,,,
0.23108990490436554,0.23108990490436554,38,4991,,,,,,,,,,,,,,,,,,,,,
0.23306436836719513,0.23306436836719513,39,5119,,,,,,,,,,,,,,,,,,,,,
0.2329477220773697,0.2329477220773697,40,5247,,,,,,,,,,,,,,,,,,,,,
0.23714546859264374,0.23714546859264374,41,5375,,,,,,,,,,,,,,,,,,,,,
0.2284609079360962,0.2284609079360962,42,5503,,,,,,,,,,,,,,,,,,,,,
0.23490332067012787,0.23490332067012787,43,5631,,,,,,,,,,,,,,,,,,,,,
0.23959176242351532,0.23959176242351532,44,5759,,,,,,,,,,,,,,,,,,,,,
0.23432932794094086,0.23432932794094086,45,5887,,,,,,,,,,,,,,,,,,,,,
0.2363835573196411,0.2363835573196411,46,6015,,,,,,,,,,,,,,,,,,,,,
0.2339262217283249,0.2339262217283249,47,6143,,,,,,,,,,,,,,,,,,,,,
0.23776522278785706,0.23776522278785706,48,6271,,,,,,,,,,,,,,,,,,,,,
0.2319900542497635,0.2319900542497635,49,6399,,,,,,,,,,,,,,,,,,,,,
0.2325705885887146,0.2325705885887146,50,6527,,,,,,,,,,,,,,,,,,,,,
0.23605334758758545,0.23605334758758545,51,6655,,,,,,,,,,,,,,,,,,,,,
0.231377512216568,0.231377512216568,52,6783,,,,,,,,,,,,,,,,,,,,,
0.23240651190280914,0.23240651190280914,53,6911,,,,,,,,,,,,,,,,,,,,,
0.23457938432693481,0.23457938432693481,54,7039,,,,,,,,,,,,,,,,,,,,,
0.23264868557453156,0.23264868557453156,55,7167,,,,,,,,,,,,,,,,,,,,,
0.23492293059825897,0.23492293059825897,56,7295,,,,,,,,,,,,,,,,,,,,,
0.2365374118089676,0.2365374118089676,57,7423,,,,,,,,,,,,,,,,,,,,,
0.2333911806344986,0.2333911806344986,58,7551,,,,,,,,,,,,,,,,,,,,,
0.23688656091690063,0.23688656091690063,59,7679,,,,,,,,,,,,,,,,,,,,,
0.23008471727371216,0.23008471727371216,60,7807,,,,,,,,,,,,,,,,,,,,,
0.23397359251976013,0.23397359251976013,61,7935,,,,,,,,,,,,,,,,,,,,,
0.2336801290512085,0.2336801290512085,62,8063,,,,,,,,,,,,,,,,,,,,,
0.23363791406154633,0.23363791406154633,63,8191,,,,,,,,,,,,,,,,,,,,,
0.23003210127353668,0.23003210127353668,64,8319,,,,,,,,,,,,,,,,,,,,,
0.23387624323368073,0.23387624323368073,65,8447,,,,,,,,,,,,,,,,,,,,,
0.2353796660900116,0.2353796660900116,66,8575,,,,,,,,,,,,,,,,,,,,,
0.23388279974460602,0.23388279974460602,67,8703,,,,,,,,,,,,,,,,,,,,,
0.23422446846961975,0.23422446846961975,68,8831,,,,,,,,,,,,,,,,,,,,,
0.23149706423282623,0.23149706423282623,69,8959,,,,,,,,,,,,,,,,,,,,,
0.23288586735725403,0.23288586735725403,70,9087,,,,,,,,,,,,,,,,,,,,,
0.23039747774600983,0.23039747774600983,71,9215,,,,,,,,,,,,,,,,,,,,,
0.23137077689170837,0.23137077689170837,72,9343,,,,,,,,,,,,,,,,,,,,,
0.2383153736591339,0.2383153736591339,73,9471,,,,,,,,,,,,,,,,,,,,,
0.23030975461006165,0.23030975461006165,74,9599,,,,,,,,,,,,,,,,,,,,,
0.23640349507331848,0.23640349507331848,75,9727,,,,,,,,,,,,,,,,,,,,,
0.22860346734523773,0.22860346734523773,76,9855,,,,,,,,,,,,,,,,,,,,,
0.23060758411884308,0.23060758411884308,77,9983,,,,,,,,,,,,,,,,,,,,,
0.23319780826568604,0.23319780826568604,78,10111,,,,,,,,,,,,,,,,,,,,,
0.22998112440109253,0.22998112440109253,79,10239,,,,,,,,,,,,,,,,,,,,,
0.22965028882026672,0.22965028882026672,80,10367,,,,,,,,,,,,,,,,,,,,,
0.23012152314186096,0.23012152314186096,81,10495,,,,,,,,,,,,,,,,,,,,,
0.22816894948482513,0.22816894948482513,82,10623,,,,,,,,,,,,,,,,,,,,,
0.2323799580335617,0.2323799580335617,83,10751,,,,,,,,,,,,,,,,,,,,,
0.23254592716693878,0.23254592716693878,84,10879,,,,,,,,,,,,,,,,,,,,,
0.23175117373466492,0.23175117373466492,85,11007,,,,,,,,,,,,,,,,,,,,,
0.23410601913928986,0.23410601913928986,86,11135,,,,,,,,,,,,,,,,,,,,,
0.2299823760986328,0.2299823760986328,87,11263,,,,,,,,,,,,,,,,,,,,,
0.23404701054096222,0.23404701054096222,88,11391,,,,,,,,,,,,,,,,,,,,,
0.22919879853725433,0.22919879853725433,89,11519,,,,,,,,,,,,,,,,,,,,,
0.2294766902923584,0.2294766902923584,90,11647,,,,,,,,,,,,,,,,,,,,,
0.23277004063129425,0.23277004063129425,91,11775,,,,,,,,,,,,,,,,,,,,,
0.22587540745735168,0.22587540745735168,92,11903,,,,,,,,,,,,,,,,,,,,,
0.23397065699100494,0.23397065699100494,93,12031,,,,,,,,,,,,,,,,,,,,,
0.22964709997177124,0.22964709997177124,94,12159,,,,,,,,,,,,,,,,,,,,,
0.23215362429618835,0.23215362429618835,95,12287,,,,,,,,,,,,,,,,,,,,,
0.23195302486419678,0.23195302486419678,96,12415,,,,,,,,,,,,,,,,,,,,,
0.22822000086307526,0.22822000086307526,97,12543,,,,,,,,,,,,,,,,,,,,,
0.23031997680664062,0.23031997680664062,98,12671,,,,,,,,,,,,,,,,,,,,,
0.2348461002111435,0.2348461002111435,99,12799,0.4406483346607344,0.43769625526969325,4.851727244618325,0.3457061604344557,0.3286889464174267,4.824080560676752,0.30935796596223036,0.2860453083761222,4.806388401314526,0.295526909320229,0.26986773223905797,4.798580031394749,0.28892598908006983,0.26026888744413423,4.792478062235228,0.3078416129175027,0.259643169847594,4.7892378572350855,0.40398819949776155,0.30300906299196234,4.81775217313464
0.2329721301794052,0.2329721301794052,100,12927,,,,,,,,,,,,,,,,,,,,,
0.233093723654747,0.233093723654747,101,13055,,,,,,,,,,,,,,,,,,,,,
0.23372292518615723,0.23372292518615723,102,13183,,,,,,,,,,,,,,,,,,,,,
0.23049050569534302,0.23049050569534302,103,13311,,,,,,,,,,,,,,,,,,,,,
0.23183633387088776,0.23183633387088776,104,13439,,,,,,,,,,,,,,,,,,,,,
0.22892281413078308,0.22892281413078308,105,13567,,,,,,,,,,,,,,,,,,,,,
0.2303401678800583,0.2303401678800583,106,13695,,,,,,,,,,,,,,,,,,,,,
0.22659607231616974,0.22659607231616974,107,13823,,,,,,,,,,,,,,,,,,,,,
0.22497190535068512,0.22497190535068512,108,13951,,,,,,,,,,,,,,,,,,,,,
0.2257215529680252,0.2257215529680252,109,14079,,,,,,,,,,,,,,,,,,,,,
0.2298031598329544,0.2298031598329544,110,14207,,,,,,,,,,,,,,,,,,,,,
0.22798413038253784,0.22798413038253784,111,14335,,,,,,,,,,,,,,,,,,,,,
0.23018750548362732,0.23018750548362732,112,14463,,,,,,,,,,,,,,,,,,,,,
0.2305486500263214,0.2305486500263214,113,14591,,,,,,,,,,,,,,,,,,,,,
0.23318828642368317,0.23318828642368317,114,14719,,,,,,,,,,,,,,,,,,,,,
0.22853030264377594,0.22853030264377594,115,14847,,,,,,,,,,,,,,,,,,,,,
0.22813327610492706,0.22813327610492706,116,14975,,,,,,,,,,,,,,,,,,,,,
0.22833570837974548,0.22833570837974548,117,15103,,,,,,,,,,,,,,,,,,,,,
0.2280663400888443,0.2280663400888443,118,15231,,,,,,,,,,,,,,,,,,,,,
0.23013803362846375,0.23013803362846375,119,15359,,,,,,,,,,,,,,,,,,,,,
0.22852939367294312,0.22852939367294312,120,15487,,,,,,,,,,,,,,,,,,,,,
0.22690129280090332,0.22690129280090332,121,15615,,,,,,,,,,,,,,,,,,,,,
0.23051971197128296,0.23051971197128296,122,15743,,,,,,,,,,,,,,,,,,,,,
0.22673465311527252,0.22673465311527252,123,15871,,,,,,,,,,,,,,,,,,,,,
0.22750400006771088,0.22750400006771088,124,15999,,,,,,,,,,,,,,,,,,,,,
0.23249636590480804,0.23249636590480804,125,16127,,,,,,,,,,,,,,,,,,,,,
0.22833220660686493,0.22833220660686493,126,16255,,,,,,,,,,,,,,,,,,,,,
0.22658734023571014,0.22658734023571014,127,16383,,,,,,,,,,,,,,,,,,,,,
0.23131248354911804,0.23131248354911804,128,16511,,,,,,,,,,,,,,,,,,,,,
0.22519098222255707,0.22519098222255707,129,16639,,,,,,,,,,,,,,,,,,,,,
0.22690755128860474,0.22690755128860474,130,16767,,,,,,,,,,,,,,,,,,,,,
0.2241528183221817,0.2241528183221817,131,16895,,,,,,,,,,,,,,,,,,,,,
0.2283714860677719,0.2283714860677719,132,17023,,,,,,,,,,,,,,,,,,,,,
0.22969968616962433,0.22969968616962433,133,17151,,,,,,,,,,,,,,,,,,,,,
0.23024223744869232,0.23024223744869232,134,17279,,,,,,,,,,,,,,,,,,,,,
0.23078231513500214,0.23078231513500214,135,17407,,,,,,,,,,,,,,,,,,,,,
0.22796981036663055,0.22796981036663055,136,17535,,,,,,,,,,,,,,,,,,,,,
0.23071224987506866,0.23071224987506866,137,17663,,,,,,,,,,,,,,,,,,,,,
0.2287326157093048,0.2287326157093048,138,17791,,,,,,,,,,,,,,,,,,,,,
0.2300618290901184,0.2300618290901184,139,17919,,,,,,,,,,,,,,,,,,,,,
0.23003876209259033,0.23003876209259033,140,18047,,,,,,,,,,,,,,,,,,,,,
0.22862592339515686,0.22862592339515686,141,18175,,,,,,,,,,,,,,,,,,,,,
0.22935093939304352,0.22935093939304352,142,18303,,,,,,,,,,,,,,,,,,,,,
0.2239168882369995,0.2239168882369995,143,18431,,,,,,,,,,,,,,,,,,,,,
0.23177967965602875,0.23177967965602875,144,18559,,,,,,,,,,,,,,,,,,,,,
0.22892306745052338,0.22892306745052338,145,18687,,,,,,,,,,,,,,,,,,,,,
0.22706417739391327,0.22706417739391327,146,18815,,,,,,,,,,,,,,,,,,,,,
0.22708240151405334,0.22708240151405334,147,18943,,,,,,,,,,,,,,,,,,,,,
0.22833596169948578,0.22833596169948578,148,19071,,,,,,,,,,,,,,,,,,,,,
0.22704900801181793,0.22704900801181793,149,19199,,,,,,,,,,,,,,,,,,,,,
0.2273964285850525,0.2273964285850525,150,19327,,,,,,,,,,,,,,,,,,,,,
0.2275911569595337,0.2275911569595337,151,19455,,,,,,,,,,,,,,,,,,,,,
0.2257225662469864,0.2257225662469864,152,19583,,,,,,,,,,,,,,,,,,,,,
0.22952242195606232,0.22952242195606232,153,19711,,,,,,,,,,,,,,,,,,,,,
0.22744649648666382,0.22744649648666382,154,19839,,,,,,,,,,,,,,,,,,,,,
0.22851604223251343,0.22851604223251343,155,19967,,,,,,,,,,,,,,,,,,,,,
0.232872873544693,0.232872873544693,156,20095,,,,,,,,,,,,,,,,,,,,,
0.2257518619298935,0.2257518619298935,157,20223,,,,,,,,,,,,,,,,,,,,,
0.2264377921819687,0.2264377921819687,158,20351,,,,,,,,,,,,,,,,,,,,,
0.22816503047943115,0.22816503047943115,159,20479,,,,,,,,,,,,,,,,,,,,,
0.23063382506370544,0.23063382506370544,160,20607,,,,,,,,,,,,,,,,,,,,,
0.22659088671207428,0.22659088671207428,161,20735,,,,,,,,,,,,,,,,,,,,,
0.2295629382133484,0.2295629382133484,162,20863,,,,,,,,,,,,,,,,,,,,,
0.22503452003002167,0.22503452003002167,163,20991,,,,,,,,,,,,,,,,,,,,,
0.22990548610687256,0.22990548610687256,164,21119,,,,,,,,,,,,,,,,,,,,,
0.22679643332958221,0.22679643332958221,165,21247,,,,,,,,,,,,,,,,,,,,,
0.2263154238462448,0.2263154238462448,166,21375,,,,,,,,,,,,,,,,,,,,,
0.22939136624336243,0.22939136624336243,167,21503,,,,,,,,,,,,,,,,,,,,,
0.2256680428981781,0.2256680428981781,168,21631,,,,,,,,,,,,,,,,,,,,,
0.2253042757511139,0.2253042757511139,169,21759,,,,,,,,,,,,,,,,,,,,,
0.22723668813705444,0.22723668813705444,170,21887,,,,,,,,,,,,,,,,,,,,,
0.22895756363868713,0.22895756363868713,171,22015,,,,,,,,,,,,,,,,,,,,,
0.22559192776679993,0.22559192776679993,172,22143,,,,,,,,,,,,,,,,,,,,,
0.22596852481365204,0.22596852481365204,173,22271,,,,,,,,,,,,,,,,,,,,,
0.22855916619300842,0.22855916619300842,174,22399,,,,,,,,,,,,,,,,,,,,,
0.22499611973762512,0.22499611973762512,175,22527,,,,,,,,,,,,,,,,,,,,,
0.22098124027252197,0.22098124027252197,176,22655,,,,,,,,,,,,,,,,,,,,,
0.23043806850910187,0.23043806850910187,177,22783,,,,,,,,,,,,,,,,,,,,,
0.22751031816005707,0.22751031816005707,178,22911,,,,,,,,,,,,,,,,,,,,,
0.22277520596981049,0.22277520596981049,179,23039,,,,,,,,,,,,,,,,,,,,,
0.23131954669952393,0.23131954669952393,180,23167,,,,,,,,,,,,,,,,,,,,,
0.22709445655345917,0.22709445655345917,181,23295,,,,,,,,,,,,,,,,,,,,,
0.23079271614551544,0.23079271614551544,182,23423,,,,,,,,,,,,,,,,,,,,,
0.22791653871536255,0.22791653871536255,183,23551,,,,,,,,,,,,,,,,,,,,,
0.22633008658885956,0.22633008658885956,184,23679,,,,,,,,,,,,,,,,,,,,,
0.22753691673278809,0.22753691673278809,185,23807,,,,,,,,,,,,,,,,,,,,,
0.23033490777015686,0.23033490777015686,186,23935,,,,,,,,,,,,,,,,,,,,,
0.2250903695821762,0.2250903695821762,187,24063,,,,,,,,,,,,,,,,,,,,,
0.22566916048526764,0.22566916048526764,188,24191,,,,,,,,,,,,,,,,,,,,,
0.2268541157245636,0.2268541157245636,189,24319,,,,,,,,,,,,,,,,,,,,,
0.22770152986049652,0.22770152986049652,190,24447,,,,,,,,,,,,,,,,,,,,,
0.22995790839195251,0.22995790839195251,191,24575,,,,,,,,,,,,,,,,,,,,,
0.22962312400341034,0.22962312400341034,192,24703,,,,,,,,,,,,,,,,,,,,,
0.2259569764137268,0.2259569764137268,193,24831,,,,,,,,,,,,,,,,,,,,,
0.22717422246932983,0.22717422246932983,194,24959,,,,,,,,,,,,,,,,,,,,,
0.22611549496650696,0.22611549496650696,195,25087,,,,,,,,,,,,,,,,,,,,,
0.22731329500675201,0.22731329500675201,196,25215,,,,,,,,,,,,,,,,,,,,,
0.22732335329055786,0.22732335329055786,197,25343,,,,,,,,,,,,,,,,,,,,,
0.22504030168056488,0.22504030168056488,198,25471,,,,,,,,,,,,,,,,,,,,,
0.22911949455738068,0.22911949455738068,199,25599,0.4213088632290837,0.4145663753583269,4.845771247753148,0.348051752991208,0.3308873170561821,4.823324409540666,0.30904486175295415,0.2885126313553379,4.808188565055789,0.29169797274953413,0.26781302820743913,4.798317250662068,0.2835519893628164,0.25584447738307997,4.791323550586617,0.3085488772653096,0.2574261954863589,4.788417170960197,0.4404145388220795,0.31844253021221036,4.826131558740468
0.22620972990989685,0.22620972990989685,200,25727,,,,,,,,,,,,,,,,,,,,,
0.2293645590543747,0.2293645590543747,201,25855,,,,,,,,,,,,,,,,,,,,,
0.22656941413879395,0.22656941413879395,202,25983,,,,,,,,,,,,,,,,,,,,,
0.22574195265769958,0.22574195265769958,203,26111,,,,,,,,,,,,,,,,,,,,,
0.22487524151802063,0.22487524151802063,204,26239,,,,,,,,,,,,,,,,,,,,,
0.22508938610553741,0.22508938610553741,205,26367,,,,,,,,,,,,,,,,,,,,,
0.2250155806541443,0.2250155806541443,206,26495,,,,,,,,,,,,,,,,,,,,,
0.22565330564975739,0.22565330564975739,207,26623,,,,,,,,,,,,,,,,,,,,,
0.2253754884004593,0.2253754884004593,208,26751,,,,,,,,,,,,,,,,,,,,,
0.22627140581607819,0.22627140581607819,209,26879,,,,,,,,,,,,,,,,,,,,,
0.22734250128269196,0.22734250128269196,210,27007,,,,,,,,,,,,,,,,,,,,,
0.22868578135967255,0.22868578135967255,211,27135,,,,,,,,,,,,,,,,,,,,,
0.2230665236711502,0.2230665236711502,212,27263,,,,,,,,,,,,,,,,,,,,,
0.2257644236087799,0.2257644236087799,213,27391,,,,,,,,,,,,,,,,,,,,,
0.2307853251695633,0.2307853251695633,214,27519,,,,,,,,,,,,,,,,,,,,,
0.2214055210351944,0.2214055210351944,215,27647,,,,,,,,,,,,,,,,,,,,,
0.22729618847370148,0.22729618847370148,216,27775,,,,,,,,,,,,,,,,,,,,,
0.22894342243671417,0.22894342243671417,217,27903,,,,,,,,,,,,,,,,,,,,,
0.22817379236221313,0.22817379236221313,218,28031,,,,,,,,,,,,,,,,,,,,,
0.22593413293361664,0.22593413293361664,219,28159,,,,,,,,,,,,,,,,,,,,,
0.23034483194351196,0.23034483194351196,220,28287,,,,,,,,,,,,,,,,,,,,,
0.2230258285999298,0.2230258285999298,221,28415,,,,,,,,,,,,,,,,,,,,,
0.22894303500652313,0.22894303500652313,222,28543,,,,,,,,,,,,,,,,,,,,,
0.232516810297966,0.232516810297966,223,28671,,,,,,,,,,,,,,,,,,,,,
0.23445138335227966,0.23445138335227966,224,28799,,,,,,,,,,,,,,,,,,,,,
0.22858130931854248,0.22858130931854248,225,28927,,,,,,,,,,,,,,,,,,,,,
0.2281712293624878,0.2281712293624878,226,29055,,,,,,,,,,,,,,,,,,,,,
0.22769591212272644,0.22769591212272644,227,29183,,,,,,,,,,,,,,,,,,,,,
0.2236054241657257,0.2236054241657257,228,29311,,,,,,,,,,,,,,,,,,,,,
0.22416841983795166,0.22416841983795166,229,29439,,,,,,,,,,,,,,,,,,,,,
0.2258531004190445,0.2258531004190445,230,29567,,,,,,,,,,,,,,,,,,,,,
0.22800198197364807,0.22800198197364807,231,29695,,,,,,,,,,,,,,,,,,,,,
0.22969992458820343,0.22969992458820343,232,29823,,,,,,,,,,,,,,,,,,,,,
0.22782637178897858,0.22782637178897858,233,29951,,,,,,,,,,,,,,,,,,,,,
0.22248874604701996,0.22248874604701996,234,30079,,,,,,,,,,,,,,,,,,,,,
0.22776582837104797,0.22776582837104797,235,30207,,,,,,,,,,,,,,,,,,,,,
0.22488899528980255,0.22488899528980255,236,30335,,,,,,,,,,,,,,,,,,,,,
0.22614936530590057,0.22614936530590057,237,30463,,,,,,,,,,,,,,,,,,,,,
0.22426950931549072,0.22426950931549072,238,30591,,,,,,,,,,,,,,,,,,,,,
0.2262207567691803,0.2262207567691803,239,30719,,,,,,,,,,,,,,,,,,,,,
0.22533603012561798,0.22533603012561798,240,30847,,,,,,,,,,,,,,,,,,,,,
0.224623441696167,0.224623441696167,241,30975,,,,,,,,,,,,,,,,,,,,,
0.2299637794494629,0.2299637794494629,242,31103,,,,,,,,,,,,,,,,,,,,,
0.2238679677248001,0.2238679677248001,243,31231,,,,,,,,,,,,,,,,,,,,,
0.22708074748516083,0.22708074748516083,244,31359,,,,,,,,,,,,,,,,,,,,,
0.2242470532655716,0.2242470532655716,245,31487,,,,,,,,,,,,,,,,,,,,,
0.2282402068376541,0.2282402068376541,246,31615,,,,,,,,,,,,,,,,,,,,,
0.22361375391483307,0.22361375391483307,247,31743,,,,,,,,,,,,,,,,,,,,,
0.22317641973495483,0.22317641973495483,248,31871,,,,,,,,,,,,,,,,,,,,,
0.22723083198070526,0.22723083198070526,249,31999,,,,,,,,,,,,,,,,,,,,,
0.22728627920150757,0.22728627920150757,250,32127,,,,,,,,,,,,,,,,,,,,,
0.2288111001253128,0.2288111001253128,251,32255,,,,,,,,,,,,,,,,,,,,,
0.22482576966285706,0.22482576966285706,252,32383,,,,,,,,,,,,,,,,,,,,,
0.22352203726768494,0.22352203726768494,253,32511,,,,,,,,,,,,,,,,,,,,,
0.22502703964710236,0.22502703964710236,254,32639,,,,,,,,,,,,,,,,,,,,,
0.22611451148986816,0.22611451148986816,255,32767,,,,,,,,,,,,,,,,,,,,,
0.22609195113182068,0.22609195113182068,256,32895,,,,,,,,,,,,,,,,,,,,,
0.2285372018814087,0.2285372018814087,257,33023,,,,,,,,,,,,,,,,,,,,,
0.22621002793312073,0.22621002793312073,258,33151,,,,,,,,,,,,,,,,,,,,,
0.2261427640914917,0.2261427640914917,259,33279,,,,,,,,,,,,,,,,,,,,,
0.2233547866344452,0.2233547866344452,260,33407,,,,,,,,,,,,,,,,,,,,,
0.22352749109268188,0.22352749109268188,261,33535,,,,,,,,,,,,,,,,,,,,,
0.2282606065273285,0.2282606065273285,262,33663,,,,,,,,,,,,,,,,,,,,,
0.2225159853696823,0.2225159853696823,263,33791,,,,,,,,,,,,,,,,,,,,,
0.22438324987888336,0.22438324987888336,264,33919,,,,,,,,,,,,,,,,,,,,,
0.22597631812095642,0.22597631812095642,265,34047,,,,,,,,,,,,,,,,,,,,,
0.22581812739372253,0.22581812739372253,266,34175,,,,,,,,,,,,,,,,,,,,,
0.22300635278224945,0.22300635278224945,267,34303,,,,,,,,,,,,,,,,,,,,,
0.22751621901988983,0.22751621901988983,268,34431,,,,,,,,,,,,,,,,,,,,,
0.2245025485754013,0.2245025485754013,269,34559,,,,,,,,,,,,,,,,,,,,,
0.22573953866958618,0.22573953866958618,270,34687,,,,,,,,,,,,,,,,,,,,,
0.2220107913017273,0.2220107913017273,271,34815,,,,,,,,,,,,,,,,,,,,,
0.22169248759746552,0.22169248759746552,272,34943,,,,,,,,,,,,,,,,,,,,,
0.228570818901062,0.228570818901062,273,35071,,,,,,,,,,,,,,,,,,,,,
0.22684568166732788,0.22684568166732788,274,35199,,,,,,,,,,,,,,,,,,,,,
0.22474655508995056,0.22474655508995056,275,35327,,,,,,,,,,,,,,,,,,,,,
0.2290198653936386,0.2290198653936386,276,35455,,,,,,,,,,,,,,,,,,,,,
0.22570611536502838,0.22570611536502838,277,35583,,,,,,,,,,,,,,,,,,,,,
0.22302410006523132,0.22302410006523132,278,35711,,,,,,,,,,,,,,,,,,,,,
0.22901728749275208,0.22901728749275208,279,35839,,,,,,,,,,,,,,,,,,,,,
0.22914482653141022,0.22914482653141022,280,35967,,,,,,,,,,,,,,,,,,,,,
0.22400863468647003,0.22400863468647003,281,36095,,,,,,,,,,,,,,,,,,,,,
0.2223723828792572,0.2223723828792572,282,36223,,,,,,,,,,,,,,,,,,,,,
0.2242121547460556,0.2242121547460556,283,36351,,,,,,,,,,,,,,,,,,,,,
0.22290252149105072,0.22290252149105072,284,36479,,,,,,,,,,,,,,,,,,,,,
0.22629213333129883,0.22629213333129883,285,36607,,,,,,,,,,,,,,,,,,,,,
0.22776851058006287,0.22776851058006287,286,36735,,,,,,,,,,,,,,,,,,,,,
0.22387896478176117,0.22387896478176117,287,36863,,,,,,,,,,,,,,,,,,,,,
0.22500257194042206,0.22500257194042206,288,36991,,,,,,,,,,,,,,,,,,,,,
0.22149650752544403,0.22149650752544403,289,37119,,,,,,,,,,,,,,,,,,,,,
0.21998590230941772,0.21998590230941772,290,37247,,,,,,,,,,,,,,,,,,,,,
0.2223895788192749,0.2223895788192749,291,37375,,,,,,,,,,,,,,,,,,,,,
0.22708982229232788,0.22708982229232788,292,37503,,,,,,,,,,,,,,,,,,,,,
0.2274240106344223,0.2274240106344223,293,37631,,,,,,,,,,,,,,,,,,,,,
0.22442665696144104,0.22442665696144104,294,37759,,,,,,,,,,,,,,,,,,,,,
0.22376878559589386,0.22376878559589386,295,37887,,,,,,,,,,,,,,,,,,,,,
0.22275659441947937,0.22275659441947937,296,38015,,,,,,,,,,,,,,,,,,,,,
0.22858315706253052,0.22858315706253052,297,38143,,,,,,,,,,,,,,,,,,,,,
0.22244597971439362,0.22244597971439362,298,38271,,,,,,,,,,,,,,,,,,,,,
0.22628085315227509,0.22628085315227509,299,38399,0.4830591272113099,0.48365878663058925,4.866618876300579,0.36033557303289016,0.35118602570593993,4.8296818491953335,0.310943632695229,0.2971930020587646,4.810294268040386,0.2922253288105456,0.2731179591688439,4.7998829237710625,0.289045105334471,0.26163026561291547,4.793077769635889,0.34090872294985886,0.2711334106530929,4.795047554841995,0.7469889365555665,0.4413723667202538,4.914961569107926
0.22788061201572418,0.22788061201572418,300,38527,,,,,,,,,,,,,,,,,,,,,
0.22361500561237335,0.22361500561237335,301,38655,,,,,,,,,,,,,,,,,,,,,
0.22275015711784363,0.22275015711784363,302,38783,,,,,,,,,,,,,,,,,,,,,
0.22305801510810852,0.22305801510810852,303,38911,,,,,,,,,,,,,,,,,,,,,
0.22648227214813232,0.22648227214813232,304,39039,,,,,,,,,,,,,,,,,,,,,
0.2234722524881363,0.2234722524881363,305,39167,,,,,,,,,,,,,,,,,,,,,
0.22471807897090912,0.22471807897090912,306,39295,,,,,,,,,,,,,,,,,,,,,
0.22371746599674225,0.22371746599674225,307,39423,,,,,,,,,,,,,,,,,,,,,
0.22318701446056366,0.22318701446056366,308,39551,,,,,,,,,,,,,,,,,,,,,
0.22259347140789032,0.22259347140789032,309,39679,,,,,,,,,,,,,,,,,,,,,
0.2258308082818985,0.2258308082818985,310,39807,,,,,,,,,,,,,,,,,,,,,
0.22462284564971924,0.22462284564971924,311,39935,,,,,,,,,,,,,,,,,,,,,
0.2236793488264084,0.2236793488264084,312,40063,,,,,,,,,,,,,,,,,,,,,
0.22614197432994843,0.22614197432994843,313,40191,,,,,,,,,,,,,,,,,,,,,
0.2262651026248932,0.2262651026248932,314,40319,,,,,,,,,,,,,,,,,,,,,
0.22233997285366058,0.22233997285366058,315,40447,,,,,,,,,,,,,,,,,,,,,
0.2256406545639038,0.2256406545639038,316,40575,,,,,,,,,,,,,,,,,,,,,
0.22464972734451294,0.22464972734451294,317,40703,,,,,,,,,,,,,,,,,,,,,
0.2303340882062912,0.2303340882062912,318,40831,,,,,,,,,,,,,,,,,,,,,
0.22389306128025055,0.22389306128025055,319,40959,,,,,,,,,,,,,,,,,,,,,
0.22603435814380646,0.22603435814380646,320,41087,,,,,,,,,,,,,,,,,,,,,
0.2240273505449295,0.2240273505449295,321,41215,,,,,,,,,,,,,,,,,,,,,
0.22342826426029205,0.22342826426029205,322,41343,,,,,,,,,,,,,,,,,,,,,
0.22232986986637115,0.22232986986637115,323,41471,,,,,,,,,,,,,,,,,,,,,
0.22119425237178802,0.22119425237178802,324,41599,,,,,,,,,,,,,,,,,,,,,
0.22212541103363037,0.22212541103363037,325,41727,,,,,,,,,,,,,,,,,,,,,
0.22393493354320526,0.22393493354320526,326,41855,,,,,,,,,,,,,,,,,,,,,
0.2237451821565628,0.2237451821565628,327,41983,,,,,,,,,,,,,,,,,,,,,
0.2247934341430664,0.2247934341430664,328,42111,,,,,,,,,,,,,,,,,,,,,
0.2215092033147812,0.2215092033147812,329,42239,,,,,,,,,,,,,,,,,,,,,
0.22307723760604858,0.22307723760604858,330,42367,,,,,,,,,,,,,,,,,,,,,
0.22366920113563538,0.22366920113563538,331,42495,,,,,,,,,,,,,,,,,,,,,
0.23028041422367096,0.23028041422367096,332,42623,,,,,,,,,,,,,,,,,,,,,
0.22471320629119873,0.22471320629119873,333,42751,,,,,,,,,,,,,,,,,,,,,
0.22848258912563324,0.22848258912563324,334,42879,,,,,,,,,,,,,,,,,,,,,
0.22467808425426483,0.22467808425426483,335,43007,,,,,,,,,,,,,,,,,,,,,
0.2205904871225357,0.2205904871225357,336,43135,,,,,,,,,,,,,,,,,,,,,
0.22320234775543213,0.22320234775543213,337,43263,,,,,,,,,,,,,,,,,,,,,
0.22387810051441193,0.22387810051441193,338,43391,,,,,,,,,,,,,,,,,,,,,
0.22510017454624176,0.22510017454624176,339,43519,,,,,,,,,,,,,,,,,,,,,
0.22735898196697235,0.22735898196697235,340,43647,,,,,,,,,,,,,,,,,,,,,
0.22596369683742523,0.22596369683742523,341,43775,,,,,,,,,,,,,,,,,,,,,
0.22528287768363953,0.22528287768363953,342,43903,,,,,,,,,,,,,,,,,,,,,
0.22205257415771484,0.22205257415771484,343,44031,,,,,,,,,,,,,,,,,,,,,
0.22602646052837372,0.22602646052837372,344,44159,,,,,,,,,,,,,,,,,,,,,
0.2241460382938385,0.2241460382938385,345,44287,,,,,,,,,,,,,,,,,,,,,
0.22538158297538757,0.22538158297538757,346,44415,,,,,,,,,,,,,,,,,,,,,
0.22781676054000854,0.22781676054000854,347,44543,,,,,,,,,,,,,,,,,,,,,
0.22636814415454865,0.22636814415454865,348,44671,,,,,,,,,,,,,,,,,,,,,
0.2252274751663208,0.2252274751663208,349,44799,,,,,,,,,,,,,,,,,,,,,
0.22469888627529144,0.22469888627529144,350,44927,,,,,,,,,,,,,,,,,,,,,
0.22532686591148376,0.22532686591148376,351,45055,,,,,,,,,,,,,,,,,,,,,
0.22583311796188354,0.22583311796188354,352,45183,,,,,,,,,,,,,,,,,,,,,
0.22330673038959503,0.22330673038959503,353,45311,,,,,,,,,,,,,,,,,,,,,
0.22613899409770966,0.22613899409770966,354,45439,,,,,,,,,,,,,,,,,,,,,
0.22666969895362854,0.22666969895362854,355,45567,,,,,,,,,,,,,,,,,,,,,
0.22470155358314514,0.22470155358314514,356,45695,,,,,,,,,,,,,,,,,,,,,
0.22396208345890045,0.22396208345890045,357,45823,,,,,,,,,,,,,,,,,,,,,
0.2248244285583496,0.2248244285583496,358,45951,,,,,,,,,,,,,,,,,,,,,
0.22438810765743256,0.22438810765743256,359,46079,,,,,,,,,,,,,,,,,,,,,
0.2248336523771286,0.2248336523771286,360,46207,,,,,,,,,,,,,,,,,,,,,
0.2257457673549652,0.2257457673549652,361,46335,,,,,,,,,,,,,,,,,,,,,
0.21996885538101196,0.21996885538101196,362,46463,,,,,,,,,,,,,,,,,,,,,
0.22325298190116882,0.22325298190116882,363,46591,,,,,,,,,,,,,,,,,,,,,
0.22440294921398163,0.22440294921398163,364,46719,,,,,,,,,,,,,,,,,,,,,
0.22759447991847992,0.22759447991847992,365,46847,,,,,,,,,,,,,,,,,,,,,
0.2247503399848938,0.2247503399848938,366,46975,,,,,,,,,,,,,,,,,,,,,
0.22279030084609985,0.22279030084609985,367,47103,,,,,,,,,,,,,,,,,,,,,
0.22430874407291412,0.22430874407291412,368,47231,,,,,,,,,,,,,,,,,,,,,
0.22476322948932648,0.22476322948932648,369,47359,,,,,,,,,,,,,,,,,,,,,
0.2248012274503708,0.2248012274503708,370,47487,,,,,,,,,,,,,,,,,,,,,
0.22588996589183807,0.22588996589183807,371,47615,,,,,,,,,,,,,,,,,,,,,
0.22054527699947357,0.22054527699947357,372,47743,,,,,,,,,,,,,,,,,,,,,
0.22550322115421295,0.22550322115421295,373,47871,,,,,,,,,,,,,,,,,,,,,
0.23054787516593933,0.23054787516593933,374,47999,,,,,,,,,,,,,,,,,,,,,
0.22071686387062073,0.22071686387062073,375,48127,,,,,,,,,,,,,,,,,,,,,
0.2243756502866745,0.2243756502866745,376,48255,,,,,,,,,,,,,,,,,,,,,
0.22180841863155365,0.22180841863155365,377,48383,,,,,,,,,,,,,,,,,,,,,
0.22494874894618988,0.22494874894618988,378,48511,,,,,,,,,,,,,,,,,,,,,
0.22582542896270752,0.22582542896270752,379,48639,,,,,,,,,,,,,,,,,,,,,
0.2231355607509613,0.2231355607509613,380,48767,,,,,,,,,,,,,,,,,,,,,
0.2232160121202469,0.2232160121202469,381,48895,,,,,,,,,,,,,,,,,,,,,
0.22519929707050323,0.22519929707050323,382,49023,,,,,,,,,,,,,,,,,,,,,
0.2280319482088089,0.2280319482088089,383,49151,,,,,,,,,,,,,,,,,,,,,
0.22808432579040527,0.22808432579040527,384,49279,,,,,,,,,,,,,,,,,,,,,
0.21890753507614136,0.21890753507614136,385,49407,,,,,,,,,,,,,,,,,,,,,
0.22302424907684326,0.22302424907684326,386,49535,,,,,,,,,,,,,,,,,,,,,
0.22490864992141724,0.22490864992141724,387,49663,,,,,,,,,,,,,,,,,,,,,
0.2228574901819229,0.2228574901819229,388,49791,,,,,,,,,,,,,,,,,,,,,
0.22407737374305725,0.22407737374305725,389,49919,,,,,,,,,,,,,,,,,,,,,
0.22273856401443481,0.22273856401443481,390,50047,,,,,,,,,,,,,,,,,,,,,
0.22281494736671448,0.22281494736671448,391,50175,,,,,,,,,,,,,,,,,,,,,
0.2258254736661911,0.2258254736661911,392,50303,,,,,,,,,,,,,,,,,,,,,
0.22541122138500214,0.22541122138500214,393,50431,,,,,,,,,,,,,,,,,,,,,
0.22556360065937042,0.22556360065937042,394,50559,,,,,,,,,,,,,,,,,,,,,
0.22331120073795319,0.22331120073795319,395,50687,,,,,,,,,,,,,,,,,,,,,
0.22386038303375244,0.22386038303375244,396,50815,,,,,,,,,,,,,,,,,,,,,
0.22819575667381287,0.22819575667381287,397,50943,,,,,,,,,,,,,,,,,,,,,
0.22329698503017426,0.22329698503017426,398,51071,,,,,,,,,,,,,,,,,,,,,
0.224767804145813,0.224767804145813,399,51199,0.48116139626099863,0.4831672481495807,4.864918649653746,0.3515536871066118,0.3411801190788577,4.828379059577649,0.30682632694897066,0.29128729591017066,4.809447076604126,0.28733133978564573,0.26749562722986087,4.797313244793571,0.28270327179449123,0.2562073650672683,4.791546439039817,0.34660366881189475,0.2700283769778706,4.79850011793737,0.9946699412544908,0.5173830673109833,4.982131239203028
0.22700878977775574,0.22700878977775574,400,51327,,,,,,,,,,,,,,,,,,,,,
0.22529970109462738,0.22529970109462738,401,51455,,,,,,,,,,,,,,,,,,,,,
0.22278784215450287,0.22278784215450287,402,51583,,,,,,,,,,,,,,,,,,,,,
0.22215105593204498,0.22215105593204498,403,51711,,,,,,,,,,,,,,,,,,,,,
0.22010914981365204,0.22010914981365204,404,51839,,,,,,,,,,,,,,,,,,,,,
0.22520963847637177,0.22520963847637177,405,51967,,,,,,,,,,,,,,,,,,,,,
0.22276383638381958,0.22276383638381958,406,52095,,,,,,,,,,,,,,,,,,,,,
0.225238636136055,0.225238636136055,407,52223,,,,,,,,,,,,,,,,,,,,,
0.22093449532985687,0.22093449532985687,408,52351,,,,,,,,,,,,,,,,,,,,,
0.22275982797145844,0.22275982797145844,409,52479,,,,,,,,,,,,,,,,,,,,,
0.2217281013727188,0.2217281013727188,410,52607,,,,,,,,,,,,,,,,,,,,,
0.22190098464488983,0.22190098464488983,411,52735,,,,,,,,,,,,,,,,,,,,,
0.22662568092346191,0.22662568092346191,412,52863,,,,,,,,,,,,,,,,,,,,,
0.2262943536043167,0.2262943536043167,413,52991,,,,,,,,,,,,,,,,,,,,,
0.2276143729686737,0.2276143729686737,414,53119,,,,,,,,,,,,,,,,,,,,,
0.22016094624996185,0.22016094624996185,415,53247,,,,,,,,,,,,,,,,,,,,,
0.22900062799453735,0.22900062799453735,416,53375,,,,,,,,,,,,,,,,,,,,,
0.2248830497264862,0.2248830497264862,417,53503,,,,,,,,,,,,,,,,,,,,,
0.21914231777191162,0.21914231777191162,418,53631,,,,,,,,,,,,,,,,,,,,,
0.22553232312202454,0.22553232312202454,419,53759,,,,,,,,,,,,,,,,,,,,,
0.22028137743473053,0.22028137743473053,420,53887,,,,,,,,,,,,,,,,,,,,,
0.22277384996414185,0.22277384996414185,421,54015,,,,,,,,,,,,,,,,,,,,,
0.22082902491092682,0.22082902491092682,422,54143,,,,,,,,,,,,,,,,,,,,,
0.22314594686031342,0.22314594686031342,423,54271,,,,,,,,,,,,,,,,,,,,,
0.22311103343963623,0.22311103343963623,424,54399,,,,,,,,,,,,,,,,,,,,,
0.22155658900737762,0.22155658900737762,425,54527,,,,,,,,,,,,,,,,,,,,,
0.2208869606256485,0.2208869606256485,426,54655,,,,,,,,,,,,,,,,,,,,,
0.22599869966506958,0.22599869966506958,427,54783,,,,,,,,,,,,,,,,,,,,,
0.22035638988018036,0.22035638988018036,428,54911,,,,,,,,,,,,,,,,,,,,,
0.22295299172401428,0.22295299172401428,429,55039,,,,,,,,,,,,,,,,,,,,,
0.22616654634475708,0.22616654634475708,430,55167,,,,,,,,,,,,,,,,,,,,,
0.22219140827655792,0.22219140827655792,431,55295,,,,,,,,,,,,,,,,,,,,,
0.22597521543502808,0.22597521543502808,432,55423,,,,,,,,,,,,,,,,,,,,,
0.22511720657348633,0.22511720657348633,433,55551,,,,,,,,,,,,,,,,,,,,,
0.22438058257102966,0.22438058257102966,434,55679,,,,,,,,,,,,,,,,,,,,,
0.2213045209646225,0.2213045209646225,435,55807,,,,,,,,,,,,,,,,,,,,,
0.2309930920600891,0.2309930920600891,436,55935,,,,,,,,,,,,,,,,,,,,,
0.22031106054782867,0.22031106054782867,437,56063,,,,,,,,,,,,,,,,,,,,,
0.22419577836990356,0.22419577836990356,438,56191,,,,,,,,,,,,,,,,,,,,,
0.22435124218463898,0.22435124218463898,439,56319,,,,,,,,,,,,,,,,,,,,,
0.22810117900371552,0.22810117900371552,440,56447,,,,,,,,,,,,,,,,,,,,,
0.22554129362106323,0.22554129362106323,441,56575,,,,,,,,,,,,,,,,,,,,,
0.22341126203536987,0.22341126203536987,442,56703,,,,,,,,,,,,,,,,,,,,,
0.21657603979110718,0.21657603979110718,443,56831,,,,,,,,,,,,,,,,,,,,,
0.22050271928310394,0.22050271928310394,444,56959,,,,,,,,,,,,,,,,,,,,,
0.22597630321979523,0.22597630321979523,445,57087,,,,,,,,,,,,,,,,,,,,,
0.22746695578098297,0.22746695578098297,446,57215,,,,,,,,,,,,,,,,,,,,,
0.22530360519886017,0.22530360519886017,447,57343,,,,,,,,,,,,,,,,,,,,,
0.22407123446464539,0.22407123446464539,448,57471,,,,,,,,,,,,,,,,,,,,,
0.22560621798038483,0.22560621798038483,449,57599,,,,,,,,,,,,,,,,,,,,,
0.22612939774990082,0.22612939774990082,450,57727,,,,,,,,,,,,,,,,,,,,,
0.22193977236747742,0.22193977236747742,451,57855,,,,,,,,,,,,,,,,,,,,,
0.2236916422843933,0.2236916422843933,452,57983,,,,,,,,,,,,,,,,,,,,,
0.22476619482040405,0.22476619482040405,453,58111,,,,,,,,,,,,,,,,,,,,,
0.22360771894454956,0.22360771894454956,454,58239,,,,,,,,,,,,,,,,,,,,,
0.22564665973186493,0.22564665973186493,455,58367,,,,,,,,,,,,,,,,,,,,,
0.22381146252155304,0.22381146252155304,456,58495,,,,,,,,,,,,,,,,,,,,,
0.2265956699848175,0.2265956699848175,457,58623,,,,,,,,,,,,,,,,,,,,,
0.22788748145103455,0.22788748145103455,458,58751,,,,,,,,,,,,,,,,,,,,,
0.22527071833610535,0.22527071833610535,459,58879,,,,,,,,,,,,,,,,,,,,,
0.22535280883312225,0.22535280883312225,460,59007,,,,,,,,,,,,,,,,,,,,,
0.22520673274993896,0.22520673274993896,461,59135,,,,,,,,,,,,,,,,,,,,,
0.22601419687271118,0.22601419687271118,462,59263,,,,,,,,,,,,,,,,,,,,,
0.22239279747009277,0.22239279747009277,463,59391,,,,,,,,,,,,,,,,,,,,,
0.2228119671344757,0.2228119671344757,464,59519,,,,,,,,,,,,,,,,,,,,,
0.2243787795305252,0.2243787795305252,465,59647,,,,,,,,,,,,,,,,,,,,,
0.21963375806808472,0.21963375806808472,466,59775,,,,,,,,,,,,,,,,,,,,,
0.22146855294704437,0.22146855294704437,467,59903,,,,,,,,,,,,,,,,,,,,,
0.22050727903842926,0.22050727903842926,468,60031,,,,,,,,,,,,,,,,,,,,,
0.2255251258611679,0.2255251258611679,469,60159,,,,,,,,,,,,,,,,,,,,,
0.22137127816677094,0.22137127816677094,470,60287,,,,,,,,,,,,,,,,,,,,,
0.2273721992969513,0.2273721992969513,471,60415,,,,,,,,,,,,,,,,,,,,,
0.2268039882183075,0.2268039882183075,472,60543,,,,,,,,,,,,,,,,,,,,,
0.22644250094890594,0.22644250094890594,473,60671,,,,,,,,,,,,,,,,,,,,,
0.22342638671398163,0.22342638671398163,474,60799,,,,,,,,,,,,,,,,,,,,,
0.22329601645469666,0.22329601645469666,475,60927,,,,,,,,,,,,,,,,,,,,,
0.22692802548408508,0.22692802548408508,476,61055,,,,,,,,,,,,,,,,,,,,,
0.22193123400211334,0.22193123400211334,477,61183,,,,,,,,,,,,,,,,,,,,,
0.22332270443439484,0.22332270443439484,478,61311,,,,,,,,,,,,,,,,,,,,,
0.22543324530124664,0.22543324530124664,479,61439,,,,,,,,,,,,,,,,,,,,,
0.22638054192066193,0.22638054192066193,480,61567,,,,,,,,,,,,,,,,,,,,,
0.22352327406406403,0.22352327406406403,481,61695,,,,,,,,,,,,,,,,,,,,,
0.22327284514904022,0.22327284514904022,482,61823,,,,,,,,,,,,,,,,,,,,,
0.22603701055049896,0.22603701055049896,483,61951,,,,,,,,,,,,,,,,,,,,,
0.22372347116470337,0.22372347116470337,484,62079,,,,,,,,,,,,,,,,,,,,,
0.22580985724925995,0.22580985724925995,485,62207,,,,,,,,,,,,,,,,,,,,,
0.22142860293388367,0.22142860293388367,486,62335,,,,,,,,,,,,,,,,,,,,,
0.22353139519691467,0.22353139519691467,487,62463,,,,,,,,,,,,,,,,,,,,,
0.22629062831401825,0.22629062831401825,488,62591,,,,,,,,,,,,,,,,,,,,,
0.22358645498752594,0.22358645498752594,489,62719,,,,,,,,,,,,,,,,,,,,,
0.22158628702163696,0.22158628702163696,490,62847,,,,,,,,,,,,,,,,,,,,,
0.2225944697856903,0.2225944697856903,491,62975,,,,,,,,,,,,,,,,,,,,,
0.2234012931585312,0.2234012931585312,492,63103,,,,,,,,,,,,,,,,,,,,,
0.22276468575000763,0.22276468575000763,493,63231,,,,,,,,,,,,,,,,,,,,,
0.21964901685714722,0.21964901685714722,494,63359,,,,,,,,,,,,,,,,,,,,,
0.22274678945541382,0.22274678945541382,495,63487,,,,,,,,,,,,,,,,,,,,,
0.22383368015289307,0.22383368015289307,496,63615,,,,,,,,,,,,,,,,,,,,,
0.2246251404285431,0.2246251404285431,497,63743,,,,,,,,,,,,,,,,,,,,,
0.21599166095256805,0.21599166095256805,498,63871,,,,,,,,,,,,,,,,,,,,,
0.22537192702293396,0.22537192702293396,499,63999,0.4248932790529512,0.4224883392057529,4.850136846890701,0.34571903736987025,0.33078568159749805,4.823957919602758,0.30841271549896065,0.2883303957347814,4.807880568600305,0.290432373006459,0.2656249089408656,4.798858253981818,0.2908444446277762,0.2575778164575716,4.793544991417144,0.37204536925283543,0.28073509230083293,4.803629701647845,1.2729851468065858,0.6506332613070877,5.02413058308067
0.22592248022556305,0.22592248022556305,500,64127,,,,,,,,,,,,,,,,,,,,,
0.22591421008110046,0.22591421008110046,501,64255,,,,,,,,,,,,,,,,,,,,,
0.2239760309457779,0.2239760309457779,502,64383,,,,,,,,,,,,,,,,,,,,,
0.22213011980056763,0.22213011980056763,503,64511,,,,,,,,,,,,,,,,,,,,,
0.22267960011959076,0.22267960011959076,504,64639,,,,,,,,,,,,,,,,,,,,,
0.2214185893535614,0.2214185893535614,505,64767,,,,,,,,,,,,,,,,,,,,,
0.2268010675907135,0.2268010675907135,506,64895,,,,,,,,,,,,,,,,,,,,,
0.2207648605108261,0.2207648605108261,507,65023,,,,,,,,,,,,,,,,,,,,,
0.22082974016666412,0.22082974016666412,508,65151,,,,,,,,,,,,,,,,,,,,,
0.225689098238945,0.225689098238945,509,65279,,,,,,,,,,,,,,,,,,,,,
0.22631365060806274,0.22631365060806274,510,65407,,,,,,,,,,,,,,,,,,,,,
0.22036239504814148,0.22036239504814148,511,65535,,,,,,,,,,,,,,,,,,,,,
0.22193560004234314,0.22193560004234314,512,65663,,,,,,,,,,,,,,,,,,,,,
0.22581467032432556,0.22581467032432556,513,65791,,,,,,,,,,,,,,,,,,,,,
0.22413651645183563,0.22413651645183563,514,65919,,,,,,,,,,,,,,,,,,,,,
0.2271311730146408,0.2271311730146408,515,66047,,,,,,,,,,,,,,,,,,,,,
0.22673960030078888,0.22673960030078888,516,66175,,,,,,,,,,,,,,,,,,,,,
0.22241196036338806,0.22241196036338806,517,66303,,,,,,,,,,,,,,,,,,,,,
0.22118274867534637,0.22118274867534637,518,66431,,,,,,,,,,,,,,,,,,,,,
0.2209702730178833,0.2209702730178833,519,66559,,,,,,,,,,,,,,,,,,,,,
0.22309112548828125,0.22309112548828125,520,66687,,,,,,,,,,,,,,,,,,,,,
0.22272422909736633,0.22272422909736633,521,66815,,,,,,,,,,,,,,,,,,,,,
0.22281408309936523,0.22281408309936523,522,66943,,,,,,,,,,,,,,,,,,,,,
0.2243036925792694,0.2243036925792694,523,67071,,,,,,,,,,,,,,,,,,,,,
0.22331564128398895,0.22331564128398895,524,67199,,,,,,,,,,,,,,,,,,,,,
0.2230522483587265,0.2230522483587265,525,67327,,,,,,,,,,,,,,,,,,,,,
0.22529032826423645,0.22529032826423645,526,67455,,,,,,,,,,,,,,,,,,,,,
0.22192968428134918,0.22192968428134918,527,67583,,,,,,,,,,,,,,,,,,,,,
0.2276620715856552,0.2276620715856552,528,67711,,,,,,,,,,,,,,,,,,,,,
0.22374573349952698,0.22374573349952698,529,67839,,,,,,,,,,,,,,,,,,,,,
0.22516675293445587,0.22516675293445587,530,67967,,,,,,,,,,,,,,,,,,,,,
0.2234824150800705,0.2234824150800705,531,68095,,,,,,,,,,,,,,,,,,,,,
0.22516322135925293,0.22516322135925293,532,68223,,,,,,,,,,,,,,,,,,,,,
0.2243371605873108,0.2243371605873108,533,68351,,,,,,,,,,,,,,,,,,,,,
0.2239839881658554,0.2239839881658554,534,68479,,,,,,,,,,,,,,,,,,,,,
0.22397109866142273,0.22397109866142273,535,68607,,,,,,,,,,,,,,,,,,,,,
0.2234966903924942,0.2234966903924942,536,68735,,,,,,,,,,,,,,,,,,,,,
0.22257257997989655,0.22257257997989655,537,68863,,,,,,,,,,,,,,,,,,,,,
0.22477862238883972,0.22477862238883972,538,68991,,,,,,,,,,,,,,,,,,,,,
0.22524003684520721,0.22524003684520721,539,69119,,,,,,,,,,,,,,,,,,,,,
0.22240833938121796,0.22240833938121796,540,69247,,,,,,,,,,,,,,,,,,,,,
0.21900434792041779,0.21900434792041779,541,69375,,,,,,,,,,,,,,,,,,,,,
0.22578860819339752,0.22578860819339752,542,69503,,,,,,,,,,,,,,,,,,,,,
0.22344934940338135,0.22344934940338135,543,69631,,,,,,,,,,,,,,,,,,,,,
0.2196153849363327,0.2196153849363327,544,69759,,,,,,,,,,,,,,,,,,,,,
0.21983520686626434,0.21983520686626434,545,69887,,,,,,,,,,,,,,,,,,,,,
0.22549566626548767,0.22549566626548767,546,70015,,,,,,,,,,,,,,,,,,,,,
0.22962114214897156,0.22962114214897156,547,70143,,,,,,,,,,,,,,,,,,,,,
0.22338688373565674,0.22338688373565674,548,70271,,,,,,,,,,,,,,,,,,,,,
0.22205547988414764,0.22205547988414764,549,70399,,,,,,,,,,,,,,,,,,,,,
0.2221643030643463,0.2221643030643463,550,70527,,,,,,,,,,,,,,,,,,,,,
0.22302885353565216,0.22302885353565216,551,70655,,,,,,,,,,,,,,,,,,,,,
0.22462129592895508,0.22462129592895508,552,70783,,,,,,,,,,,,,,,,,,,,,
0.22243405878543854,0.22243405878543854,553,70911,,,,,,,,,,,,,,,,,,,,,
0.22306932508945465,0.22306932508945465,554,71039,,,,,,,,,,,,,,,,,,,,,
0.22421146929264069,0.22421146929264069,555,71167,,,,,,,,,,,,,,,,,,,,,
0.2228771448135376,0.2228771448135376,556,71295,,,,,,,,,,,,,,,,,,,,,
0.22113189101219177,0.22113189101219177,557,71423,,,,,,,,,,,,,,,,,,,,,
0.2255043387413025,0.2255043387413025,558,71551,,,,,,,,,,,,,,,,,,,,,
0.22164197266101837,0.22164197266101837,559,71679,,,,,,,,,,,,,,,,,,,,,
0.22331377863883972,0.22331377863883972,560,71807,,,,,,,,,,,,,,,,,,,,,
0.22200274467468262,0.22200274467468262,561,71935,,,,,,,,,,,,,,,,,,,,,
0.2267511487007141,0.2267511487007141,562,72063,,,,,,,,,,,,,,,,,,,,,
0.22206427156925201,0.22206427156925201,563,72191,,,,,,,,,,,,,,,,,,,,,
0.22478394210338593,0.22478394210338593,564,72319,,,,,,,,,,,,,,,,,,,,,
0.22397376596927643,0.22397376596927643,565,72447,,,,,,,,,,,,,,,,,,,,,
0.22488032281398773,0.22488032281398773,566,72575,,,,,,,,,,,,,,,,,,,,,
0.22414624691009521,0.22414624691009521,567,72703,,,,,,,,,,,,,,,,,,,,,
0.2237800657749176,0.2237800657749176,568,72831,,,,,,,,,,,,,,,,,,,,,
0.22041358053684235,0.22041358053684235,569,72959,,,,,,,,,,,,,,,,,,,,,
0.2201845645904541,0.2201845645904541,570,73087,,,,,,,,,,,,,,,,,,,,,
0.22319245338439941,0.22319245338439941,571,73215,,,,,,,,,,,,,,,,,,,,,
0.2258174866437912,0.2258174866437912,572,73343,,,,,,,,,,,,,,,,,,,,,
0.22380264103412628,0.22380264103412628,573,73471,,,,,,,,,,,,,,,,,,,,,
0.22485315799713135,0.22485315799713135,574,73599,,,,,,,,,,,,,,,,,,,,,
0.22389836609363556,0.22389836609363556,575,73727,,,,,,,,,,,,,,,,,,,,,
0.22167138755321503,0.22167138755321503,576,73855,,,,,,,,,,,,,,,,,,,,,
0.21807502210140228,0.21807502210140228,577,73983,,,,,,,,,,,,,,,,,,,,,
0.2245481312274933,0.2245481312274933,578,74111,,,,,,,,,,,,,,,,,,,,,
0.22141088545322418,0.22141088545322418,579,74239,,,,,,,,,,,,,,,,,,,,,
0.221274733543396,0.221274733543396,580,74367,,,,,,,,,,,,,,,,,,,,,
0.22229056060314178,0.22229056060314178,581,74495,,,,,,,,,,,,,,,,,,,,,
0.22665725648403168,0.22665725648403168,582,74623,,,,,,,,,,,,,,,,,,,,,
0.2238979935646057,0.2238979935646057,583,74751,,,,,,,,,,,,,,,,,,,,,
0.22491072118282318,0.22491072118282318,584,74879,,,,,,,,,,,,,,,,,,,,,
0.22213685512542725,0.22213685512542725,585,75007,,,,,,,,,,,,,,,,,,,,,
0.2226923704147339,0.2226923704147339,586,75135,,,,,,,,,,,,,,,,,,,,,
0.22135433554649353,0.22135433554649353,587,75263,,,,,,,,,,,,,,,,,,,,,
0.22584082186222076,0.22584082186222076,588,75391,,,,,,,,,,,,,,,,,,,,,
0.22518613934516907,0.22518613934516907,589,75519,,,,,,,,,,,,,,,,,,,,,
0.22400091588497162,0.22400091588497162,590,75647,,,,,,,,,,,,,,,,,,,,,
0.22470222413539886,0.22470222413539886,591,75775,,,,,,,,,,,,,,,,,,,,,
0.21669486165046692,0.21669486165046692,592,75903,,,,,,,,,,,,,,,,,,,,,
0.22024326026439667,0.22024326026439667,593,76031,,,,,,,,,,,,,,,,,,,,,
0.22216854989528656,0.22216854989528656,594,76159,,,,,,,,,,,,,,,,,,,,,
0.22151702642440796,0.22151702642440796,595,76287,,,,,,,,,,,,,,,,,,,,,
0.21844127774238586,0.21844127774238586,596,76415,,,,,,,,,,,,,,,,,,,,,
0.22137321531772614,0.22137321531772614,597,76543,,,,,,,,,,,,,,,,,,,,,
0.21953992545604706,0.21953992545604706,598,76671,,,,,,,,,,,,,,,,,,,,,
0.22643700242042542,0.22643700242042542,599,76799,0.4337678905278943,0.43147595011509904,4.8516337284414774,0.3539185810873218,0.3396506677777733,4.827257616497579,0.3102534065826582,0.2943701722548482,4.8105646486592,0.29116001299288646,0.2702873179368942,4.800480047167987,0.28621444908538735,0.25774246471885737,4.793467541538598,0.35730052428450504,0.2792741270280825,4.803891364660192,1.0142130442838024,0.5585839224576515,4.984044622873673
0.2225574254989624,0.2225574254989624,600,76927,,,,,,,,,,,,,,,,,,,,,
0.2236882597208023,0.2236882597208023,601,77055,,,,,,,,,,,,,,,,,,,,,
0.22049196064472198,0.22049196064472198,602,77183,,,,,,,,,,,,,,,,,,,,,
0.22349849343299866,0.22349849343299866,603,77311,,,,,,,,,,,,,,,,,,,,,
0.22088688611984253,0.22088688611984253,604,77439,,,,,,,,,,,,,,,,,,,,,
0.2241661250591278,0.2241661250591278,605,77567,,,,,,,,,,,,,,,,,,,,,
0.22485750913619995,0.22485750913619995,606,77695,,,,,,,,,,,,,,,,,,,,,
0.2279106080532074,0.2279106080532074,607,77823,,,,,,,,,,,,,,,,,,,,,
0.22654832899570465,0.22654832899570465,608,77951,,,,,,,,,,,,,,,,,,,,,
0.22078697383403778,0.22078697383403778,609,78079,,,,,,,,,,,,,,,,,,,,,
0.21618494391441345,0.21618494391441345,610,78207,,,,,,,,,,,,,,,,,,,,,
0.2270430326461792,0.2270430326461792,611,78335,,,,,,,,,,,,,,,,,,,,,
0.22341494262218475,0.22341494262218475,612,78463,,,,,,,,,,,,,,,,,,,,,
0.22359667718410492,0.22359667718410492,613,78591,,,,,,,,,,,,,,,,,,,,,
0.22481928765773773,0.22481928765773773,614,78719,,,,,,,,,,,,,,,,,,,,,
0.22452972829341888,0.22452972829341888,615,78847,,,,,,,,,,,,,,,,,,,,,
0.2221156805753708,0.2221156805753708,616,78975,,,,,,,,,,,,,,,,,,,,,
0.2262515127658844,0.2262515127658844,617,79103,,,,,,,,,,,,,,,,,,,,,
0.22421695291996002,0.22421695291996002,618,79231,,,,,,,,,,,,,,,,,,,,,
0.22461040318012238,0.22461040318012238,619,79359,,,,,,,,,,,,,,,,,,,,,
0.22068440914154053,0.22068440914154053,620,79487,,,,,,,,,,,,,,,,,,,,,
0.22247393429279327,0.22247393429279327,621,79615,,,,,,,,,,,,,,,,,,,,,
0.22268377244472504,0.22268377244472504,622,79743,,,,,,,,,,,,,,,,,,,,,
0.2214415967464447,0.2214415967464447,623,79871,,,,,,,,,,,,,,,,,,,,,
0.2237086296081543,0.2237086296081543,624,79999,,,,,,,,,,,,,,,,,,,,,
0.22230297327041626,0.22230297327041626,625,80127,,,,,,,,,,,,,,,,,,,,,
0.2199656069278717,0.2199656069278717,626,80255,,,,,,,,,,,,,,,,,,,,,
0.22330890595912933,0.22330890595912933,627,80383,,,,,,,,,,,,,,,,,,,,,
0.21825996041297913,0.21825996041297913,628,80511,,,,,,,,,,,,,,,,,,,,,
0.2239374816417694,0.2239374816417694,629,80639,,,,,,,,,,,,,,,,,,,,,
0.22839096188545227,0.22839096188545227,630,80767,,,,,,,,,,,,,,,,,,,,,
0.22660669684410095,0.22660669684410095,631,80895,,,,,,,,,,,,,,,,,,,,,
0.2200656682252884,0.2200656682252884,632,81023,,,,,,,,,,,,,,,,,,,,,
0.22564096748828888,0.22564096748828888,633,81151,,,,,,,,,,,,,,,,,,,,,
0.22819693386554718,0.22819693386554718,634,81279,,,,,,,,,,,,,,,,,,,,,
0.22123554348945618,0.22123554348945618,635,81407,,,,,,,,,,,,,,,,,,,,,
0.21979166567325592,0.21979166567325592,636,81535,,,,,,,,,,,,,,,,,,,,,
0.22218462824821472,0.22218462824821472,637,81663,,,,,,,,,,,,,,,,,,,,,
0.2282884418964386,0.2282884418964386,638,81791,,,,,,,,,,,,,,,,,,,,,
0.2215804159641266,0.2215804159641266,639,81919,,,,,,,,,,,,,,,,,,,,,
0.22191770374774933,0.22191770374774933,640,82047,,,,,,,,,,,,,,,,,,,,,
0.22430580854415894,0.22430580854415894,641,82175,,,,,,,,,,,,,,,,,,,,,
0.22362415492534637,0.22362415492534637,642,82303,,,,,,,,,,,,,,,,,,,,,
0.22091932594776154,0.22091932594776154,643,82431,,,,,,,,,,,,,,,,,,,,,
0.22395668923854828,0.22395668923854828,644,82559,,,,,,,,,,,,,,,,,,,,,
0.2238692045211792,0.2238692045211792,645,82687,,,,,,,,,,,,,,,,,,,,,
0.22056914865970612,0.22056914865970612,646,82815,,,,,,,,,,,,,,,,,,,,,
0.22644250094890594,0.22644250094890594,647,82943,,,,,,,,,,,,,,,,,,,,,
0.22474856674671173,0.22474856674671173,648,83071,,,,,,,,,,,,,,,,,,,,,
0.2282249927520752,0.2282249927520752,649,83199,,,,,,,,,,,,,,,,,,,,,
0.22029128670692444,0.22029128670692444,650,83327,,,,,,,,,,,,,,,,,,,,,
0.22497673332691193,0.22497673332691193,651,83455,,,,,,,,,,,,,,,,,,,,,
0.21913179755210876,0.21913179755210876,652,83583,,,,,,,,,,,,,,,,,,,,,
0.2247743457555771,0.2247743457555771,653,83711,,,,,,,,,,,,,,,,,,,,,
0.22066228091716766,0.22066228091716766,654,83839,,,,,,,,,,,,,,,,,,,,,
0.22506366670131683,0.22506366670131683,655,83967,,,,,,,,,,,,,,,,,,,,,
0.2251497358083725,0.2251497358083725,656,84095,,,,,,,,,,,,,,,,,,,,,
0.21768327057361603,0.21768327057361603,657,84223,,,,,,,,,,,,,,,,,,,,,
0.22202534973621368,0.22202534973621368,658,84351,,,,,,,,,,,,,,,,,,,,,
0.22054041922092438,0.22054041922092438,659,84479,,,,,,,,,,,,,,,,,,,,,
0.22318878769874573,0.22318878769874573,660,84607,,,,,,,,,,,,,,,,,,,,,
0.22181640565395355,0.22181640565395355,661,84735,,,,,,,,,,,,,,,,,,,,,
0.22391949594020844,0.22391949594020844,662,84863,,,,,,,,,,,,,,,,,,,,,
0.22776807844638824,0.22776807844638824,663,84991,,,,,,,,,,,,,,,,,,,,,
0.21767865121364594,0.21767865121364594,664,85119,,,,,,,,,,,,,,,,,,,,,
0.21984727680683136,0.21984727680683136,665,85247,,,,,,,,,,,,,,,,,,,,,
0.22280870378017426,0.22280870378017426,666,85375,,,,,,,,,,,,,,,,,,,,,
0.2216147631406784,0.2216147631406784,667,85503,,,,,,,,,,,,,,,,,,,,,
0.22159931063652039,0.22159931063652039,668,85631,,,,,,,,,,,,,,,,,,,,,
0.22088606655597687,0.22088606655597687,669,85759,,,,,,,,,,,,,,,,,,,,,
0.2188338041305542,0.2188338041305542,670,85887,,,,,,,,,,,,,,,,,,,,,
0.22271105647087097,0.22271105647087097,671,86015,,,,,,,,,,,,,,,,,,,,,
0.22161440551280975,0.22161440551280975,672,86143,,,,,,,,,,,,,,,,,,,,,
0.2236126810312271,0.2236126810312271,673,86271,,,,,,,,,,,,,,,,,,,,,
0.22203844785690308,0.22203844785690308,674,86399,,,,,,,,,,,,,,,,,,,,,
0.21870197355747223,0.21870197355747223,675,86527,,,,,,,,,,,,,,,,,,,,,
0.2220691740512848,0.2220691740512848,676,86655,,,,,,,,,,,,,,,,,,,,,
0.22536179423332214,0.22536179423332214,677,86783,,,,,,,,,,,,,,,,,,,,,
0.2235642820596695,0.2235642820596695,678,86911,,,,,,,,,,,,,,,,,,,,,
0.22178718447685242,0.22178718447685242,679,87039,,,,,,,,,,,,,,,,,,,,,
0.21862219274044037,0.21862219274044037,680,87167,,,,,,,,,,,,,,,,,,,,,
0.22194920480251312,0.22194920480251312,681,87295,,,,,,,,,,,,,,,,,,,,,
0.22428633272647858,0.22428633272647858,682,87423,,,,,,,,,,,,,,,,,,,,,
0.22570492327213287,0.22570492327213287,683,87551,,,,,,,,,,,,,,,,,,,,,
0.22333486378192902,0.22333486378192902,684,87679,,,,,,,,,,,,,,,,,,,,,
0.22166013717651367,0.22166013717651367,685,87807,,,,,,,,,,,,,,,,,,,,,
0.22201021015644073,0.22201021015644073,686,87935,,,,,,,,,,,,,,,,,,,,,
0.22333160042762756,0.22333160042762756,687,88063,,,,,,,,,,,,,,,,,,,,,
0.22234652936458588,0.22234652936458588,688,88191,,,,,,,,,,,,,,,,,,,,,
0.2195487767457962,0.2195487767457962,689,88319,,,,,,,,,,,,,,,,,,,,,
0.21876828372478485,0.21876828372478485,690,88447,,,,,,,,,,,,,,,,,,,,,
0.22713303565979004,0.22713303565979004,691,88575,,,,,,,,,,,,,,,,,,,,,
0.222956120967865,0.222956120967865,692,88703,,,,,,,,,,,,,,,,,,,,,
0.22322280704975128,0.22322280704975128,693,88831,,,,,,,,,,,,,,,,,,,,,
0.22719277441501617,0.22719277441501617,694,88959,,,,,,,,,,,,,,,,,,,,,
0.22494731843471527,0.22494731843471527,695,89087,,,,,,,,,,,,,,,,,,,,,
0.22591517865657806,0.22591517865657806,696,89215,,,,,,,,,,,,,,,,,,,,,
0.22126218676567078,0.22126218676567078,697,89343,,,,,,,,,,,,,,,,,,,,,
0.2212480902671814,0.2212480902671814,698,89471,,,,,,,,,,,,,,,,,,,,,
0.22447171807289124,0.22447171807289124,699,89599,0.4533642560349699,0.45567582600774653,4.858436624803884,0.34955110925075544,0.3360828790007477,4.826249326169669,0.3088593000790941,0.29111475909064866,4.8103644157001,0.28838761144838354,0.26784257029823216,4.800321399201493,0.28191641449975535,0.256494890559533,4.793880531134822,0.31167822124238537,0.2674203024835743,4.8022470878605805,0.8126050762435962,0.47182661116522806,4.947218633184125
0.22410039603710175,0.22410039603710175,700,89727,,,,,,,,,,,,,,,,,,,,,
0.2220224142074585,0.2220224142074585,701,89855,,,,,,,,,,,,,,,,,,,,,
0.2253817915916443,0.2253817915916443,702,89983,,,,,,,,,,,,,,,,,,,,,
0.21916505694389343,0.21916505694389343,703,90111,,,,,,,,,,,,,,,,,,,,,
0.22325149178504944,0.22325149178504944,704,90239,,,,,,,,,,,,,,,,,,,,,
0.2206512987613678,0.2206512987613678,705,90367,,,,,,,,,,,,,,,,,,,,,
0.223000630736351,0.223000630736351,706,90495,,,,,,,,,,,,,,,,,,,,,
0.22147433459758759,0.22147433459758759,707,90623,,,,,,,,,,,,,,,,,,,,,
0.21602395176887512,0.21602395176887512,708,90751,,,,,,,,,,,,,,,,,,,,,
0.22389422357082367,0.22389422357082367,709,90879,,,,,,,,,,,,,,,,,,,,,
0.22103655338287354,0.22103655338287354,710,91007,,,,,,,,,,,,,,,,,,,,,
0.2242238074541092,0.2242238074541092,711,91135,,,,,,,,,,,,,,,,,,,,,
0.22697928547859192,0.22697928547859192,712,91263,,,,,,,,,,,,,,,,,,,,,
0.22458018362522125,0.22458018362522125,713,91391,,,,,,,,,,,,,,,,,,,,,
0.2213069498538971,0.2213069498538971,714,91519,,,,,,,,,,,,,,,,,,,,,
0.22337716817855835,0.22337716817855835,715,91647,,,,,,,,,,,,,,,,,,,,,
0.223612979054451,0.223612979054451,716,91775,,,,,,,,,,,,,,,,,,,,,
0.2200450301170349,0.2200450301170349,717,91903,,,,,,,,,,,,,,,,,,,,,
0.22442090511322021,0.22442090511322021,718,92031,,,,,,,,,,,,,,,,,,,,,
0.2216607630252838,0.2216607630252838,719,92159,,,,,,,,,,,,,,,,,,,,,
0.218348890542984,0.218348890542984,720,92287,,,,,,,,,,,,,,,,,,,,,
0.22256124019622803,0.22256124019622803,721,92415,,,,,,,,,,,,,,,,,,,,,
0.22459527850151062,0.22459527850151062,722,92543,,,,,,,,,,,,,,,,,,,,,
0.22376464307308197,0.22376464307308197,723,92671,,,,,,,,,,,,,,,,,,,,,
0.22467538714408875,0.22467538714408875,724,92799,,,,,,,,,,,,,,,,,,,,,
0.22552601993083954,0.22552601993083954,725,92927,,,,,,,,,,,,,,,,,,,,,
0.22338417172431946,0.22338417172431946,726,93055,,,,,,,,,,,,,,,,,,,,,
0.21893513202667236,0.21893513202667236,727,93183,,,,,,,,,,,,,,,,,,,,,
0.2220289558172226,0.2220289558172226,728,93311,,,,,,,,,,,,,,,,,,,,,
0.21851083636283875,0.21851083636283875,729,93439,,,,,,,,,,,,,,,,,,,,,
0.22246329486370087,0.22246329486370087,730,93567,,,,,,,,,,,,,,,,,,,,,
0.21874412894248962,0.21874412894248962,731,93695,,,,,,,,,,,,,,,,,,,,,
0.22337421774864197,0.22337421774864197,732,93823,,,,,,,,,,,,,,,,,,,,,
0.22200627624988556,0.22200627624988556,733,93951,,,,,,,,,,,,,,,,,,,,,
0.22132457792758942,0.22132457792758942,734,94079,,,,,,,,,,,,,,,,,,,,,
0.2220030426979065,0.2220030426979065,735,94207,,,,,,,,,,,,,,,,,,,,,
0.22411395609378815,0.22411395609378815,736,94335,,,,,,,,,,,,,,,,,,,,,
0.22551336884498596,0.22551336884498596,737,94463,,,,,,,,,,,,,,,,,,,,,
0.22691158950328827,0.22691158950328827,738,94591,,,,,,,,,,,,,,,,,,,,,
0.22007547318935394,0.22007547318935394,739,94719,,,,,,,,,,,,,,,,,,,,,
0.2260376662015915,0.2260376662015915,740,94847,,,,,,,,,,,,,,,,,,,,,
0.21919068694114685,0.21919068694114685,741,94975,,,,,,,,,,,,,,,,,,,,,
0.22530438005924225,0.22530438005924225,742,95103,,,,,,,,,,,,,,,,,,,,,
0.22146961092948914,0.22146961092948914,743,95231,,,,,,,,,,,,,,,,,,,,,
0.22366219758987427,0.22366219758987427,744,95359,,,,,,,,,,,,,,,,,,,,,
0.22005724906921387,0.22005724906921387,745,95487,,,,,,,,,,,,,,,,,,,,,
0.22025246918201447,0.22025246918201447,746,95615,,,,,,,,,,,,,,,,,,,,,
0.22253084182739258,0.22253084182739258,747,95743,,,,,,,,,,,,,,,,,,,,,
0.22501640021800995,0.22501640021800995,748,95871,,,,,,,,,,,,,,,,,,,,,
0.22193510830402374,0.22193510830402374,749,95999,,,,,,,,,,,,,,,,,,,,,
0.2198716700077057,0.2198716700077057,750,96127,,,,,,,,,,,,,,,,,,,,,
0.22080697119235992,0.22080697119235992,751,96255,,,,,,,,,,,,,,,,,,,,,
0.22167368233203888,0.22167368233203888,752,96383,,,,,,,,,,,,,,,,,,,,,
0.22578631341457367,0.22578631341457367,753,96511,,,,,,,,,,,,,,,,,,,,,
0.22049830853939056,0.22049830853939056,754,96639,,,,,,,,,,,,,,,,,,,,,
0.2233450561761856,0.2233450561761856,755,96767,,,,,,,,,,,,,,,,,,,,,
0.22445110976696014,0.22445110976696014,756,96895,,,,,,,,,,,,,,,,,,,,,
0.2254372537136078,0.2254372537136078,757,97023,,,,,,,,,,,,,,,,,,,,,
0.22222904860973358,0.22222904860973358,758,97151,,,,,,,,,,,,,,,,,,,,,
0.21927933394908905,0.21927933394908905,759,97279,,,,,,,,,,,,,,,,,,,,,
0.2237638235092163,0.2237638235092163,760,97407,,,,,,,,,,,,,,,,,,,,,
0.22008758783340454,0.22008758783340454,761,97535,,,,,,,,,,,,,,,,,,,,,
0.22520841658115387,0.22520841658115387,762,97663,,,,,,,,,,,,,,,,,,,,,
0.2255595475435257,0.2255595475435257,763,97791,,,,,,,,,,,,,,,,,,,,,
0.21988199651241302,0.21988199651241302,764,97919,,,,,,,,,,,,,,,,,,,,,
0.22241902351379395,0.22241902351379395,765,98047,,,,,,,,,,,,,,,,,,,,,
0.2223052829504013,0.2223052829504013,766,98175,,,,,,,,,,,,,,,,,,,,,
0.22200694680213928,0.22200694680213928,767,98303,,,,,,,,,,,,,,,,,,,,,
0.22249138355255127,0.22249138355255127,768,98431,,,,,,,,,,,,,,,,,,,,,
0.22644534707069397,0.22644534707069397,769,98559,,,,,,,,,,,,,,,,,,,,,
0.22290068864822388,0.22290068864822388,770,98687,,,,,,,,,,,,,,,,,,,,,
0.22282519936561584,0.22282519936561584,771,98815,,,,,,,,,,,,,,,,,,,,,
0.21690309047698975,0.21690309047698975,772,98943,,,,,,,,,,,,,,,,,,,,,
0.22147707641124725,0.22147707641124725,773,99071,,,,,,,,,,,,,,,,,,,,,
0.22258473932743073,0.22258473932743073,774,99199,,,,,,,,,,,,,,,,,,,,,
0.2218436747789383,0.2218436747789383,775,99327,,,,,,,,,,,,,,,,,,,,,
0.2247401624917984,0.2247401624917984,776,99455,,,,,,,,,,,,,,,,,,,,,
0.2209341824054718,0.2209341824054718,777,99583,,,,,,,,,,,,,,,,,,,,,
0.2211015373468399,0.2211015373468399,778,99711,,,,,,,,,,,,,,,,,,,,,
0.21680249273777008,0.21680249273777008,779,99839,,,,,,,,,,,,,,,,,,,,,
0.22086820006370544,0.22086820006370544,780,99967,,,,,,,,,,,,,,,,,,,,,
0.22055089473724365,0.22055089473724365,781,100095,,,,,,,,,,,,,,,,,,,,,
0.22182714939117432,0.22182714939117432,782,100223,,,,,,,,,,,,,,,,,,,,,
0.22292204201221466,0.22292204201221466,783,100351,,,,,,,,,,,,,,,,,,,,,
0.22327503561973572,0.22327503561973572,784,100479,,,,,,,,,,,,,,,,,,,,,
0.22319428622722626,0.22319428622722626,785,100607,,,,,,,,,,,,,,,,,,,,,
0.22300980985164642,0.22300980985164642,786,100735,,,,,,,,,,,,,,,,,,,,,
0.223990797996521,0.223990797996521,787,100863,,,,,,,,,,,,,,,,,,,,,
0.22149769961833954,0.22149769961833954,788,100991,,,,,,,,,,,,,,,,,,,,,
0.22159384191036224,0.22159384191036224,789,101119,,,,,,,,,,,,,,,,,,,,,
0.2239980250597,0.2239980250597,790,101247,,,,,,,,,,,,,,,,,,,,,
0.2210339605808258,0.2210339605808258,791,101375,,,,,,,,,,,,,,,,,,,,,
0.22063589096069336,0.22063589096069336,792,101503,,,,,,,,,,,,,,,,,,,,,
0.22118832170963287,0.22118832170963287,793,101631,,,,,,,,,,,,,,,,,,,,,
0.22314557433128357,0.22314557433128357,794,101759,,,,,,,,,,,,,,,,,,,,,
0.22191308438777924,0.22191308438777924,795,101887,,,,,,,,,,,,,,,,,,,,,
0.21860966086387634,0.21860966086387634,796,102015,,,,,,,,,,,,,,,,,,,,,
0.22215546667575836,0.22215546667575836,797,102143,,,,,,,,,,,,,,,,,,,,,
0.22181148827075958,0.22181148827075958,798,102271,,,,,,,,,,,,,,,,,,,,,
0.21830646693706512,0.21830646693706512,799,102399,0.40209138611437767,0.3970996990869562,4.844262481798668,0.34419053133372135,0.3226116851899223,4.820505005411185,0.305872885929282,0.28318297483028837,4.806905395481,0.28979262662425215,0.2630151934204222,4.796667477505965,0.2887979734593034,0.2543315010851435,4.7919439812624365,0.39334436915243054,0.2882798093600613,4.804236827461444,1.5208032307966197,0.8474232418677587,5.168521933139357
0.22205515205860138,0.22205515205860138,800,102527,,,,,,,,,,,,,,,,,,,,,
0.22087597846984863,0.22087597846984863,801,102655,,,,,,,,,,,,,,,,,,,,,
0.2198372185230255,0.2198372185230255,802,102783,,,,,,,,,,,,,,,,,,,,,
0.22176003456115723,0.22176003456115723,803,102911,,,,,,,,,,,,,,,,,,,,,
0.22442495822906494,0.22442495822906494,804,103039,,,,,,,,,,,,,,,,,,,,,
0.2232269048690796,0.2232269048690796,805,103167,,,,,,,,,,,,,,,,,,,,,
0.2236863076686859,0.2236863076686859,806,103295,,,,,,,,,,,,,,,,,,,,,
0.22024540603160858,0.22024540603160858,807,103423,,,,,,,,,,,,,,,,,,,,,
0.21930988132953644,0.21930988132953644,808,103551,,,,,,,,,,,,,,,,,,,,,
0.22254881262779236,0.22254881262779236,809,103679,,,,,,,,,,,,,,,,,,,,,
0.22373560070991516,0.22373560070991516,810,103807,,,,,,,,,,,,,,,,,,,,,
0.22247709333896637,0.22247709333896637,811,103935,,,,,,,,,,,,,,,,,,,,,
0.22235535085201263,0.22235535085201263,812,104063,,,,,,,,,,,,,,,,,,,,,
0.221601203083992,0.221601203083992,813,104191,,,,,,,,,,,,,,,,,,,,,
0.22174470126628876,0.22174470126628876,814,104319,,,,,,,,,,,,,,,,,,,,,
0.2249794453382492,0.2249794453382492,815,104447,,,,,,,,,,,,,,,,,,,,,
0.22073714435100555,0.22073714435100555,816,104575,,,,,,,,,,,,,,,,,,,,,
0.22378554940223694,0.22378554940223694,817,104703,,,,,,,,,,,,,,,,,,,,,
0.21862339973449707,0.21862339973449707,818,104831,,,,,,,,,,,,,,,,,,,,,
0.2225063443183899,0.2225063443183899,819,104959,,,,,,,,,,,,,,,,,,,,,
0.22534388303756714,0.22534388303756714,820,105087,,,,,,,,,,,,,,,,,,,,,
0.22208669781684875,0.22208669781684875,821,105215,,,,,,,,,,,,,,,,,,,,,
0.2226625233888626,0.2226625233888626,822,105343,,,,,,,,,,,,,,,,,,,,,
0.22001385688781738,0.22001385688781738,823,105471,,,,,,,,,,,,,,,,,,,,,
0.22442315518856049,0.22442315518856049,824,105599,,,,,,,,,,,,,,,,,,,,,
0.22285951673984528,0.22285951673984528,825,105727,,,,,,,,,,,,,,,,,,,,,
0.22158150374889374,0.22158150374889374,826,105855,,,,,,,,,,,,,,,,,,,,,
0.21918407082557678,0.21918407082557678,827,105983,,,,,,,,,,,,,,,,,,,,,
0.22135700285434723,0.22135700285434723,828,106111,,,,,,,,,,,,,,,,,,,,,
0.21886011958122253,0.21886011958122253,829,106239,,,,,,,,,,,,,,,,,,,,,
0.2208855301141739,0.2208855301141739,830,106367,,,,,,,,,,,,,,,,,,,,,
0.2247498631477356,0.2247498631477356,831,106495,,,,,,,,,,,,,,,,,,,,,
0.21872857213020325,0.21872857213020325,832,106623,,,,,,,,,,,,,,,,,,,,,
0.22309288382530212,0.22309288382530212,833,106751,,,,,,,,,,,,,,,,,,,,,
0.22220630943775177,0.22220630943775177,834,106879,,,,,,,,,,,,,,,,,,,,,
0.22170931100845337,0.22170931100845337,835,107007,,,,,,,,,,,,,,,,,,,,,
0.2219998687505722,0.2219998687505722,836,107135,,,,,,,,,,,,,,,,,,,,,
0.21805939078330994,0.21805939078330994,837,107263,,,,,,,,,,,,,,,,,,,,,
0.22014984488487244,0.22014984488487244,838,107391,,,,,,,,,,,,,,,,,,,,,
0.2215290665626526,0.2215290665626526,839,107519,,,,,,,,,,,,,,,,,,,,,
0.2216421216726303,0.2216421216726303,840,107647,,,,,,,,,,,,,,,,,,,,,
0.221791610121727,0.221791610121727,841,107775,,,,,,,,,,,,,,,,,,,,,
0.22465234994888306,0.22465234994888306,842,107903,,,,,,,,,,,,,,,,,,,,,
0.22519560158252716,0.22519560158252716,843,108031,,,,,,,,,,,,,,,,,,,,,
0.21829254925251007,0.21829254925251007,844,108159,,,,,,,,,,,,,,,,,,,,,
0.22538314759731293,0.22538314759731293,845,108287,,,,,,,,,,,,,,,,,,,,,
0.22359901666641235,0.22359901666641235,846,108415,,,,,,,,,,,,,,,,,,,,,
0.22372087836265564,0.22372087836265564,847,108543,,,,,,,,,,,,,,,,,,,,,
0.22252194583415985,0.22252194583415985,848,108671,,,,,,,,,,,,,,,,,,,,,
0.2183876931667328,0.2183876931667328,849,108799,,,,,,,,,,,,,,,,,,,,,
0.21926702558994293,0.21926702558994293,850,108927,,,,,,,,,,,,,,,,,,,,,
0.2238113284111023,0.2238113284111023,851,109055,,,,,,,,,,,,,,,,,,,,,
0.2209964394569397,0.2209964394569397,852,109183,,,,,,,,,,,,,,,,,,,,,
0.22343215346336365,0.22343215346336365,853,109311,,,,,,,,,,,,,,,,,,,,,
0.22205282747745514,0.22205282747745514,854,109439,,,,,,,,,,,,,,,,,,,,,
0.22070053219795227,0.22070053219795227,855,109567,,,,,,,,,,,,,,,,,,,,,
0.2205715775489807,0.2205715775489807,856,109695,,,,,,,,,,,,,,,,,,,,,
0.2190057933330536,0.2190057933330536,857,109823,,,,,,,,,,,,,,,,,,,,,
0.21974706649780273,0.21974706649780273,858,109951,,,,,,,,,,,,,,,,,,,,,
0.2186325341463089,0.2186325341463089,859,110079,,,,,,,,,,,,,,,,,,,,,
0.22309648990631104,0.22309648990631104,860,110207,,,,,,,,,,,,,,,,,,,,,
0.22298868000507355,0.22298868000507355,861,110335,,,,,,,,,,,,,,,,,,,,,
0.2223820686340332,0.2223820686340332,862,110463,,,,,,,,,,,,,,,,,,,,,
0.22401462495326996,0.22401462495326996,863,110591,,,,,,,,,,,,,,,,,,,,,
0.22144675254821777,0.22144675254821777,864,110719,,,,,,,,,,,,,,,,,,,,,
0.22153688967227936,0.22153688967227936,865,110847,,,,,,,,,,,,,,,,,,,,,
0.21876338124275208,0.21876338124275208,866,110975,,,,,,,,,,,,,,,,,,,,,
0.22158271074295044,0.22158271074295044,867,111103,,,,,,,,,,,,,,,,,,,,,
0.22317950427532196,0.22317950427532196,868,111231,,,,,,,,,,,,,,,,,,,,,
0.2244063913822174,0.2244063913822174,869,111359,,,,,,,,,,,,,,,,,,,,,
0.22247938811779022,0.22247938811779022,870,111487,,,,,,,,,,,,,,,,,,,,,
0.2235780656337738,0.2235780656337738,871,111615,,,,,,,,,,,,,,,,,,,,,
0.22124916315078735,0.22124916315078735,872,111743,,,,,,,,,,,,,,,,,,,,,
0.21835578978061676,0.21835578978061676,873,111871,,,,,,,,,,,,,,,,,,,,,
0.2202558070421219,0.2202558070421219,874,111999,,,,,,,,,,,,,,,,,,,,,
0.2245972901582718,0.2245972901582718,875,112127,,,,,,,,,,,,,,,,,,,,,
0.21736514568328857,0.21736514568328857,876,112255,,,,,,,,,,,,,,,,,,,,,
0.22756175696849823,0.22756175696849823,877,112383,,,,,,,,,,,,,,,,,,,,,
0.2234443873167038,0.2234443873167038,878,112511,,,,,,,,,,,,,,,,,,,,,
0.22018584609031677,0.22018584609031677,879,112639,,,,,,,,,,,,,,,,,,,,,
0.2177613228559494,0.2177613228559494,880,112767,,,,,,,,,,,,,,,,,,,,,
0.22313141822814941,0.22313141822814941,881,112895,,,,,,,,,,,,,,,,,,,,,
0.22258050739765167,0.22258050739765167,882,113023,,,,,,,,,,,,,,,,,,,,,
0.22604510188102722,0.22604510188102722,883,113151,,,,,,,,,,,,,,,,,,,,,
0.2219017744064331,0.2219017744064331,884,113279,,,,,,,,,,,,,,,,,,,,,
0.22044461965560913,0.22044461965560913,885,113407,,,,,,,,,,,,,,,,,,,,,
0.22241830825805664,0.22241830825805664,886,113535,,,,,,,,,,,,,,,,,,,,,
0.22339646518230438,0.22339646518230438,887,113663,,,,,,,,,,,,,,,,,,,,,
0.22057746350765228,0.22057746350765228,888,113791,,,,,,,,,,,,,,,,,,,,,
0.21954631805419922,0.21954631805419922,889,113919,,,,,,,,,,,,,,,,,,,,,
0.22277416288852692,0.22277416288852692,890,114047,,,,,,,,,,,,,,,,,,,,,
0.22064359486103058,0.22064359486103058,891,114175,,,,,,,,,,,,,,,,,,,,,
0.22303736209869385,0.22303736209869385,892,114303,,,,,,,,,,,,,,,,,,,,,
0.22485525906085968,0.22485525906085968,893,114431,,,,,,,,,,,,,,,,,,,,,
0.22540239989757538,0.22540239989757538,894,114559,,,,,,,,,,,,,,,,,,,,,
0.2211115062236786,0.2211115062236786,895,114687,,,,,,,,,,,,,,,,,,,,,
0.22040823101997375,0.22040823101997375,896,114815,,,,,,,,,,,,,,,,,,,,,
0.22253559529781342,0.22253559529781342,897,114943,,,,,,,,,,,,,,,,,,,,,
0.21814192831516266,0.21814192831516266,898,115071,,,,,,,,,,,,,,,,,,,,,
0.22313322126865387,0.22313322126865387,899,115199,0.4369344493253937,0.44136261139110183,4.855794531499612,0.3516123439551611,0.3385849740982667,4.826700058880165,0.31163050407375265,0.2970946730830357,4.811396865828111,0.28873918094154405,0.2695664431606323,4.798966475395656,0.2884650621472382,0.2642186838881904,4.796049376384273,0.4673427544218303,0.32622149633059594,4.831465102626308,1.8410011441453298,0.9976814394305374,5.277954807605827
0.21783111989498138,0.21783111989498138,900,115327,,,,,,,,,,,,,,,,,,,,,
0.21918036043643951,0.21918036043643951,901,115455,,,,,,,,,,,,,,,,,,,,,
0.22095568478107452,0.22095568478107452,902,115583,,,,,,,,,,,,,,,,,,,,,
0.2190149426460266,0.2190149426460266,903,115711,,,,,,,,,,,,,,,,,,,,,
0.2228611409664154,0.2228611409664154,904,115839,,,,,,,,,,,,,,,,,,,,,
0.2223360240459442,0.2223360240459442,905,115967,,,,,,,,,,,,,,,,,,,,,
0.22134822607040405,0.22134822607040405,906,116095,,,,,,,,,,,,,,,,,,,,,
0.22316473722457886,0.22316473722457886,907,116223,,,,,,,,,,,,,,,,,,,,,
0.22334995865821838,0.22334995865821838,908,116351,,,,,,,,,,,,,,,,,,,,,
0.21992318332195282,0.21992318332195282,909,116479,,,,,,,,,,,,,,,,,,,,,
0.2205973118543625,0.2205973118543625,910,116607,,,,,,,,,,,,,,,,,,,,,
0.22543948888778687,0.22543948888778687,911,116735,,,,,,,,,,,,,,,,,,,,,
0.22156259417533875,0.22156259417533875,912,116863,,,,,,,,,,,,,,,,,,,,,
0.21630282700061798,0.21630282700061798,913,116991,,,,,,,,,,,,,,,,,,,,,
0.22524575889110565,0.22524575889110565,914,117119,,,,,,,,,,,,,,,,,,,,,
0.22189483046531677,0.22189483046531677,915,117247,,,,,,,,,,,,,,,,,,,,,
0.21965186297893524,0.21965186297893524,916,117375,,,,,,,,,,,,,,,,,,,,,
0.22561563551425934,0.22561563551425934,917,117503,,,,,,,,,,,,,,,,,,,,,
0.22640831768512726,0.22640831768512726,918,117631,,,,,,,,,,,,,,,,,,,,,
0.2239416539669037,0.2239416539669037,919,117759,,,,,,,,,,,,,,,,,,,,,
0.2250760793685913,0.2250760793685913,920,117887,,,,,,,,,,,,,,,,,,,,,
0.22372563183307648,0.22372563183307648,921,118015,,,,,,,,,,,,,,,,,,,,,
0.21887201070785522,0.21887201070785522,922,118143,,,,,,,,,,,,,,,,,,,,,
0.21839599311351776,0.21839599311351776,923,118271,,,,,,,,,,,,,,,,,,,,,
0.2180231809616089,0.2180231809616089,924,118399,,,,,,,,,,,,,,,,,,,,,
0.22275568544864655,0.22275568544864655,925,118527,,,,,,,,,,,,,,,,,,,,,
0.21968823671340942,0.21968823671340942,926,118655,,,,,,,,,,,,,,,,,,,,,
0.2180338054895401,0.2180338054895401,927,118783,,,,,,,,,,,,,,,,,,,,,
0.22171151638031006,0.22171151638031006,928,118911,,,,,,,,,,,,,,,,,,,,,
0.2233351320028305,0.2233351320028305,929,119039,,,,,,,,,,,,,,,,,,,,,
0.22029465436935425,0.22029465436935425,930,119167,,,,,,,,,,,,,,,,,,,,,
0.22131124138832092,0.22131124138832092,931,119295,,,,,,,,,,,,,,,,,,,,,
0.2196653038263321,0.2196653038263321,932,119423,,,,,,,,,,,,,,,,,,,,,
0.22121894359588623,0.22121894359588623,933,119551,,,,,,,,,,,,,,,,,,,,,
0.2247682511806488,0.2247682511806488,934,119679,,,,,,,,,,,,,,,,,,,,,
0.2237744927406311,0.2237744927406311,935,119807,,,,,,,,,,,,,,,,,,,,,
0.2214623987674713,0.2214623987674713,936,119935,,,,,,,,,,,,,,,,,,,,,
0.22282147407531738,0.22282147407531738,937,120063,,,,,,,,,,,,,,,,,,,,,
0.22166819870471954,0.22166819870471954,938,120191,,,,,,,,,,,,,,,,,,,,,
0.22019153833389282,0.22019153833389282,939,120319,,,,,,,,,,,,,,,,,,,,,
0.22176571190357208,0.22176571190357208,940,120447,,,,,,,,,,,,,,,,,,,,,
0.22150181233882904,0.22150181233882904,941,120575,,,,,,,,,,,,,,,,,,,,,
0.2219734638929367,0.2219734638929367,942,120703,,,,,,,,,,,,,,,,,,,,,
0.21954219043254852,0.21954219043254852,943,120831,,,,,,,,,,,,,,,,,,,,,
0.22113092243671417,0.22113092243671417,944,120959,,,,,,,,,,,,,,,,,,,,,
0.21994780004024506,0.21994780004024506,945,121087,,,,,,,,,,,,,,,,,,,,,
0.220516636967659,0.220516636967659,946,121215,,,,,,,,,,,,,,,,,,,,,
0.22113575041294098,0.22113575041294098,947,121343,,,,,,,,,,,,,,,,,,,,,
0.22429384291172028,0.22429384291172028,948,121471,,,,,,,,,,,,,,,,,,,,,
0.21944355964660645,0.21944355964660645,949,121599,,,,,,,,,,,,,,,,,,,,,
0.22498193383216858,0.22498193383216858,950,121727,,,,,,,,,,,,,,,,,,,,,
0.22209791839122772,0.22209791839122772,951,121855,,,,,,,,,,,,,,,,,,,,,
0.22055353224277496,0.22055353224277496,952,121983,,,,,,,,,,,,,,,,,,,,,
0.22544680535793304,0.22544680535793304,953,122111,,,,,,,,,,,,,,,,,,,,,
0.22132708132266998,0.22132708132266998,954,122239,,,,,,,,,,,,,,,,,,,,,
0.2210705578327179,0.2210705578327179,955,122367,,,,,,,,,,,,,,,,,,,,,
0.2234228104352951,0.2234228104352951,956,122495,,,,,,,,,,,,,,,,,,,,,
0.2188626080751419,0.2188626080751419,957,122623,,,,,,,,,,,,,,,,,,,,,
0.21790893375873566,0.21790893375873566,958,122751,,,,,,,,,,,,,,,,,,,,,
0.2238788902759552,0.2238788902759552,959,122879,,,,,,,,,,,,,,,,,,,,,
0.21977831423282623,0.21977831423282623,960,123007,,,,,,,,,,,,,,,,,,,,,
0.22341935336589813,0.22341935336589813,961,123135,,,,,,,,,,,,,,,,,,,,,
0.22118383646011353,0.22118383646011353,962,123263,,,,,,,,,,,,,,,,,,,,,
0.22300058603286743,0.22300058603286743,963,123391,,,,,,,,,,,,,,,,,,,,,
0.22130370140075684,0.22130370140075684,964,123519,,,,,,,,,,,,,,,,,,,,,
0.2215939164161682,0.2215939164161682,965,123647,,,,,,,,,,,,,,,,,,,,,
0.2202610969543457,0.2202610969543457,966,123775,,,,,,,,,,,,,,,,,,,,,
0.22164827585220337,0.22164827585220337,967,123903,,,,,,,,,,,,,,,,,,,,,
0.2187231034040451,0.2187231034040451,968,124031,,,,,,,,,,,,,,,,,,,,,
0.22164225578308105,0.22164225578308105,969,124159,,,,,,,,,,,,,,,,,,,,,
0.21861578524112701,0.21861578524112701,970,124287,,,,,,,,,,,,,,,,,,,,,
0.21925956010818481,0.21925956010818481,971,124415,,,,,,,,,,,,,,,,,,,,,
0.21782080829143524,0.21782080829143524,972,124543,,,,,,,,,,,,,,,,,,,,,
0.22467467188835144,0.22467467188835144,973,124671,,,,,,,,,,,,,,,,,,,,,
0.2177399843931198,0.2177399843931198,974,124799,,,,,,,,,,,,,,,,,,,,,
0.22197780013084412,0.22197780013084412,975,124927,,,,,,,,,,,,,,,,,,,,,
0.22147397696971893,0.22147397696971893,976,125055,,,,,,,,,,,,,,,,,,,,,
0.22439347207546234,0.22439347207546234,977,125183,,,,,,,,,,,,,,,,,,,,,
0.2250811755657196,0.2250811755657196,978,125311,,,,,,,,,,,,,,,,,,,,,
0.22552992403507233,0.22552992403507233,979,125439,,,,,,,,,,,,,,,,,,,,,
0.2257763296365738,0.2257763296365738,980,125567,,,,,,,,,,,,,,,,,,,,,
0.22411733865737915,0.22411733865737915,981,125695,,,,,,,,,,,,,,,,,,,,,
0.22468017041683197,0.22468017041683197,982,125823,,,,,,,,,,,,,,,,,,,,,
0.21881906688213348,0.21881906688213348,983,125951,,,,,,,,,,,,,,,,,,,,,
0.22035394608974457,0.22035394608974457,984,126079,,,,,,,,,,,,,,,,,,,,,
0.22033223509788513,0.22033223509788513,985,126207,,,,,,,,,,,,,,,,,,,,,
0.21837905049324036,0.21837905049324036,986,126335,,,,,,,,,,,,,,,,,,,,,
0.22314779460430145,0.22314779460430145,987,126463,,,,,,,,,,,,,,,,,,,,,
0.21956947445869446,0.21956947445869446,988,126591,,,,,,,,,,,,,,,,,,,,,
0.2213270217180252,0.2213270217180252,989,126719,,,,,,,,,,,,,,,,,,,,,
0.22238947451114655,0.22238947451114655,990,126847,,,,,,,,,,,,,,,,,,,,,
0.2207769751548767,0.2207769751548767,991,126975,,,,,,,,,,,,,,,,,,,,,
0.22165831923484802,0.22165831923484802,992,127103,,,,,,,,,,,,,,,,,,,,,
0.2197425812482834,0.2197425812482834,993,127231,,,,,,,,,,,,,,,,,,,,,
0.21968814730644226,0.21968814730644226,994,127359,,,,,,,,,,,,,,,,,,,,,
0.2181205153465271,0.2181205153465271,995,127487,,,,,,,,,,,,,,,,,,,,,
0.22028449177742004,0.22028449177742004,996,127615,,,,,,,,,,,,,,,,,,,,,
0.2228514850139618,0.2228514850139618,997,127743,,,,,,,,,,,,,,,,,,,,,
0.21711266040802002,0.21711266040802002,998,127871,,,,,,,,,,,,,,,,,,,,,
0.22390542924404144,0.22390542924404144,999,127999,0.4563347240005907,0.46274494881372913,4.8629476485368395,0.353135024235398,0.3414542903574292,4.830090680196375,0.30672548066388583,0.2900392463558248,4.8091163259441885,0.28838501568602215,0.26541509573822225,4.797339674142678,0.29262842105807724,0.26053983062539104,4.793924093163779,0.48204736438222906,0.3319395648403654,4.829279569250181,2.150241571754958,1.2805050882774727,5.439444742075105
