train_loss,train_elbo_loss,epoch,step,val_CRPS_4.0,val_NRMSE_4.0,val_ND_4.0,val_CRPS_8.0,val_NRMSE_8.0,val_ND_8.0,val_CRPS_16.0,val_NRMSE_16.0,val_ND_16.0,val_CRPS_24.0,val_NRMSE_24.0,val_ND_24.0,val_CRPS_32.0,val_NRMSE_32.0,val_ND_32.0,val_CRPS_48.0,val_NRMSE_48.0,val_ND_48.0,val_CRPS_64.0,val_NRMSE_64.0,val_ND_64.0,val_CRPS_96.0,val_NRMSE_96.0,val_ND_96.0,val_CRPS_128.0,val_NRMSE_128.0,val_ND_128.0
0.4660078287124634,0.4660078287124634,0,127,,,,,,,,,,,,,,,,,,,,,,,,,,,
0.223971426486969,0.223971426486969,1,255,,,,,,,,,,,,,,,,,,,,,,,,,,,
0.18862365186214447,0.18862365186214447,2,383,,,,,,,,,,,,,,,,,,,,,,,,,,,
0.17783091962337494,0.17783091962337494,3,511,,,,,,,,,,,,,,,,,,,,,,,,,,,
0.1651393473148346,0.1651393473148346,4,639,,,,,,,,,,,,,,,,,,,,,,,,,,,
0.16049131751060486,0.16049131751060486,5,767,,,,,,,,,,,,,,,,,,,,,,,,,,,
0.14950977265834808,0.14950977265834808,6,895,,,,,,,,,,,,,,,,,,,,,,,,,,,
0.14545570313930511,0.14545570313930511,7,1023,,,,,,,,,,,,,,,,,,,,,,,,,,,
0.14165614545345306,0.14165614545345306,8,1151,,,,,,,,,,,,,,,,,,,,,,,,,,,
0.139311283826828,0.139311283826828,9,1279,,,,,,,,,,,,,,,,,,,,,,,,,,,
0.13477756083011627,0.13477756083011627,10,1407,,,,,,,,,,,,,,,,,,,,,,,,,,,
0.13170309364795685,0.13170309364795685,11,1535,,,,,,,,,,,,,,,,,,,,,,,,,,,
0.13406150043010712,0.13406150043010712,12,1663,,,,,,,,,,,,,,,,,,,,,,,,,,,
0.1322491317987442,0.1322491317987442,13,1791,,,,,,,,,,,,,,,,,,,,,,,,,,,
0.12436211109161377,0.12436211109161377,14,1919,,,,,,,,,,,,,,,,,,,,,,,,,,,
0.1257694959640503,0.1257694959640503,15,2047,,,,,,,,,,,,,,,,,,,,,,,,,,,
0.12314566224813461,0.12314566224813461,16,2175,,,,,,,,,,,,,,,,,,,,,,,,,,,
0.12483000010251999,0.12483000010251999,17,2303,,,,,,,,,,,,,,,,,,,,,,,,,,,
0.1253705620765686,0.1253705620765686,18,2431,,,,,,,,,,,,,,,,,,,,,,,,,,,
0.12189880758523941,0.12189880758523941,19,2559,,,,,,,,,,,,,,,,,,,,,,,,,,,
0.1216224804520607,0.1216224804520607,20,2687,,,,,,,,,,,,,,,,,,,,,,,,,,,
0.1193825826048851,0.1193825826048851,21,2815,,,,,,,,,,,,,,,,,,,,,,,,,,,
0.11859721690416336,0.11859721690416336,22,2943,,,,,,,,,,,,,,,,,,,,,,,,,,,
0.1203826293349266,0.1203826293349266,23,3071,,,,,,,,,,,,,,,,,,,,,,,,,,,
0.11683274805545807,0.11683274805545807,24,3199,,,,,,,,,,,,,,,,,,,,,,,,,,,
0.11647453159093857,0.11647453159093857,25,3327,,,,,,,,,,,,,,,,,,,,,,,,,,,
0.11463271081447601,0.11463271081447601,26,3455,,,,,,,,,,,,,,,,,,,,,,,,,,,
0.11312264949083328,0.11312264949083328,27,3583,,,,,,,,,,,,,,,,,,,,,,,,,,,
0.1143183633685112,0.1143183633685112,28,3711,,,,,,,,,,,,,,,,,,,,,,,,,,,
0.11034537851810455,0.11034537851810455,29,3839,,,,,,,,,,,,,,,,,,,,,,,,,,,
0.10928229242563248,0.10928229242563248,30,3967,,,,,,,,,,,,,,,,,,,,,,,,,,,
0.10748718678951263,0.10748718678951263,31,4095,,,,,,,,,,,,,,,,,,,,,,,,,,,
0.1112338975071907,0.1112338975071907,32,4223,,,,,,,,,,,,,,,,,,,,,,,,,,,
0.11047910153865814,0.11047910153865814,33,4351,,,,,,,,,,,,,,,,,,,,,,,,,,,
0.10804512351751328,0.10804512351751328,34,4479,,,,,,,,,,,,,,,,,,,,,,,,,,,
0.11029785126447678,0.11029785126447678,35,4607,,,,,,,,,,,,,,,,,,,,,,,,,,,
0.10873519629240036,0.10873519629240036,36,4735,,,,,,,,,,,,,,,,,,,,,,,,,,,
0.10790779441595078,0.10790779441595078,37,4863,,,,,,,,,,,,,,,,,,,,,,,,,,,
0.10433942079544067,0.10433942079544067,38,4991,,,,,,,,,,,,,,,,,,,,,,,,,,,
0.10363214462995529,0.10363214462995529,39,5119,,,,,,,,,,,,,,,,,,,,,,,,,,,
0.10476672649383545,0.10476672649383545,40,5247,,,,,,,,,,,,,,,,,,,,,,,,,,,
0.10803011804819107,0.10803011804819107,41,5375,,,,,,,,,,,,,,,,,,,,,,,,,,,
0.10260848701000214,0.10260848701000214,42,5503,,,,,,,,,,,,,,,,,,,,,,,,,,,
0.10430668294429779,0.10430668294429779,43,5631,,,,,,,,,,,,,,,,,,,,,,,,,,,
0.10697036981582642,0.10697036981582642,44,5759,,,,,,,,,,,,,,,,,,,,,,,,,,,
0.10257142037153244,0.10257142037153244,45,5887,,,,,,,,,,,,,,,,,,,,,,,,,,,
0.10542695969343185,0.10542695969343185,46,6015,,,,,,,,,,,,,,,,,,,,,,,,,,,
0.10389743000268936,0.10389743000268936,47,6143,,,,,,,,,,,,,,,,,,,,,,,,,,,
0.10409640520811081,0.10409640520811081,48,6271,,,,,,,,,,,,,,,,,,,,,,,,,,,
0.10158669948577881,0.10158669948577881,49,6399,,,,,,,,,,,,,,,,,,,,,,,,,,,
0.1051921546459198,0.1051921546459198,50,6527,,,,,,,,,,,,,,,,,,,,,,,,,,,
0.10309575498104095,0.10309575498104095,51,6655,,,,,,,,,,,,,,,,,,,,,,,,,,,
0.09999144077301025,0.09999144077301025,52,6783,,,,,,,,,,,,,,,,,,,,,,,,,,,
0.10053999722003937,0.10053999722003937,53,6911,,,,,,,,,,,,,,,,,,,,,,,,,,,
0.10354799777269363,0.10354799777269363,54,7039,,,,,,,,,,,,,,,,,,,,,,,,,,,
0.10173126310110092,0.10173126310110092,55,7167,,,,,,,,,,,,,,,,,,,,,,,,,,,
0.10255170613527298,0.10255170613527298,56,7295,,,,,,,,,,,,,,,,,,,,,,,,,,,
0.10163728147745132,0.10163728147745132,57,7423,,,,,,,,,,,,,,,,,,,,,,,,,,,
0.10111705958843231,0.10111705958843231,58,7551,,,,,,,,,,,,,,,,,,,,,,,,,,,
0.1021401584148407,0.1021401584148407,59,7679,,,,,,,,,,,,,,,,,,,,,,,,,,,
0.09877680242061615,0.09877680242061615,60,7807,,,,,,,,,,,,,,,,,,,,,,,,,,,
0.10036215931177139,0.10036215931177139,61,7935,,,,,,,,,,,,,,,,,,,,,,,,,,,
0.10295307636260986,0.10295307636260986,62,8063,,,,,,,,,,,,,,,,,,,,,,,,,,,
0.10220614075660706,0.10220614075660706,63,8191,,,,,,,,,,,,,,,,,,,,,,,,,,,
0.0980122908949852,0.0980122908949852,64,8319,,,,,,,,,,,,,,,,,,,,,,,,,,,
0.10211494565010071,0.10211494565010071,65,8447,,,,,,,,,,,,,,,,,,,,,,,,,,,
0.10081061720848083,0.10081061720848083,66,8575,,,,,,,,,,,,,,,,,,,,,,,,,,,
0.10179124027490616,0.10179124027490616,67,8703,,,,,,,,,,,,,,,,,,,,,,,,,,,
0.10004793852567673,0.10004793852567673,68,8831,,,,,,,,,,,,,,,,,,,,,,,,,,,
0.09813956171274185,0.09813956171274185,69,8959,,,,,,,,,,,,,,,,,,,,,,,,,,,
0.09949101507663727,0.09949101507663727,70,9087,,,,,,,,,,,,,,,,,,,,,,,,,,,
0.09782952815294266,0.09782952815294266,71,9215,,,,,,,,,,,,,,,,,,,,,,,,,,,
0.10003536939620972,0.10003536939620972,72,9343,,,,,,,,,,,,,,,,,,,,,,,,,,,
0.10077498108148575,0.10077498108148575,73,9471,,,,,,,,,,,,,,,,,,,,,,,,,,,
0.09968122094869614,0.09968122094869614,74,9599,,,,,,,,,,,,,,,,,,,,,,,,,,,
0.10078445822000504,0.10078445822000504,75,9727,,,,,,,,,,,,,,,,,,,,,,,,,,,
0.09744378924369812,0.09744378924369812,76,9855,,,,,,,,,,,,,,,,,,,,,,,,,,,
0.09689033031463623,0.09689033031463623,77,9983,,,,,,,,,,,,,,,,,,,,,,,,,,,
0.09835376590490341,0.09835376590490341,78,10111,,,,,,,,,,,,,,,,,,,,,,,,,,,
0.09663549810647964,0.09663549810647964,79,10239,,,,,,,,,,,,,,,,,,,,,,,,,,,
0.0956055149435997,0.0956055149435997,80,10367,,,,,,,,,,,,,,,,,,,,,,,,,,,
0.09815649688243866,0.09815649688243866,81,10495,,,,,,,,,,,,,,,,,,,,,,,,,,,
0.09488946199417114,0.09488946199417114,82,10623,,,,,,,,,,,,,,,,,,,,,,,,,,,
0.09813272207975388,0.09813272207975388,83,10751,,,,,,,,,,,,,,,,,,,,,,,,,,,
0.09838798642158508,0.09838798642158508,84,10879,,,,,,,,,,,,,,,,,,,,,,,,,,,
0.09683364629745483,0.09683364629745483,85,11007,,,,,,,,,,,,,,,,,,,,,,,,,,,
0.0977538451552391,0.0977538451552391,86,11135,,,,,,,,,,,,,,,,,,,,,,,,,,,
0.09744129329919815,0.09744129329919815,87,11263,,,,,,,,,,,,,,,,,,,,,,,,,,,
0.09798526018857956,0.09798526018857956,88,11391,,,,,,,,,,,,,,,,,,,,,,,,,,,
0.09541608393192291,0.09541608393192291,89,11519,,,,,,,,,,,,,,,,,,,,,,,,,,,
0.09458222985267639,0.09458222985267639,90,11647,,,,,,,,,,,,,,,,,,,,,,,,,,,
0.09565877914428711,0.09565877914428711,91,11775,,,,,,,,,,,,,,,,,,,,,,,,,,,
0.09512274712324142,0.09512274712324142,92,11903,,,,,,,,,,,,,,,,,,,,,,,,,,,
0.09581843763589859,0.09581843763589859,93,12031,,,,,,,,,,,,,,,,,,,,,,,,,,,
0.09676801413297653,0.09676801413297653,94,12159,,,,,,,,,,,,,,,,,,,,,,,,,,,
0.09565375745296478,0.09565375745296478,95,12287,,,,,,,,,,,,,,,,,,,,,,,,,,,
0.09475432336330414,0.09475432336330414,96,12415,,,,,,,,,,,,,,,,,,,,,,,,,,,
0.09468269348144531,0.09468269348144531,97,12543,,,,,,,,,,,,,,,,,,,,,,,,,,,
0.09415535628795624,0.09415535628795624,98,12671,,,,,,,,,,,,,,,,,,,,,,,,,,,
0.09969097375869751,0.09969097375869751,99,12799,0.046677160627120205,0.4127442639718735,0.05915426841587036,0.04488508412492773,0.4252537886198123,0.05675970457333833,0.04500705853488876,0.542287782836378,0.05608267913063191,0.0516946772328592,1.415086873622709,0.0602454798556734,0.085785234072992,2.529183032556657,0.060176062848490426,0.1723304924776583,4.754339583078436,0.06054584037471113,0.25673300578119096,7.735071514630594,0.061779617658417135,0.507893527049857,15.130273760382805,0.06895831011281388,0.9316296168252105,26.209082425897982,0.08557560542940894
0.09728319942951202,0.09728319942951202,100,12927,,,,,,,,,,,,,,,,,,,,,,,,,,,
0.09446270018815994,0.09446270018815994,101,13055,,,,,,,,,,,,,,,,,,,,,,,,,,,
0.09108757972717285,0.09108757972717285,102,13183,,,,,,,,,,,,,,,,,,,,,,,,,,,
0.09686899185180664,0.09686899185180664,103,13311,,,,,,,,,,,,,,,,,,,,,,,,,,,
0.0944591760635376,0.0944591760635376,104,13439,,,,,,,,,,,,,,,,,,,,,,,,,,,
0.09388633817434311,0.09388633817434311,105,13567,,,,,,,,,,,,,,,,,,,,,,,,,,,
0.09511925280094147,0.09511925280094147,106,13695,,,,,,,,,,,,,,,,,,,,,,,,,,,
0.09529810398817062,0.09529810398817062,107,13823,,,,,,,,,,,,,,,,,,,,,,,,,,,
0.09248557686805725,0.09248557686805725,108,13951,,,,,,,,,,,,,,,,,,,,,,,,,,,
0.09402818232774734,0.09402818232774734,109,14079,,,,,,,,,,,,,,,,,,,,,,,,,,,
0.09166792780160904,0.09166792780160904,110,14207,,,,,,,,,,,,,,,,,,,,,,,,,,,
0.09512081742286682,0.09512081742286682,111,14335,,,,,,,,,,,,,,,,,,,,,,,,,,,
0.0946168527007103,0.0946168527007103,112,14463,,,,,,,,,,,,,,,,,,,,,,,,,,,
0.09262458980083466,0.09262458980083466,113,14591,,,,,,,,,,,,,,,,,,,,,,,,,,,
0.09425036609172821,0.09425036609172821,114,14719,,,,,,,,,,,,,,,,,,,,,,,,,,,
0.0943848118185997,0.0943848118185997,115,14847,,,,,,,,,,,,,,,,,,,,,,,,,,,
0.0953497439622879,0.0953497439622879,116,14975,,,,,,,,,,,,,,,,,,,,,,,,,,,
0.09013600647449493,0.09013600647449493,117,15103,,,,,,,,,,,,,,,,,,,,,,,,,,,
0.0953589454293251,0.0953589454293251,118,15231,,,,,,,,,,,,,,,,,,,,,,,,,,,
0.09187483042478561,0.09187483042478561,119,15359,,,,,,,,,,,,,,,,,,,,,,,,,,,
0.0921231359243393,0.0921231359243393,120,15487,,,,,,,,,,,,,,,,,,,,,,,,,,,
0.09506283700466156,0.09506283700466156,121,15615,,,,,,,,,,,,,,,,,,,,,,,,,,,
0.09410501271486282,0.09410501271486282,122,15743,,,,,,,,,,,,,,,,,,,,,,,,,,,
0.09374076873064041,0.09374076873064041,123,15871,,,,,,,,,,,,,,,,,,,,,,,,,,,
0.09421448409557343,0.09421448409557343,124,15999,,,,,,,,,,,,,,,,,,,,,,,,,,,
0.0933489128947258,0.0933489128947258,125,16127,,,,,,,,,,,,,,,,,,,,,,,,,,,
0.09312273561954498,0.09312273561954498,126,16255,,,,,,,,,,,,,,,,,,,,,,,,,,,
0.09245903789997101,0.09245903789997101,127,16383,,,,,,,,,,,,,,,,,,,,,,,,,,,
0.09602705389261246,0.09602705389261246,128,16511,,,,,,,,,,,,,,,,,,,,,,,,,,,
0.09126085042953491,0.09126085042953491,129,16639,,,,,,,,,,,,,,,,,,,,,,,,,,,
0.09440925717353821,0.09440925717353821,130,16767,,,,,,,,,,,,,,,,,,,,,,,,,,,
0.09170450270175934,0.09170450270175934,131,16895,,,,,,,,,,,,,,,,,,,,,,,,,,,
0.09269842505455017,0.09269842505455017,132,17023,,,,,,,,,,,,,,,,,,,,,,,,,,,
0.09323690831661224,0.09323690831661224,133,17151,,,,,,,,,,,,,,,,,,,,,,,,,,,
0.09195765852928162,0.09195765852928162,134,17279,,,,,,,,,,,,,,,,,,,,,,,,,,,
0.09158515185117722,0.09158515185117722,135,17407,,,,,,,,,,,,,,,,,,,,,,,,,,,
0.09312588721513748,0.09312588721513748,136,17535,,,,,,,,,,,,,,,,,,,,,,,,,,,
0.09206632524728775,0.09206632524728775,137,17663,,,,,,,,,,,,,,,,,,,,,,,,,,,
0.0903334841132164,0.0903334841132164,138,17791,,,,,,,,,,,,,,,,,,,,,,,,,,,
0.09340400248765945,0.09340400248765945,139,17919,,,,,,,,,,,,,,,,,,,,,,,,,,,
0.09276656806468964,0.09276656806468964,140,18047,,,,,,,,,,,,,,,,,,,,,,,,,,,
0.09115573018789291,0.09115573018789291,141,18175,,,,,,,,,,,,,,,,,,,,,,,,,,,
0.0946471318602562,0.0946471318602562,142,18303,,,,,,,,,,,,,,,,,,,,,,,,,,,
0.08835915476083755,0.08835915476083755,143,18431,,,,,,,,,,,,,,,,,,,,,,,,,,,
0.09131016582250595,0.09131016582250595,144,18559,,,,,,,,,,,,,,,,,,,,,,,,,,,
0.09061930328607559,0.09061930328607559,145,18687,,,,,,,,,,,,,,,,,,,,,,,,,,,
0.09296180307865143,0.09296180307865143,146,18815,,,,,,,,,,,,,,,,,,,,,,,,,,,
0.09032014012336731,0.09032014012336731,147,18943,,,,,,,,,,,,,,,,,,,,,,,,,,,
0.09000086039304733,0.09000086039304733,148,19071,,,,,,,,,,,,,,,,,,,,,,,,,,,
0.08908961713314056,0.08908961713314056,149,19199,,,,,,,,,,,,,,,,,,,,,,,,,,,
0.08983621001243591,0.08983621001243591,150,19327,,,,,,,,,,,,,,,,,,,,,,,,,,,
0.08768781274557114,0.08768781274557114,151,19455,,,,,,,,,,,,,,,,,,,,,,,,,,,
0.09314598143100739,0.09314598143100739,152,19583,,,,,,,,,,,,,,,,,,,,,,,,,,,
0.09005752950906754,0.09005752950906754,153,19711,,,,,,,,,,,,,,,,,,,,,,,,,,,
0.09122643619775772,0.09122643619775772,154,19839,,,,,,,,,,,,,,,,,,,,,,,,,,,
0.09016602486371994,0.09016602486371994,155,19967,,,,,,,,,,,,,,,,,,,,,,,,,,,
0.09038842469453812,0.09038842469453812,156,20095,,,,,,,,,,,,,,,,,,,,,,,,,,,
0.0906529352068901,0.0906529352068901,157,20223,,,,,,,,,,,,,,,,,,,,,,,,,,,
0.09004654735326767,0.09004654735326767,158,20351,,,,,,,,,,,,,,,,,,,,,,,,,,,
0.09367356449365616,0.09367356449365616,159,20479,,,,,,,,,,,,,,,,,,,,,,,,,,,
0.09195982664823532,0.09195982664823532,160,20607,,,,,,,,,,,,,,,,,,,,,,,,,,,
0.09131056815385818,0.09131056815385818,161,20735,,,,,,,,,,,,,,,,,,,,,,,,,,,
0.09058468788862228,0.09058468788862228,162,20863,,,,,,,,,,,,,,,,,,,,,,,,,,,
0.09054277837276459,0.09054277837276459,163,20991,,,,,,,,,,,,,,,,,,,,,,,,,,,
0.08882737904787064,0.08882737904787064,164,21119,,,,,,,,,,,,,,,,,,,,,,,,,,,
0.08993153274059296,0.08993153274059296,165,21247,,,,,,,,,,,,,,,,,,,,,,,,,,,
0.08939574658870697,0.08939574658870697,166,21375,,,,,,,,,,,,,,,,,,,,,,,,,,,
0.09216070920228958,0.09216070920228958,167,21503,,,,,,,,,,,,,,,,,,,,,,,,,,,
0.09091786295175552,0.09091786295175552,168,21631,,,,,,,,,,,,,,,,,,,,,,,,,,,
0.08929689228534698,0.08929689228534698,169,21759,,,,,,,,,,,,,,,,,,,,,,,,,,,
0.09167565405368805,0.09167565405368805,170,21887,,,,,,,,,,,,,,,,,,,,,,,,,,,
0.08907149732112885,0.08907149732112885,171,22015,,,,,,,,,,,,,,,,,,,,,,,,,,,
0.08917789906263351,0.08917789906263351,172,22143,,,,,,,,,,,,,,,,,,,,,,,,,,,
0.09125349670648575,0.09125349670648575,173,22271,,,,,,,,,,,,,,,,,,,,,,,,,,,
0.08956488966941833,0.08956488966941833,174,22399,,,,,,,,,,,,,,,,,,,,,,,,,,,
0.08962959796190262,0.08962959796190262,175,22527,,,,,,,,,,,,,,,,,,,,,,,,,,,
0.0887802466750145,0.0887802466750145,176,22655,,,,,,,,,,,,,,,,,,,,,,,,,,,
0.09050393849611282,0.09050393849611282,177,22783,,,,,,,,,,,,,,,,,,,,,,,,,,,
0.08934445679187775,0.08934445679187775,178,22911,,,,,,,,,,,,,,,,,,,,,,,,,,,
0.09037936478853226,0.09037936478853226,179,23039,,,,,,,,,,,,,,,,,,,,,,,,,,,
0.09031043946743011,0.09031043946743011,180,23167,,,,,,,,,,,,,,,,,,,,,,,,,,,
0.08851324766874313,0.08851324766874313,181,23295,,,,,,,,,,,,,,,,,,,,,,,,,,,
0.09048619866371155,0.09048619866371155,182,23423,,,,,,,,,,,,,,,,,,,,,,,,,,,
0.08753591775894165,0.08753591775894165,183,23551,,,,,,,,,,,,,,,,,,,,,,,,,,,
0.08849948644638062,0.08849948644638062,184,23679,,,,,,,,,,,,,,,,,,,,,,,,,,,
0.0920334905385971,0.0920334905385971,185,23807,,,,,,,,,,,,,,,,,,,,,,,,,,,
0.08873658627271652,0.08873658627271652,186,23935,,,,,,,,,,,,,,,,,,,,,,,,,,,
0.09193683415651321,0.09193683415651321,187,24063,,,,,,,,,,,,,,,,,,,,,,,,,,,
0.08758290857076645,0.08758290857076645,188,24191,,,,,,,,,,,,,,,,,,,,,,,,,,,
0.08888283371925354,0.08888283371925354,189,24319,,,,,,,,,,,,,,,,,,,,,,,,,,,
0.0899658128619194,0.0899658128619194,190,24447,,,,,,,,,,,,,,,,,,,,,,,,,,,
0.08693142235279083,0.08693142235279083,191,24575,,,,,,,,,,,,,,,,,,,,,,,,,,,
0.08877503126859665,0.08877503126859665,192,24703,,,,,,,,,,,,,,,,,,,,,,,,,,,
0.0884910523891449,0.0884910523891449,193,24831,,,,,,,,,,,,,,,,,,,,,,,,,,,
0.08875583857297897,0.08875583857297897,194,24959,,,,,,,,,,,,,,,,,,,,,,,,,,,
0.08729653805494308,0.08729653805494308,195,25087,,,,,,,,,,,,,,,,,,,,,,,,,,,
0.0881594866514206,0.0881594866514206,196,25215,,,,,,,,,,,,,,,,,,,,,,,,,,,
0.0882040336728096,0.0882040336728096,197,25343,,,,,,,,,,,,,,,,,,,,,,,,,,,
0.09015145897865295,0.09015145897865295,198,25471,,,,,,,,,,,,,,,,,,,,,,,,,,,
0.0883307158946991,0.0883307158946991,199,25599,0.04778698871960893,0.4560644314163134,0.058553494893510444,0.046263744300655954,0.42153397487773786,0.056631271960100274,0.046021009627929294,0.5383732968422609,0.05660752552315178,0.05314820880640811,1.5448038394961192,0.0580617939596675,0.09949642518913798,3.2767588933433744,0.05905339661073635,0.2045271635915663,6.464705659571995,0.0637281151709916,0.34086517800143573,10.817605003459349,0.06907310489861193,0.764115910246453,21.19829608110887,0.10517265190691095,1.3363762958968701,34.40899508923231,0.22176435498327057
0.0897107645869255,0.0897107645869255,200,25727,,,,,,,,,,,,,,,,,,,,,,,,,,,
0.08757983148097992,0.08757983148097992,201,25855,,,,,,,,,,,,,,,,,,,,,,,,,,,
0.08704043179750443,0.08704043179750443,202,25983,,,,,,,,,,,,,,,,,,,,,,,,,,,
0.08665534108877182,0.08665534108877182,203,26111,,,,,,,,,,,,,,,,,,,,,,,,,,,
0.08709395676851273,0.08709395676851273,204,26239,,,,,,,,,,,,,,,,,,,,,,,,,,,
0.09119220823049545,0.09119220823049545,205,26367,,,,,,,,,,,,,,,,,,,,,,,,,,,
0.09117000550031662,0.09117000550031662,206,26495,,,,,,,,,,,,,,,,,,,,,,,,,,,
0.08669672161340714,0.08669672161340714,207,26623,,,,,,,,,,,,,,,,,,,,,,,,,,,
0.0906674712896347,0.0906674712896347,208,26751,,,,,,,,,,,,,,,,,,,,,,,,,,,
0.08748989552259445,0.08748989552259445,209,26879,,,,,,,,,,,,,,,,,,,,,,,,,,,
0.08716079592704773,0.08716079592704773,210,27007,,,,,,,,,,,,,,,,,,,,,,,,,,,
0.08890123665332794,0.08890123665332794,211,27135,,,,,,,,,,,,,,,,,,,,,,,,,,,
0.08786290138959885,0.08786290138959885,212,27263,,,,,,,,,,,,,,,,,,,,,,,,,,,
0.08708415180444717,0.08708415180444717,213,27391,,,,,,,,,,,,,,,,,,,,,,,,,,,
0.08999940752983093,0.08999940752983093,214,27519,,,,,,,,,,,,,,,,,,,,,,,,,,,
0.0861489474773407,0.0861489474773407,215,27647,,,,,,,,,,,,,,,,,,,,,,,,,,,
0.08602512627840042,0.08602512627840042,216,27775,,,,,,,,,,,,,,,,,,,,,,,,,,,
0.08748804777860641,0.08748804777860641,217,27903,,,,,,,,,,,,,,,,,,,,,,,,,,,
0.08604910969734192,0.08604910969734192,218,28031,,,,,,,,,,,,,,,,,,,,,,,,,,,
0.08965836465358734,0.08965836465358734,219,28159,,,,,,,,,,,,,,,,,,,,,,,,,,,
0.08630182594060898,0.08630182594060898,220,28287,,,,,,,,,,,,,,,,,,,,,,,,,,,
0.08769501000642776,0.08769501000642776,221,28415,,,,,,,,,,,,,,,,,,,,,,,,,,,
0.08854148536920547,0.08854148536920547,222,28543,,,,,,,,,,,,,,,,,,,,,,,,,,,
0.08650816977024078,0.08650816977024078,223,28671,,,,,,,,,,,,,,,,,,,,,,,,,,,
0.08805833011865616,0.08805833011865616,224,28799,,,,,,,,,,,,,,,,,,,,,,,,,,,
0.08825535327196121,0.08825535327196121,225,28927,,,,,,,,,,,,,,,,,,,,,,,,,,,
0.0833558440208435,0.0833558440208435,226,29055,,,,,,,,,,,,,,,,,,,,,,,,,,,
0.0877130851149559,0.0877130851149559,227,29183,,,,,,,,,,,,,,,,,,,,,,,,,,,
0.08719057589769363,0.08719057589769363,228,29311,,,,,,,,,,,,,,,,,,,,,,,,,,,
0.08583889901638031,0.08583889901638031,229,29439,,,,,,,,,,,,,,,,,,,,,,,,,,,
0.08542247861623764,0.08542247861623764,230,29567,,,,,,,,,,,,,,,,,,,,,,,,,,,
0.08863662928342819,0.08863662928342819,231,29695,,,,,,,,,,,,,,,,,,,,,,,,,,,
0.0842413678765297,0.0842413678765297,232,29823,,,,,,,,,,,,,,,,,,,,,,,,,,,
0.08726613968610764,0.08726613968610764,233,29951,,,,,,,,,,,,,,,,,,,,,,,,,,,
0.08608604967594147,0.08608604967594147,234,30079,,,,,,,,,,,,,,,,,,,,,,,,,,,
0.0880931094288826,0.0880931094288826,235,30207,,,,,,,,,,,,,,,,,,,,,,,,,,,
0.08828911930322647,0.08828911930322647,236,30335,,,,,,,,,,,,,,,,,,,,,,,,,,,
0.0890783965587616,0.0890783965587616,237,30463,,,,,,,,,,,,,,,,,,,,,,,,,,,
0.08974967896938324,0.08974967896938324,238,30591,,,,,,,,,,,,,,,,,,,,,,,,,,,
0.08689744770526886,0.08689744770526886,239,30719,,,,,,,,,,,,,,,,,,,,,,,,,,,
0.08900820463895798,0.08900820463895798,240,30847,,,,,,,,,,,,,,,,,,,,,,,,,,,
0.08545954525470734,0.08545954525470734,241,30975,,,,,,,,,,,,,,,,,,,,,,,,,,,
0.086199089884758,0.086199089884758,242,31103,,,,,,,,,,,,,,,,,,,,,,,,,,,
0.08522365987300873,0.08522365987300873,243,31231,,,,,,,,,,,,,,,,,,,,,,,,,,,
0.0864596888422966,0.0864596888422966,244,31359,,,,,,,,,,,,,,,,,,,,,,,,,,,
0.08830582350492477,0.08830582350492477,245,31487,,,,,,,,,,,,,,,,,,,,,,,,,,,
0.08591339737176895,0.08591339737176895,246,31615,,,,,,,,,,,,,,,,,,,,,,,,,,,
0.08605881035327911,0.08605881035327911,247,31743,,,,,,,,,,,,,,,,,,,,,,,,,,,
0.0854358822107315,0.0854358822107315,248,31871,,,,,,,,,,,,,,,,,,,,,,,,,,,
0.0877641886472702,0.0877641886472702,249,31999,,,,,,,,,,,,,,,,,,,,,,,,,,,
0.08556792885065079,0.08556792885065079,250,32127,,,,,,,,,,,,,,,,,,,,,,,,,,,
0.08546572923660278,0.08546572923660278,251,32255,,,,,,,,,,,,,,,,,,,,,,,,,,,
0.08704840391874313,0.08704840391874313,252,32383,,,,,,,,,,,,,,,,,,,,,,,,,,,
0.0847892165184021,0.0847892165184021,253,32511,,,,,,,,,,,,,,,,,,,,,,,,,,,
0.08690042048692703,0.08690042048692703,254,32639,,,,,,,,,,,,,,,,,,,,,,,,,,,
0.0857716053724289,0.0857716053724289,255,32767,,,,,,,,,,,,,,,,,,,,,,,,,,,
0.08445107936859131,0.08445107936859131,256,32895,,,,,,,,,,,,,,,,,,,,,,,,,,,
0.08581504970788956,0.08581504970788956,257,33023,,,,,,,,,,,,,,,,,,,,,,,,,,,
0.08595038205385208,0.08595038205385208,258,33151,,,,,,,,,,,,,,,,,,,,,,,,,,,
0.08772028982639313,0.08772028982639313,259,33279,,,,,,,,,,,,,,,,,,,,,,,,,,,
0.08570078015327454,0.08570078015327454,260,33407,,,,,,,,,,,,,,,,,,,,,,,,,,,
0.08631369471549988,0.08631369471549988,261,33535,,,,,,,,,,,,,,,,,,,,,,,,,,,
0.08784563094377518,0.08784563094377518,262,33663,,,,,,,,,,,,,,,,,,,,,,,,,,,
0.08602955937385559,0.08602955937385559,263,33791,,,,,,,,,,,,,,,,,,,,,,,,,,,
0.08735065907239914,0.08735065907239914,264,33919,,,,,,,,,,,,,,,,,,,,,,,,,,,
0.08708130568265915,0.08708130568265915,265,34047,,,,,,,,,,,,,,,,,,,,,,,,,,,
0.08599572628736496,0.08599572628736496,266,34175,,,,,,,,,,,,,,,,,,,,,,,,,,,
0.08643496036529541,0.08643496036529541,267,34303,,,,,,,,,,,,,,,,,,,,,,,,,,,
0.0878864973783493,0.0878864973783493,268,34431,,,,,,,,,,,,,,,,,,,,,,,,,,,
0.08600030094385147,0.08600030094385147,269,34559,,,,,,,,,,,,,,,,,,,,,,,,,,,
0.08536949008703232,0.08536949008703232,270,34687,,,,,,,,,,,,,,,,,,,,,,,,,,,
0.08589884638786316,0.08589884638786316,271,34815,,,,,,,,,,,,,,,,,,,,,,,,,,,
0.08579521626234055,0.08579521626234055,272,34943,,,,,,,,,,,,,,,,,,,,,,,,,,,
0.0860605463385582,0.0860605463385582,273,35071,,,,,,,,,,,,,,,,,,,,,,,,,,,
0.08657679706811905,0.08657679706811905,274,35199,,,,,,,,,,,,,,,,,,,,,,,,,,,
0.08559521287679672,0.08559521287679672,275,35327,,,,,,,,,,,,,,,,,,,,,,,,,,,
0.08392393589019775,0.08392393589019775,276,35455,,,,,,,,,,,,,,,,,,,,,,,,,,,
0.08411958813667297,0.08411958813667297,277,35583,,,,,,,,,,,,,,,,,,,,,,,,,,,
0.08463156968355179,0.08463156968355179,278,35711,,,,,,,,,,,,,,,,,,,,,,,,,,,
0.08563530445098877,0.08563530445098877,279,35839,,,,,,,,,,,,,,,,,,,,,,,,,,,
0.08521591871976852,0.08521591871976852,280,35967,,,,,,,,,,,,,,,,,,,,,,,,,,,
0.08426444232463837,0.08426444232463837,281,36095,,,,,,,,,,,,,,,,,,,,,,,,,,,
0.08668951690196991,0.08668951690196991,282,36223,,,,,,,,,,,,,,,,,,,,,,,,,,,
0.0860767513513565,0.0860767513513565,283,36351,,,,,,,,,,,,,,,,,,,,,,,,,,,
0.08398809283971786,0.08398809283971786,284,36479,,,,,,,,,,,,,,,,,,,,,,,,,,,
0.08446143567562103,0.08446143567562103,285,36607,,,,,,,,,,,,,,,,,,,,,,,,,,,
0.08512669801712036,0.08512669801712036,286,36735,,,,,,,,,,,,,,,,,,,,,,,,,,,
0.08672375977039337,0.08672375977039337,287,36863,,,,,,,,,,,,,,,,,,,,,,,,,,,
0.08558142930269241,0.08558142930269241,288,36991,,,,,,,,,,,,,,,,,,,,,,,,,,,
0.0849715918302536,0.0849715918302536,289,37119,,,,,,,,,,,,,,,,,,,,,,,,,,,
0.08582717180252075,0.08582717180252075,290,37247,,,,,,,,,,,,,,,,,,,,,,,,,,,
0.08319743722677231,0.08319743722677231,291,37375,,,,,,,,,,,,,,,,,,,,,,,,,,,
0.08602739125490189,0.08602739125490189,292,37503,,,,,,,,,,,,,,,,,,,,,,,,,,,
0.08332951366901398,0.08332951366901398,293,37631,,,,,,,,,,,,,,,,,,,,,,,,,,,
0.08633262664079666,0.08633262664079666,294,37759,,,,,,,,,,,,,,,,,,,,,,,,,,,
0.08506995439529419,0.08506995439529419,295,37887,,,,,,,,,,,,,,,,,,,,,,,,,,,
0.08650467544794083,0.08650467544794083,296,38015,,,,,,,,,,,,,,,,,,,,,,,,,,,
0.08417560905218124,0.08417560905218124,297,38143,,,,,,,,,,,,,,,,,,,,,,,,,,,
0.08407232165336609,0.08407232165336609,298,38271,,,,,,,,,,,,,,,,,,,,,,,,,,,
0.08482500165700912,0.08482500165700912,299,38399,0.04664964330267998,0.4259007161374974,0.0596005573759936,0.045798244684022556,0.47086355556083664,0.059436063765352966,0.05097260712864088,1.0000526962481162,0.06534594322548999,0.0838006722780081,2.480086219982538,0.07180696768179555,0.14100169147453576,4.526325055976143,0.08300571076007494,0.26971307740125305,8.669524149230934,0.10130568501007586,0.4596398408678011,13.799861573806655,0.11778975304354922,1.1054253182734284,27.067910538698243,0.21817855918422127,2.0333203199353806,41.999524208381395,0.6797222892093746
0.08591634780168533,0.08591634780168533,300,38527,,,,,,,,,,,,,,,,,,,,,,,,,,,
0.08737875521183014,0.08737875521183014,301,38655,,,,,,,,,,,,,,,,,,,,,,,,,,,
0.08355999737977982,0.08355999737977982,302,38783,,,,,,,,,,,,,,,,,,,,,,,,,,,
0.08381176739931107,0.08381176739931107,303,38911,,,,,,,,,,,,,,,,,,,,,,,,,,,
0.0851057842373848,0.0851057842373848,304,39039,,,,,,,,,,,,,,,,,,,,,,,,,,,
0.0837845727801323,0.0837845727801323,305,39167,,,,,,,,,,,,,,,,,,,,,,,,,,,
0.08431263267993927,0.08431263267993927,306,39295,,,,,,,,,,,,,,,,,,,,,,,,,,,
0.08306007832288742,0.08306007832288742,307,39423,,,,,,,,,,,,,,,,,,,,,,,,,,,
0.08486148715019226,0.08486148715019226,308,39551,,,,,,,,,,,,,,,,,,,,,,,,,,,
0.08671814203262329,0.08671814203262329,309,39679,,,,,,,,,,,,,,,,,,,,,,,,,,,
0.0850345566868782,0.0850345566868782,310,39807,,,,,,,,,,,,,,,,,,,,,,,,,,,
0.08548172563314438,0.08548172563314438,311,39935,,,,,,,,,,,,,,,,,,,,,,,,,,,
0.08568476140499115,0.08568476140499115,312,40063,,,,,,,,,,,,,,,,,,,,,,,,,,,
0.08654375374317169,0.08654375374317169,313,40191,,,,,,,,,,,,,,,,,,,,,,,,,,,
0.08719878643751144,0.08719878643751144,314,40319,,,,,,,,,,,,,,,,,,,,,,,,,,,
0.08421996235847473,0.08421996235847473,315,40447,,,,,,,,,,,,,,,,,,,,,,,,,,,
0.08366569131612778,0.08366569131612778,316,40575,,,,,,,,,,,,,,,,,,,,,,,,,,,
0.08598899841308594,0.08598899841308594,317,40703,,,,,,,,,,,,,,,,,,,,,,,,,,,
0.08412066847085953,0.08412066847085953,318,40831,,,,,,,,,,,,,,,,,,,,,,,,,,,
0.08579190075397491,0.08579190075397491,319,40959,,,,,,,,,,,,,,,,,,,,,,,,,,,
0.08148634433746338,0.08148634433746338,320,41087,,,,,,,,,,,,,,,,,,,,,,,,,,,
0.08397077769041061,0.08397077769041061,321,41215,,,,,,,,,,,,,,,,,,,,,,,,,,,
0.08463124930858612,0.08463124930858612,322,41343,,,,,,,,,,,,,,,,,,,,,,,,,,,
0.08146698772907257,0.08146698772907257,323,41471,,,,,,,,,,,,,,,,,,,,,,,,,,,
0.08320627361536026,0.08320627361536026,324,41599,,,,,,,,,,,,,,,,,,,,,,,,,,,
0.08563272655010223,0.08563272655010223,325,41727,,,,,,,,,,,,,,,,,,,,,,,,,,,
0.08527417480945587,0.08527417480945587,326,41855,,,,,,,,,,,,,,,,,,,,,,,,,,,
0.08464531600475311,0.08464531600475311,327,41983,,,,,,,,,,,,,,,,,,,,,,,,,,,
0.08286400139331818,0.08286400139331818,328,42111,,,,,,,,,,,,,,,,,,,,,,,,,,,
0.08425641804933548,0.08425641804933548,329,42239,,,,,,,,,,,,,,,,,,,,,,,,,,,
0.0855121836066246,0.0855121836066246,330,42367,,,,,,,,,,,,,,,,,,,,,,,,,,,
0.08537501096725464,0.08537501096725464,331,42495,,,,,,,,,,,,,,,,,,,,,,,,,,,
0.08462981879711151,0.08462981879711151,332,42623,,,,,,,,,,,,,,,,,,,,,,,,,,,
0.08585639297962189,0.08585639297962189,333,42751,,,,,,,,,,,,,,,,,,,,,,,,,,,
0.08472656458616257,0.08472656458616257,334,42879,,,,,,,,,,,,,,,,,,,,,,,,,,,
0.08462158590555191,0.08462158590555191,335,43007,,,,,,,,,,,,,,,,,,,,,,,,,,,
0.08406081050634384,0.08406081050634384,336,43135,,,,,,,,,,,,,,,,,,,,,,,,,,,
0.08391807228326797,0.08391807228326797,337,43263,,,,,,,,,,,,,,,,,,,,,,,,,,,
0.08545701205730438,0.08545701205730438,338,43391,,,,,,,,,,,,,,,,,,,,,,,,,,,
0.08465840667486191,0.08465840667486191,339,43519,,,,,,,,,,,,,,,,,,,,,,,,,,,
0.08461416512727737,0.08461416512727737,340,43647,,,,,,,,,,,,,,,,,,,,,,,,,,,
0.08538603782653809,0.08538603782653809,341,43775,,,,,,,,,,,,,,,,,,,,,,,,,,,
0.08432362973690033,0.08432362973690033,342,43903,,,,,,,,,,,,,,,,,,,,,,,,,,,
0.08405840396881104,0.08405840396881104,343,44031,,,,,,,,,,,,,,,,,,,,,,,,,,,
0.08323497325181961,0.08323497325181961,344,44159,,,,,,,,,,,,,,,,,,,,,,,,,,,
0.08340266346931458,0.08340266346931458,345,44287,,,,,,,,,,,,,,,,,,,,,,,,,,,
0.08254852145910263,0.08254852145910263,346,44415,,,,,,,,,,,,,,,,,,,,,,,,,,,
0.0831587016582489,0.0831587016582489,347,44543,,,,,,,,,,,,,,,,,,,,,,,,,,,
0.08167613297700882,0.08167613297700882,348,44671,,,,,,,,,,,,,,,,,,,,,,,,,,,
0.08330769836902618,0.08330769836902618,349,44799,,,,,,,,,,,,,,,,,,,,,,,,,,,
0.08633794635534286,0.08633794635534286,350,44927,,,,,,,,,,,,,,,,,,,,,,,,,,,
0.08472443372011185,0.08472443372011185,351,45055,,,,,,,,,,,,,,,,,,,,,,,,,,,
0.0844942033290863,0.0844942033290863,352,45183,,,,,,,,,,,,,,,,,,,,,,,,,,,
0.08404156565666199,0.08404156565666199,353,45311,,,,,,,,,,,,,,,,,,,,,,,,,,,
0.08432134240865707,0.08432134240865707,354,45439,,,,,,,,,,,,,,,,,,,,,,,,,,,
0.08250728994607925,0.08250728994607925,355,45567,,,,,,,,,,,,,,,,,,,,,,,,,,,
0.08275101333856583,0.08275101333856583,356,45695,,,,,,,,,,,,,,,,,,,,,,,,,,,
0.08576648682355881,0.08576648682355881,357,45823,,,,,,,,,,,,,,,,,,,,,,,,,,,
0.08095400780439377,0.08095400780439377,358,45951,,,,,,,,,,,,,,,,,,,,,,,,,,,
0.08507883548736572,0.08507883548736572,359,46079,,,,,,,,,,,,,,,,,,,,,,,,,,,
0.08377356827259064,0.08377356827259064,360,46207,,,,,,,,,,,,,,,,,,,,,,,,,,,
0.08557423204183578,0.08557423204183578,361,46335,,,,,,,,,,,,,,,,,,,,,,,,,,,
0.08225534111261368,0.08225534111261368,362,46463,,,,,,,,,,,,,,,,,,,,,,,,,,,
0.08441735804080963,0.08441735804080963,363,46591,,,,,,,,,,,,,,,,,,,,,,,,,,,
0.08247614651918411,0.08247614651918411,364,46719,,,,,,,,,,,,,,,,,,,,,,,,,,,
0.08001603186130524,0.08001603186130524,365,46847,,,,,,,,,,,,,,,,,,,,,,,,,,,
0.08567274361848831,0.08567274361848831,366,46975,,,,,,,,,,,,,,,,,,,,,,,,,,,
0.08366595953702927,0.08366595953702927,367,47103,,,,,,,,,,,,,,,,,,,,,,,,,,,
0.0839422196149826,0.0839422196149826,368,47231,,,,,,,,,,,,,,,,,,,,,,,,,,,
0.08234129101037979,0.08234129101037979,369,47359,,,,,,,,,,,,,,,,,,,,,,,,,,,
0.08429008722305298,0.08429008722305298,370,47487,,,,,,,,,,,,,,,,,,,,,,,,,,,
0.08167412877082825,0.08167412877082825,371,47615,,,,,,,,,,,,,,,,,,,,,,,,,,,
0.08173632621765137,0.08173632621765137,372,47743,,,,,,,,,,,,,,,,,,,,,,,,,,,
0.08231794834136963,0.08231794834136963,373,47871,,,,,,,,,,,,,,,,,,,,,,,,,,,
0.0842948779463768,0.0842948779463768,374,47999,,,,,,,,,,,,,,,,,,,,,,,,,,,
0.08362684398889542,0.08362684398889542,375,48127,,,,,,,,,,,,,,,,,,,,,,,,,,,
0.08363232016563416,0.08363232016563416,376,48255,,,,,,,,,,,,,,,,,,,,,,,,,,,
0.08384045213460922,0.08384045213460922,377,48383,,,,,,,,,,,,,,,,,,,,,,,,,,,
0.0842614695429802,0.0842614695429802,378,48511,,,,,,,,,,,,,,,,,,,,,,,,,,,
0.08277734369039536,0.08277734369039536,379,48639,,,,,,,,,,,,,,,,,,,,,,,,,,,
0.08354207873344421,0.08354207873344421,380,48767,,,,,,,,,,,,,,,,,,,,,,,,,,,
0.08340968936681747,0.08340968936681747,381,48895,,,,,,,,,,,,,,,,,,,,,,,,,,,
0.08196114748716354,0.08196114748716354,382,49023,,,,,,,,,,,,,,,,,,,,,,,,,,,
0.08435674011707306,0.08435674011707306,383,49151,,,,,,,,,,,,,,,,,,,,,,,,,,,
0.08395972847938538,0.08395972847938538,384,49279,,,,,,,,,,,,,,,,,,,,,,,,,,,
0.08325362950563431,0.08325362950563431,385,49407,,,,,,,,,,,,,,,,,,,,,,,,,,,
0.08179838210344315,0.08179838210344315,386,49535,,,,,,,,,,,,,,,,,,,,,,,,,,,
0.08102881908416748,0.08102881908416748,387,49663,,,,,,,,,,,,,,,,,,,,,,,,,,,
0.0821337029337883,0.0821337029337883,388,49791,,,,,,,,,,,,,,,,,,,,,,,,,,,
0.08216702938079834,0.08216702938079834,389,49919,,,,,,,,,,,,,,,,,,,,,,,,,,,
0.08323416858911514,0.08323416858911514,390,50047,,,,,,,,,,,,,,,,,,,,,,,,,,,
0.08322565257549286,0.08322565257549286,391,50175,,,,,,,,,,,,,,,,,,,,,,,,,,,
0.0823969691991806,0.0823969691991806,392,50303,,,,,,,,,,,,,,,,,,,,,,,,,,,
0.08192940801382065,0.08192940801382065,393,50431,,,,,,,,,,,,,,,,,,,,,,,,,,,
0.08343330025672913,0.08343330025672913,394,50559,,,,,,,,,,,,,,,,,,,,,,,,,,,
0.08193784952163696,0.08193784952163696,395,50687,,,,,,,,,,,,,,,,,,,,,,,,,,,
0.08158912509679794,0.08158912509679794,396,50815,,,,,,,,,,,,,,,,,,,,,,,,,,,
0.08183375746011734,0.08183375746011734,397,50943,,,,,,,,,,,,,,,,,,,,,,,,,,,
0.08144885301589966,0.08144885301589966,398,51071,,,,,,,,,,,,,,,,,,,,,,,,,,,
0.08131896704435349,0.08131896704435349,399,51199,0.055177729668492805,0.5250705860448709,0.07350879336193956,0.049853301198904715,0.5580219111887993,0.06540287584968171,0.051377293383706064,0.9134992070469008,0.06440722675932985,0.08873605475729973,2.4553321786513767,0.07193979269819874,0.14230930092392366,4.410284309519215,0.0813348204146641,0.2554785403246915,7.925870360216101,0.10452618584680157,0.38769424033191924,11.34015124369535,0.11384054919873249,0.8286181295550404,21.225986612071257,0.13618999372670754,1.5067076181973191,34.542401987729654,0.3034756257408873
0.08394241333007812,0.08394241333007812,400,51327,,,,,,,,,,,,,,,,,,,,,,,,,,,
0.08153843879699707,0.08153843879699707,401,51455,,,,,,,,,,,,,,,,,,,,,,,,,,,
0.08477281779050827,0.08477281779050827,402,51583,,,,,,,,,,,,,,,,,,,,,,,,,,,
0.08133351802825928,0.08133351802825928,403,51711,,,,,,,,,,,,,,,,,,,,,,,,,,,
0.08347255736589432,0.08347255736589432,404,51839,,,,,,,,,,,,,,,,,,,,,,,,,,,
0.08337487280368805,0.08337487280368805,405,51967,,,,,,,,,,,,,,,,,,,,,,,,,,,
0.08177410811185837,0.08177410811185837,406,52095,,,,,,,,,,,,,,,,,,,,,,,,,,,
0.08036920428276062,0.08036920428276062,407,52223,,,,,,,,,,,,,,,,,,,,,,,,,,,
0.08205031603574753,0.08205031603574753,408,52351,,,,,,,,,,,,,,,,,,,,,,,,,,,
0.07845490425825119,0.07845490425825119,409,52479,,,,,,,,,,,,,,,,,,,,,,,,,,,
0.0828808918595314,0.0828808918595314,410,52607,,,,,,,,,,,,,,,,,,,,,,,,,,,
0.08248106390237808,0.08248106390237808,411,52735,,,,,,,,,,,,,,,,,,,,,,,,,,,
0.08142007887363434,0.08142007887363434,412,52863,,,,,,,,,,,,,,,,,,,,,,,,,,,
0.08262795954942703,0.08262795954942703,413,52991,,,,,,,,,,,,,,,,,,,,,,,,,,,
0.08148334175348282,0.08148334175348282,414,53119,,,,,,,,,,,,,,,,,,,,,,,,,,,
0.08350428938865662,0.08350428938865662,415,53247,,,,,,,,,,,,,,,,,,,,,,,,,,,
0.08374183624982834,0.08374183624982834,416,53375,,,,,,,,,,,,,,,,,,,,,,,,,,,
0.08100971579551697,0.08100971579551697,417,53503,,,,,,,,,,,,,,,,,,,,,,,,,,,
0.08131803572177887,0.08131803572177887,418,53631,,,,,,,,,,,,,,,,,,,,,,,,,,,
0.0838155522942543,0.0838155522942543,419,53759,,,,,,,,,,,,,,,,,,,,,,,,,,,
0.08207131177186966,0.08207131177186966,420,53887,,,,,,,,,,,,,,,,,,,,,,,,,,,
0.08200161159038544,0.08200161159038544,421,54015,,,,,,,,,,,,,,,,,,,,,,,,,,,
0.08097033202648163,0.08097033202648163,422,54143,,,,,,,,,,,,,,,,,,,,,,,,,,,
0.0816979631781578,0.0816979631781578,423,54271,,,,,,,,,,,,,,,,,,,,,,,,,,,
0.08322399109601974,0.08322399109601974,424,54399,,,,,,,,,,,,,,,,,,,,,,,,,,,
0.08255574852228165,0.08255574852228165,425,54527,,,,,,,,,,,,,,,,,,,,,,,,,,,
0.07993035018444061,0.07993035018444061,426,54655,,,,,,,,,,,,,,,,,,,,,,,,,,,
0.08224249631166458,0.08224249631166458,427,54783,,,,,,,,,,,,,,,,,,,,,,,,,,,
0.08222148567438126,0.08222148567438126,428,54911,,,,,,,,,,,,,,,,,,,,,,,,,,,
0.08175960183143616,0.08175960183143616,429,55039,,,,,,,,,,,,,,,,,,,,,,,,,,,
0.08123566955327988,0.08123566955327988,430,55167,,,,,,,,,,,,,,,,,,,,,,,,,,,
0.0789376050233841,0.0789376050233841,431,55295,,,,,,,,,,,,,,,,,,,,,,,,,,,
0.08209431916475296,0.08209431916475296,432,55423,,,,,,,,,,,,,,,,,,,,,,,,,,,
0.08376677334308624,0.08376677334308624,433,55551,,,,,,,,,,,,,,,,,,,,,,,,,,,
0.0828871876001358,0.0828871876001358,434,55679,,,,,,,,,,,,,,,,,,,,,,,,,,,
0.08320008963346481,0.08320008963346481,435,55807,,,,,,,,,,,,,,,,,,,,,,,,,,,
0.08140317350625992,0.08140317350625992,436,55935,,,,,,,,,,,,,,,,,,,,,,,,,,,
0.08241097629070282,0.08241097629070282,437,56063,,,,,,,,,,,,,,,,,,,,,,,,,,,
0.07956423610448837,0.07956423610448837,438,56191,,,,,,,,,,,,,,,,,,,,,,,,,,,
0.0806090384721756,0.0806090384721756,439,56319,,,,,,,,,,,,,,,,,,,,,,,,,,,
0.08046082407236099,0.08046082407236099,440,56447,,,,,,,,,,,,,,,,,,,,,,,,,,,
0.08050017803907394,0.08050017803907394,441,56575,,,,,,,,,,,,,,,,,,,,,,,,,,,
0.08041993528604507,0.08041993528604507,442,56703,,,,,,,,,,,,,,,,,,,,,,,,,,,
0.08029618859291077,0.08029618859291077,443,56831,,,,,,,,,,,,,,,,,,,,,,,,,,,
0.08320733904838562,0.08320733904838562,444,56959,,,,,,,,,,,,,,,,,,,,,,,,,,,
0.0813053771853447,0.0813053771853447,445,57087,,,,,,,,,,,,,,,,,,,,,,,,,,,
0.08116115629673004,0.08116115629673004,446,57215,,,,,,,,,,,,,,,,,,,,,,,,,,,
0.08247467130422592,0.08247467130422592,447,57343,,,,,,,,,,,,,,,,,,,,,,,,,,,
0.08133474737405777,0.08133474737405777,448,57471,,,,,,,,,,,,,,,,,,,,,,,,,,,
0.08153466880321503,0.08153466880321503,449,57599,,,,,,,,,,,,,,,,,,,,,,,,,,,
0.08093208819627762,0.08093208819627762,450,57727,,,,,,,,,,,,,,,,,,,,,,,,,,,
0.08097939193248749,0.08097939193248749,451,57855,,,,,,,,,,,,,,,,,,,,,,,,,,,
0.0804629996418953,0.0804629996418953,452,57983,,,,,,,,,,,,,,,,,,,,,,,,,,,
0.08181189745664597,0.08181189745664597,453,58111,,,,,,,,,,,,,,,,,,,,,,,,,,,
0.07954102009534836,0.07954102009534836,454,58239,,,,,,,,,,,,,,,,,,,,,,,,,,,
0.07851101458072662,0.07851101458072662,455,58367,,,,,,,,,,,,,,,,,,,,,,,,,,,
0.0822824165225029,0.0822824165225029,456,58495,,,,,,,,,,,,,,,,,,,,,,,,,,,
0.08269967138767242,0.08269967138767242,457,58623,,,,,,,,,,,,,,,,,,,,,,,,,,,
0.08058131486177444,0.08058131486177444,458,58751,,,,,,,,,,,,,,,,,,,,,,,,,,,
0.0820082575082779,0.0820082575082779,459,58879,,,,,,,,,,,,,,,,,,,,,,,,,,,
0.0827815979719162,0.0827815979719162,460,59007,,,,,,,,,,,,,,,,,,,,,,,,,,,
0.08378226310014725,0.08378226310014725,461,59135,,,,,,,,,,,,,,,,,,,,,,,,,,,
0.080881766974926,0.080881766974926,462,59263,,,,,,,,,,,,,,,,,,,,,,,,,,,
0.08211925625801086,0.08211925625801086,463,59391,,,,,,,,,,,,,,,,,,,,,,,,,,,
0.08285168558359146,0.08285168558359146,464,59519,,,,,,,,,,,,,,,,,,,,,,,,,,,
0.08112864941358566,0.08112864941358566,465,59647,,,,,,,,,,,,,,,,,,,,,,,,,,,
0.08043929189443588,0.08043929189443588,466,59775,,,,,,,,,,,,,,,,,,,,,,,,,,,
0.0801146999001503,0.0801146999001503,467,59903,,,,,,,,,,,,,,,,,,,,,,,,,,,
0.08071385324001312,0.08071385324001312,468,60031,,,,,,,,,,,,,,,,,,,,,,,,,,,
0.08219246566295624,0.08219246566295624,469,60159,,,,,,,,,,,,,,,,,,,,,,,,,,,
0.08190622180700302,0.08190622180700302,470,60287,,,,,,,,,,,,,,,,,,,,,,,,,,,
0.08394153416156769,0.08394153416156769,471,60415,,,,,,,,,,,,,,,,,,,,,,,,,,,
0.08106234669685364,0.08106234669685364,472,60543,,,,,,,,,,,,,,,,,,,,,,,,,,,
0.08074484020471573,0.08074484020471573,473,60671,,,,,,,,,,,,,,,,,,,,,,,,,,,
0.08178668469190598,0.08178668469190598,474,60799,,,,,,,,,,,,,,,,,,,,,,,,,,,
0.08283278346061707,0.08283278346061707,475,60927,,,,,,,,,,,,,,,,,,,,,,,,,,,
0.08035851269960403,0.08035851269960403,476,61055,,,,,,,,,,,,,,,,,,,,,,,,,,,
0.07999122887849808,0.07999122887849808,477,61183,,,,,,,,,,,,,,,,,,,,,,,,,,,
0.08250121027231216,0.08250121027231216,478,61311,,,,,,,,,,,,,,,,,,,,,,,,,,,
0.08147086948156357,0.08147086948156357,479,61439,,,,,,,,,,,,,,,,,,,,,,,,,,,
0.07990006357431412,0.07990006357431412,480,61567,,,,,,,,,,,,,,,,,,,,,,,,,,,
0.08110926300287247,0.08110926300287247,481,61695,,,,,,,,,,,,,,,,,,,,,,,,,,,
0.08185284584760666,0.08185284584760666,482,61823,,,,,,,,,,,,,,,,,,,,,,,,,,,
0.08223053812980652,0.08223053812980652,483,61951,,,,,,,,,,,,,,,,,,,,,,,,,,,
0.08124152570962906,0.08124152570962906,484,62079,,,,,,,,,,,,,,,,,,,,,,,,,,,
0.08216488361358643,0.08216488361358643,485,62207,,,,,,,,,,,,,,,,,,,,,,,,,,,
0.07997286319732666,0.07997286319732666,486,62335,,,,,,,,,,,,,,,,,,,,,,,,,,,
0.08151819556951523,0.08151819556951523,487,62463,,,,,,,,,,,,,,,,,,,,,,,,,,,
0.08058148622512817,0.08058148622512817,488,62591,,,,,,,,,,,,,,,,,,,,,,,,,,,
0.08111388981342316,0.08111388981342316,489,62719,,,,,,,,,,,,,,,,,,,,,,,,,,,
0.08464213460683823,0.08464213460683823,490,62847,,,,,,,,,,,,,,,,,,,,,,,,,,,
0.0809524804353714,0.0809524804353714,491,62975,,,,,,,,,,,,,,,,,,,,,,,,,,,
0.08127617835998535,0.08127617835998535,492,63103,,,,,,,,,,,,,,,,,,,,,,,,,,,
0.08303924649953842,0.08303924649953842,493,63231,,,,,,,,,,,,,,,,,,,,,,,,,,,
0.08163192123174667,0.08163192123174667,494,63359,,,,,,,,,,,,,,,,,,,,,,,,,,,
0.07983704656362534,0.07983704656362534,495,63487,,,,,,,,,,,,,,,,,,,,,,,,,,,
0.08124865591526031,0.08124865591526031,496,63615,,,,,,,,,,,,,,,,,,,,,,,,,,,
0.08117488026618958,0.08117488026618958,497,63743,,,,,,,,,,,,,,,,,,,,,,,,,,,
0.08145558834075928,0.08145558834075928,498,63871,,,,,,,,,,,,,,,,,,,,,,,,,,,
0.08128690719604492,0.08128690719604492,499,63999,0.05181969531866146,0.46741514703009174,0.06264444380837363,0.050730734118538484,0.42149464692701966,0.061208894350578864,0.05388918462450528,0.7363764835060296,0.06145790950363432,0.08428927904322585,2.176884207318843,0.06300266961031216,0.13347304697590168,4.1793777976336175,0.06892360045919596,0.24096434486662643,7.210081443598928,0.09053861619309916,0.36156290394919305,11.146736905194988,0.1037654268381698,0.7148815307571721,20.7645109918332,0.12226117240704684,1.3026622256351164,33.30245902993416,0.21502855606127066
0.08130820095539093,0.08130820095539093,500,64127,,,,,,,,,,,,,,,,,,,,,,,,,,,
0.08146622776985168,0.08146622776985168,501,64255,,,,,,,,,,,,,,,,,,,,,,,,,,,
0.08279791474342346,0.08279791474342346,502,64383,,,,,,,,,,,,,,,,,,,,,,,,,,,
0.07891087234020233,0.07891087234020233,503,64511,,,,,,,,,,,,,,,,,,,,,,,,,,,
0.08006374537944794,0.08006374537944794,504,64639,,,,,,,,,,,,,,,,,,,,,,,,,,,
0.08096771687269211,0.08096771687269211,505,64767,,,,,,,,,,,,,,,,,,,,,,,,,,,
0.0811699852347374,0.0811699852347374,506,64895,,,,,,,,,,,,,,,,,,,,,,,,,,,
0.08154924213886261,0.08154924213886261,507,65023,,,,,,,,,,,,,,,,,,,,,,,,,,,
0.08118391036987305,0.08118391036987305,508,65151,,,,,,,,,,,,,,,,,,,,,,,,,,,
0.0820823386311531,0.0820823386311531,509,65279,,,,,,,,,,,,,,,,,,,,,,,,,,,
0.0805312842130661,0.0805312842130661,510,65407,,,,,,,,,,,,,,,,,,,,,,,,,,,
0.07907013595104218,0.07907013595104218,511,65535,,,,,,,,,,,,,,,,,,,,,,,,,,,
0.07877380400896072,0.07877380400896072,512,65663,,,,,,,,,,,,,,,,,,,,,,,,,,,
0.08045077323913574,0.08045077323913574,513,65791,,,,,,,,,,,,,,,,,,,,,,,,,,,
0.07973071187734604,0.07973071187734604,514,65919,,,,,,,,,,,,,,,,,,,,,,,,,,,
0.07893683016300201,0.07893683016300201,515,66047,,,,,,,,,,,,,,,,,,,,,,,,,,,
0.07984425127506256,0.07984425127506256,516,66175,,,,,,,,,,,,,,,,,,,,,,,,,,,
0.08184053003787994,0.08184053003787994,517,66303,,,,,,,,,,,,,,,,,,,,,,,,,,,
0.08098037540912628,0.08098037540912628,518,66431,,,,,,,,,,,,,,,,,,,,,,,,,,,
0.0803823173046112,0.0803823173046112,519,66559,,,,,,,,,,,,,,,,,,,,,,,,,,,
0.08076440542936325,0.08076440542936325,520,66687,,,,,,,,,,,,,,,,,,,,,,,,,,,
0.08109494298696518,0.08109494298696518,521,66815,,,,,,,,,,,,,,,,,,,,,,,,,,,
0.08036574721336365,0.08036574721336365,522,66943,,,,,,,,,,,,,,,,,,,,,,,,,,,
0.07907611131668091,0.07907611131668091,523,67071,,,,,,,,,,,,,,,,,,,,,,,,,,,
0.08170713484287262,0.08170713484287262,524,67199,,,,,,,,,,,,,,,,,,,,,,,,,,,
0.08154041320085526,0.08154041320085526,525,67327,,,,,,,,,,,,,,,,,,,,,,,,,,,
0.08131703734397888,0.08131703734397888,526,67455,,,,,,,,,,,,,,,,,,,,,,,,,,,
0.08015119284391403,0.08015119284391403,527,67583,,,,,,,,,,,,,,,,,,,,,,,,,,,
0.08303243666887283,0.08303243666887283,528,67711,,,,,,,,,,,,,,,,,,,,,,,,,,,
0.08103033155202866,0.08103033155202866,529,67839,,,,,,,,,,,,,,,,,,,,,,,,,,,
0.07936394959688187,0.07936394959688187,530,67967,,,,,,,,,,,,,,,,,,,,,,,,,,,
0.08108735829591751,0.08108735829591751,531,68095,,,,,,,,,,,,,,,,,,,,,,,,,,,
0.08230192959308624,0.08230192959308624,532,68223,,,,,,,,,,,,,,,,,,,,,,,,,,,
0.07980974018573761,0.07980974018573761,533,68351,,,,,,,,,,,,,,,,,,,,,,,,,,,
0.08160465955734253,0.08160465955734253,534,68479,,,,,,,,,,,,,,,,,,,,,,,,,,,
0.08115942776203156,0.08115942776203156,535,68607,,,,,,,,,,,,,,,,,,,,,,,,,,,
0.07930544018745422,0.07930544018745422,536,68735,,,,,,,,,,,,,,,,,,,,,,,,,,,
0.08123457431793213,0.08123457431793213,537,68863,,,,,,,,,,,,,,,,,,,,,,,,,,,
0.08057714998722076,0.08057714998722076,538,68991,,,,,,,,,,,,,,,,,,,,,,,,,,,
0.08094944804906845,0.08094944804906845,539,69119,,,,,,,,,,,,,,,,,,,,,,,,,,,
0.08013322204351425,0.08013322204351425,540,69247,,,,,,,,,,,,,,,,,,,,,,,,,,,
0.08080758154392242,0.08080758154392242,541,69375,,,,,,,,,,,,,,,,,,,,,,,,,,,
0.07894302904605865,0.07894302904605865,542,69503,,,,,,,,,,,,,,,,,,,,,,,,,,,
0.08084024488925934,0.08084024488925934,543,69631,,,,,,,,,,,,,,,,,,,,,,,,,,,
0.08006401360034943,0.08006401360034943,544,69759,,,,,,,,,,,,,,,,,,,,,,,,,,,
0.08070504665374756,0.08070504665374756,545,69887,,,,,,,,,,,,,,,,,,,,,,,,,,,
0.0805203914642334,0.0805203914642334,546,70015,,,,,,,,,,,,,,,,,,,,,,,,,,,
0.0781978964805603,0.0781978964805603,547,70143,,,,,,,,,,,,,,,,,,,,,,,,,,,
0.08087360113859177,0.08087360113859177,548,70271,,,,,,,,,,,,,,,,,,,,,,,,,,,
0.07988081127405167,0.07988081127405167,549,70399,,,,,,,,,,,,,,,,,,,,,,,,,,,
0.0800439789891243,0.0800439789891243,550,70527,,,,,,,,,,,,,,,,,,,,,,,,,,,
0.08077850192785263,0.08077850192785263,551,70655,,,,,,,,,,,,,,,,,,,,,,,,,,,
0.0813920721411705,0.0813920721411705,552,70783,,,,,,,,,,,,,,,,,,,,,,,,,,,
0.07913088798522949,0.07913088798522949,553,70911,,,,,,,,,,,,,,,,,,,,,,,,,,,
0.08027930557727814,0.08027930557727814,554,71039,,,,,,,,,,,,,,,,,,,,,,,,,,,
0.07964231073856354,0.07964231073856354,555,71167,,,,,,,,,,,,,,,,,,,,,,,,,,,
0.08164305239915848,0.08164305239915848,556,71295,,,,,,,,,,,,,,,,,,,,,,,,,,,
0.08032621443271637,0.08032621443271637,557,71423,,,,,,,,,,,,,,,,,,,,,,,,,,,
0.08317588269710541,0.08317588269710541,558,71551,,,,,,,,,,,,,,,,,,,,,,,,,,,
0.08117258548736572,0.08117258548736572,559,71679,,,,,,,,,,,,,,,,,,,,,,,,,,,
0.0791202113032341,0.0791202113032341,560,71807,,,,,,,,,,,,,,,,,,,,,,,,,,,
0.07941318303346634,0.07941318303346634,561,71935,,,,,,,,,,,,,,,,,,,,,,,,,,,
0.07905029505491257,0.07905029505491257,562,72063,,,,,,,,,,,,,,,,,,,,,,,,,,,
0.08025531470775604,0.08025531470775604,563,72191,,,,,,,,,,,,,,,,,,,,,,,,,,,
0.08037876337766647,0.08037876337766647,564,72319,,,,,,,,,,,,,,,,,,,,,,,,,,,
0.08131670951843262,0.08131670951843262,565,72447,,,,,,,,,,,,,,,,,,,,,,,,,,,
0.08065108954906464,0.08065108954906464,566,72575,,,,,,,,,,,,,,,,,,,,,,,,,,,
0.08034934103488922,0.08034934103488922,567,72703,,,,,,,,,,,,,,,,,,,,,,,,,,,
0.08049791306257248,0.08049791306257248,568,72831,,,,,,,,,,,,,,,,,,,,,,,,,,,
0.08035388588905334,0.08035388588905334,569,72959,,,,,,,,,,,,,,,,,,,,,,,,,,,
0.07913580536842346,0.07913580536842346,570,73087,,,,,,,,,,,,,,,,,,,,,,,,,,,
0.0782768651843071,0.0782768651843071,571,73215,,,,,,,,,,,,,,,,,,,,,,,,,,,
0.07915360480546951,0.07915360480546951,572,73343,,,,,,,,,,,,,,,,,,,,,,,,,,,
0.07940470427274704,0.07940470427274704,573,73471,,,,,,,,,,,,,,,,,,,,,,,,,,,
0.08021412789821625,0.08021412789821625,574,73599,,,,,,,,,,,,,,,,,,,,,,,,,,,
0.08072655647993088,0.08072655647993088,575,73727,,,,,,,,,,,,,,,,,,,,,,,,,,,
0.07984393835067749,0.07984393835067749,576,73855,,,,,,,,,,,,,,,,,,,,,,,,,,,
0.07895853370428085,0.07895853370428085,577,73983,,,,,,,,,,,,,,,,,,,,,,,,,,,
0.08146049082279205,0.08146049082279205,578,74111,,,,,,,,,,,,,,,,,,,,,,,,,,,
0.08005191385746002,0.08005191385746002,579,74239,,,,,,,,,,,,,,,,,,,,,,,,,,,
0.08051293343305588,0.08051293343305588,580,74367,,,,,,,,,,,,,,,,,,,,,,,,,,,
0.0785733237862587,0.0785733237862587,581,74495,,,,,,,,,,,,,,,,,,,,,,,,,,,
0.07879133522510529,0.07879133522510529,582,74623,,,,,,,,,,,,,,,,,,,,,,,,,,,
0.07847236841917038,0.07847236841917038,583,74751,,,,,,,,,,,,,,,,,,,,,,,,,,,
0.07792547345161438,0.07792547345161438,584,74879,,,,,,,,,,,,,,,,,,,,,,,,,,,
0.08068112283945084,0.08068112283945084,585,75007,,,,,,,,,,,,,,,,,,,,,,,,,,,
0.08172885328531265,0.08172885328531265,586,75135,,,,,,,,,,,,,,,,,,,,,,,,,,,
0.0794159471988678,0.0794159471988678,587,75263,,,,,,,,,,,,,,,,,,,,,,,,,,,
0.0807969719171524,0.0807969719171524,588,75391,,,,,,,,,,,,,,,,,,,,,,,,,,,
0.08165337145328522,0.08165337145328522,589,75519,,,,,,,,,,,,,,,,,,,,,,,,,,,
0.08002527803182602,0.08002527803182602,590,75647,,,,,,,,,,,,,,,,,,,,,,,,,,,
0.0799054279923439,0.0799054279923439,591,75775,,,,,,,,,,,,,,,,,,,,,,,,,,,
0.07916197180747986,0.07916197180747986,592,75903,,,,,,,,,,,,,,,,,,,,,,,,,,,
0.08099041879177094,0.08099041879177094,593,76031,,,,,,,,,,,,,,,,,,,,,,,,,,,
0.08003587275743484,0.08003587275743484,594,76159,,,,,,,,,,,,,,,,,,,,,,,,,,,
0.0789426788687706,0.0789426788687706,595,76287,,,,,,,,,,,,,,,,,,,,,,,,,,,
0.0800027921795845,0.0800027921795845,596,76415,,,,,,,,,,,,,,,,,,,,,,,,,,,
0.07935100793838501,0.07935100793838501,597,76543,,,,,,,,,,,,,,,,,,,,,,,,,,,
0.08000228554010391,0.08000228554010391,598,76671,,,,,,,,,,,,,,,,,,,,,,,,,,,
0.07941929996013641,0.07941929996013641,599,76799,0.04695407682160545,0.41785451140334695,0.05801030519002013,0.045588038983559835,0.42570288208705725,0.05527715297836427,0.048279572294102624,0.7043294820933858,0.05700114162241055,0.07366500407317633,1.8968215008808893,0.059380309489701834,0.12725443139468381,3.837779477635376,0.06642452522531674,0.23029653601180738,6.732089440082161,0.08660401712995751,0.3357009219138415,10.244761049498118,0.100824425296485,0.6342938994573798,18.4132425459489,0.11613506915948903,1.065357313172865,28.068576595890576,0.15297401015701487
0.08028899133205414,0.08028899133205414,600,76927,,,,,,,,,,,,,,,,,,,,,,,,,,,
0.07852908223867416,0.07852908223867416,601,77055,,,,,,,,,,,,,,,,,,,,,,,,,,,
0.07934366166591644,0.07934366166591644,602,77183,,,,,,,,,,,,,,,,,,,,,,,,,,,
0.0792781263589859,0.0792781263589859,603,77311,,,,,,,,,,,,,,,,,,,,,,,,,,,
0.07862979173660278,0.07862979173660278,604,77439,,,,,,,,,,,,,,,,,,,,,,,,,,,
0.07828109711408615,0.07828109711408615,605,77567,,,,,,,,,,,,,,,,,,,,,,,,,,,
0.07954476028680801,0.07954476028680801,606,77695,,,,,,,,,,,,,,,,,,,,,,,,,,,
0.07979685813188553,0.07979685813188553,607,77823,,,,,,,,,,,,,,,,,,,,,,,,,,,
0.07857798039913177,0.07857798039913177,608,77951,,,,,,,,,,,,,,,,,,,,,,,,,,,
0.07879302650690079,0.07879302650690079,609,78079,,,,,,,,,,,,,,,,,,,,,,,,,,,
0.07993020862340927,0.07993020862340927,610,78207,,,,,,,,,,,,,,,,,,,,,,,,,,,
0.08010217547416687,0.08010217547416687,611,78335,,,,,,,,,,,,,,,,,,,,,,,,,,,
0.07906332612037659,0.07906332612037659,612,78463,,,,,,,,,,,,,,,,,,,,,,,,,,,
0.079389289021492,0.079389289021492,613,78591,,,,,,,,,,,,,,,,,,,,,,,,,,,
0.08043314516544342,0.08043314516544342,614,78719,,,,,,,,,,,,,,,,,,,,,,,,,,,
0.07962487637996674,0.07962487637996674,615,78847,,,,,,,,,,,,,,,,,,,,,,,,,,,
0.07967349886894226,0.07967349886894226,616,78975,,,,,,,,,,,,,,,,,,,,,,,,,,,
0.07787086069583893,0.07787086069583893,617,79103,,,,,,,,,,,,,,,,,,,,,,,,,,,
0.07944090664386749,0.07944090664386749,618,79231,,,,,,,,,,,,,,,,,,,,,,,,,,,
0.08012720197439194,0.08012720197439194,619,79359,,,,,,,,,,,,,,,,,,,,,,,,,,,
0.08092067390680313,0.08092067390680313,620,79487,,,,,,,,,,,,,,,,,,,,,,,,,,,
0.0798090472817421,0.0798090472817421,621,79615,,,,,,,,,,,,,,,,,,,,,,,,,,,
0.08001697063446045,0.08001697063446045,622,79743,,,,,,,,,,,,,,,,,,,,,,,,,,,
0.07968035340309143,0.07968035340309143,623,79871,,,,,,,,,,,,,,,,,,,,,,,,,,,
0.07958612591028214,0.07958612591028214,624,79999,,,,,,,,,,,,,,,,,,,,,,,,,,,
0.07809383422136307,0.07809383422136307,625,80127,,,,,,,,,,,,,,,,,,,,,,,,,,,
0.08099646121263504,0.08099646121263504,626,80255,,,,,,,,,,,,,,,,,,,,,,,,,,,
0.07957587391138077,0.07957587391138077,627,80383,,,,,,,,,,,,,,,,,,,,,,,,,,,
0.08137845247983932,0.08137845247983932,628,80511,,,,,,,,,,,,,,,,,,,,,,,,,,,
0.07996340841054916,0.07996340841054916,629,80639,,,,,,,,,,,,,,,,,,,,,,,,,,,
0.08035255968570709,0.08035255968570709,630,80767,,,,,,,,,,,,,,,,,,,,,,,,,,,
0.07947403937578201,0.07947403937578201,631,80895,,,,,,,,,,,,,,,,,,,,,,,,,,,
0.07834125310182571,0.07834125310182571,632,81023,,,,,,,,,,,,,,,,,,,,,,,,,,,
0.07944420725107193,0.07944420725107193,633,81151,,,,,,,,,,,,,,,,,,,,,,,,,,,
0.07910213619470596,0.07910213619470596,634,81279,,,,,,,,,,,,,,,,,,,,,,,,,,,
0.07974567264318466,0.07974567264318466,635,81407,,,,,,,,,,,,,,,,,,,,,,,,,,,
0.08067671954631805,0.08067671954631805,636,81535,,,,,,,,,,,,,,,,,,,,,,,,,,,
0.07839923352003098,0.07839923352003098,637,81663,,,,,,,,,,,,,,,,,,,,,,,,,,,
0.08007585257291794,0.08007585257291794,638,81791,,,,,,,,,,,,,,,,,,,,,,,,,,,
0.07751116156578064,0.07751116156578064,639,81919,,,,,,,,,,,,,,,,,,,,,,,,,,,
0.07787081599235535,0.07787081599235535,640,82047,,,,,,,,,,,,,,,,,,,,,,,,,,,
0.08096501976251602,0.08096501976251602,641,82175,,,,,,,,,,,,,,,,,,,,,,,,,,,
0.07902378588914871,0.07902378588914871,642,82303,,,,,,,,,,,,,,,,,,,,,,,,,,,
0.08060465008020401,0.08060465008020401,643,82431,,,,,,,,,,,,,,,,,,,,,,,,,,,
0.08155523985624313,0.08155523985624313,644,82559,,,,,,,,,,,,,,,,,,,,,,,,,,,
0.0782608762383461,0.0782608762383461,645,82687,,,,,,,,,,,,,,,,,,,,,,,,,,,
0.07848051935434341,0.07848051935434341,646,82815,,,,,,,,,,,,,,,,,,,,,,,,,,,
0.07976461201906204,0.07976461201906204,647,82943,,,,,,,,,,,,,,,,,,,,,,,,,,,
0.07963026314973831,0.07963026314973831,648,83071,,,,,,,,,,,,,,,,,,,,,,,,,,,
0.07886284589767456,0.07886284589767456,649,83199,,,,,,,,,,,,,,,,,,,,,,,,,,,
0.07766775786876678,0.07766775786876678,650,83327,,,,,,,,,,,,,,,,,,,,,,,,,,,
0.07958690822124481,0.07958690822124481,651,83455,,,,,,,,,,,,,,,,,,,,,,,,,,,
0.07898585498332977,0.07898585498332977,652,83583,,,,,,,,,,,,,,,,,,,,,,,,,,,
0.07899858802556992,0.07899858802556992,653,83711,,,,,,,,,,,,,,,,,,,,,,,,,,,
0.07718485593795776,0.07718485593795776,654,83839,,,,,,,,,,,,,,,,,,,,,,,,,,,
0.07821503281593323,0.07821503281593323,655,83967,,,,,,,,,,,,,,,,,,,,,,,,,,,
0.07903923839330673,0.07903923839330673,656,84095,,,,,,,,,,,,,,,,,,,,,,,,,,,
0.07939092814922333,0.07939092814922333,657,84223,,,,,,,,,,,,,,,,,,,,,,,,,,,
0.07788307219743729,0.07788307219743729,658,84351,,,,,,,,,,,,,,,,,,,,,,,,,,,
0.0771525576710701,0.0771525576710701,659,84479,,,,,,,,,,,,,,,,,,,,,,,,,,,
0.07842942327260971,0.07842942327260971,660,84607,,,,,,,,,,,,,,,,,,,,,,,,,,,
0.07986970245838165,0.07986970245838165,661,84735,,,,,,,,,,,,,,,,,,,,,,,,,,,
0.07990574836730957,0.07990574836730957,662,84863,,,,,,,,,,,,,,,,,,,,,,,,,,,
0.07955894619226456,0.07955894619226456,663,84991,,,,,,,,,,,,,,,,,,,,,,,,,,,
0.07986804842948914,0.07986804842948914,664,85119,,,,,,,,,,,,,,,,,,,,,,,,,,,
0.079961858689785,0.079961858689785,665,85247,,,,,,,,,,,,,,,,,,,,,,,,,,,
0.07744473218917847,0.07744473218917847,666,85375,,,,,,,,,,,,,,,,,,,,,,,,,,,
0.07927396148443222,0.07927396148443222,667,85503,,,,,,,,,,,,,,,,,,,,,,,,,,,
0.079165518283844,0.079165518283844,668,85631,,,,,,,,,,,,,,,,,,,,,,,,,,,
0.07957881689071655,0.07957881689071655,669,85759,,,,,,,,,,,,,,,,,,,,,,,,,,,
0.0783851370215416,0.0783851370215416,670,85887,,,,,,,,,,,,,,,,,,,,,,,,,,,
0.08048807084560394,0.08048807084560394,671,86015,,,,,,,,,,,,,,,,,,,,,,,,,,,
0.07966232299804688,0.07966232299804688,672,86143,,,,,,,,,,,,,,,,,,,,,,,,,,,
0.07903069257736206,0.07903069257736206,673,86271,,,,,,,,,,,,,,,,,,,,,,,,,,,
0.07822946459054947,0.07822946459054947,674,86399,,,,,,,,,,,,,,,,,,,,,,,,,,,
0.0795845314860344,0.0795845314860344,675,86527,,,,,,,,,,,,,,,,,,,,,,,,,,,
0.07918944209814072,0.07918944209814072,676,86655,,,,,,,,,,,,,,,,,,,,,,,,,,,
0.07898644357919693,0.07898644357919693,677,86783,,,,,,,,,,,,,,,,,,,,,,,,,,,
0.07827459275722504,0.07827459275722504,678,86911,,,,,,,,,,,,,,,,,,,,,,,,,,,
0.07869980484247208,0.07869980484247208,679,87039,,,,,,,,,,,,,,,,,,,,,,,,,,,
0.07845311611890793,0.07845311611890793,680,87167,,,,,,,,,,,,,,,,,,,,,,,,,,,
0.07884823530912399,0.07884823530912399,681,87295,,,,,,,,,,,,,,,,,,,,,,,,,,,
0.07826386392116547,0.07826386392116547,682,87423,,,,,,,,,,,,,,,,,,,,,,,,,,,
0.07937385141849518,0.07937385141849518,683,87551,,,,,,,,,,,,,,,,,,,,,,,,,,,
0.07978992164134979,0.07978992164134979,684,87679,,,,,,,,,,,,,,,,,,,,,,,,,,,
0.08074558526277542,0.08074558526277542,685,87807,,,,,,,,,,,,,,,,,,,,,,,,,,,
0.07659582793712616,0.07659582793712616,686,87935,,,,,,,,,,,,,,,,,,,,,,,,,,,
0.07963726669549942,0.07963726669549942,687,88063,,,,,,,,,,,,,,,,,,,,,,,,,,,
0.07822012901306152,0.07822012901306152,688,88191,,,,,,,,,,,,,,,,,,,,,,,,,,,
0.07983936369419098,0.07983936369419098,689,88319,,,,,,,,,,,,,,,,,,,,,,,,,,,
0.07779765874147415,0.07779765874147415,690,88447,,,,,,,,,,,,,,,,,,,,,,,,,,,
0.07682738453149796,0.07682738453149796,691,88575,,,,,,,,,,,,,,,,,,,,,,,,,,,
0.0787975937128067,0.0787975937128067,692,88703,,,,,,,,,,,,,,,,,,,,,,,,,,,
0.08109591901302338,0.08109591901302338,693,88831,,,,,,,,,,,,,,,,,,,,,,,,,,,
0.07903781533241272,0.07903781533241272,694,88959,,,,,,,,,,,,,,,,,,,,,,,,,,,
0.07808565348386765,0.07808565348386765,695,89087,,,,,,,,,,,,,,,,,,,,,,,,,,,
0.0810740515589714,0.0810740515589714,696,89215,,,,,,,,,,,,,,,,,,,,,,,,,,,
0.07711558043956757,0.07711558043956757,697,89343,,,,,,,,,,,,,,,,,,,,,,,,,,,
0.07933542877435684,0.07933542877435684,698,89471,,,,,,,,,,,,,,,,,,,,,,,,,,,
0.07653628289699554,0.07653628289699554,699,89599,0.04822897861019174,0.4356818880730915,0.06343267217759599,0.045865714682031766,0.4831784370233662,0.059309572192778166,0.04702951063828622,0.5889700725533805,0.06089668674694945,0.06784318781535188,1.546112187683509,0.06744410950795202,0.10123732497055471,2.612948277034906,0.07196179570318632,0.1984180561695861,5.410843911693845,0.0939274637499244,0.28427518784106487,7.7211120989533715,0.1081225459385003,0.5075560557782725,14.408912295322155,0.11733188113607679,0.842015634006921,23.573301186314556,0.13917264405166482
