train_loss,train_elbo_loss,epoch,step
0.17715959250926971,0.17715959250926971,0,127
0.08830639719963074,0.08830639719963074,1,255
0.0705779641866684,0.0705779641866684,2,383
0.0698593407869339,0.0698593407869339,3,511
0.06669431924819946,0.06669431924819946,4,639
0.06842906028032303,0.06842906028032303,5,767
0.06149698793888092,0.06149698793888092,6,895
0.05820136144757271,0.05820136144757271,7,1023
0.0573759451508522,0.0573759451508522,8,1151
0.05819683149456978,0.05819683149456978,9,1279
0.05918169021606445,0.05918169021606445,10,1407
0.05735596641898155,0.05735596641898155,11,1535
0.056825511157512665,0.056825511157512665,12,1663
0.05702081695199013,0.05702081695199013,13,1791
0.05395377799868584,0.05395377799868584,14,1919
0.05415955185890198,0.05415955185890198,15,2047
0.05339176952838898,0.05339176952838898,16,2175
0.0552719421684742,0.0552719421684742,17,2303
0.05542371794581413,0.05542371794581413,18,2431
0.0555935800075531,0.0555935800075531,19,2559
0.0557078942656517,0.0557078942656517,20,2687
0.052903641015291214,0.052903641015291214,21,2815
0.056735336780548096,0.056735336780548096,22,2943
0.05689353495836258,0.05689353495836258,23,3071
0.05210765823721886,0.05210765823721886,24,3199
0.05293640121817589,0.05293640121817589,25,3327
0.052221257239580154,0.052221257239580154,26,3455
0.04942747950553894,0.04942747950553894,27,3583
0.0510241724550724,0.0510241724550724,28,3711
0.047128573060035706,0.047128573060035706,29,3839
0.05041658133268356,0.05041658133268356,30,3967
0.04827754944562912,0.04827754944562912,31,4095
0.05077790096402168,0.05077790096402168,32,4223
0.04846725985407829,0.04846725985407829,33,4351
0.04945877566933632,0.04945877566933632,34,4479
0.04990636929869652,0.04990636929869652,35,4607
0.04725497588515282,0.04725497588515282,36,4735
0.048726048320531845,0.048726048320531845,37,4863
0.04721793159842491,0.04721793159842491,38,4991
0.046351950615644455,0.046351950615644455,39,5119
0.046779826283454895,0.046779826283454895,40,5247
0.05010190233588219,0.05010190233588219,41,5375
0.04519915208220482,0.04519915208220482,42,5503
0.048402365297079086,0.048402365297079086,43,5631
0.047383781522512436,0.047383781522512436,44,5759
0.04782681167125702,0.04782681167125702,45,5887
0.04885527491569519,0.04885527491569519,46,6015
0.048521239310503006,0.048521239310503006,47,6143
0.048533596098423004,0.048533596098423004,48,6271
0.045397382229566574,0.045397382229566574,49,6399
0.04824291169643402,0.04824291169643402,50,6527
0.048040177673101425,0.048040177673101425,51,6655
0.04553791135549545,0.04553791135549545,52,6783
0.045028120279312134,0.045028120279312134,53,6911
0.04705167934298515,0.04705167934298515,54,7039
0.046898435801267624,0.046898435801267624,55,7167
0.04537943750619888,0.04537943750619888,56,7295
0.047672200947999954,0.047672200947999954,57,7423
0.047505080699920654,0.047505080699920654,58,7551
0.046509820967912674,0.046509820967912674,59,7679
0.0447998046875,0.0447998046875,60,7807
0.04547339677810669,0.04547339677810669,61,7935
0.04520030319690704,0.04520030319690704,62,8063
0.04875537008047104,0.04875537008047104,63,8191
0.04596352204680443,0.04596352204680443,64,8319
0.04778917506337166,0.04778917506337166,65,8447
0.049255918711423874,0.049255918711423874,66,8575
0.04738873988389969,0.04738873988389969,67,8703
0.0468604639172554,0.0468604639172554,68,8831
0.04473564773797989,0.04473564773797989,69,8959
0.04616366699337959,0.04616366699337959,70,9087
0.044634804129600525,0.044634804129600525,71,9215
0.04444807022809982,0.04444807022809982,72,9343
0.04739381745457649,0.04739381745457649,73,9471
0.04644491523504257,0.04644491523504257,74,9599
0.04762039706110954,0.04762039706110954,75,9727
0.043643198907375336,0.043643198907375336,76,9855
0.044918254017829895,0.044918254017829895,77,9983
0.04786720499396324,0.04786720499396324,78,10111
0.04428175464272499,0.04428175464272499,79,10239
0.04478767141699791,0.04478767141699791,80,10367
0.044641073793172836,0.044641073793172836,81,10495
0.0435902439057827,0.0435902439057827,82,10623
0.04598251357674599,0.04598251357674599,83,10751
0.04480447992682457,0.04480447992682457,84,10879
0.0430326834321022,0.0430326834321022,85,11007
0.04592188447713852,0.04592188447713852,86,11135
0.04450919106602669,0.04450919106602669,87,11263
0.04715104028582573,0.04715104028582573,88,11391
0.041293371468782425,0.041293371468782425,89,11519
0.04435146972537041,0.04435146972537041,90,11647
0.04381466656923294,0.04381466656923294,91,11775
0.043960392475128174,0.043960392475128174,92,11903
0.042237404733896255,0.042237404733896255,93,12031
0.045620065182447433,0.045620065182447433,94,12159
0.045861538499593735,0.045861538499593735,95,12287
0.044490765780210495,0.044490765780210495,96,12415
0.045432403683662415,0.045432403683662415,97,12543
0.044828370213508606,0.044828370213508606,98,12671
0.04719093441963196,0.04719093441963196,99,12799
0.044858742505311966,0.044858742505311966,100,12927
0.04393448308110237,0.04393448308110237,101,13055
0.044025957584381104,0.044025957584381104,102,13183
0.042112912982702255,0.042112912982702255,103,13311
0.04512370005249977,0.04512370005249977,104,13439
0.04537830501794815,0.04537830501794815,105,13567
0.04332493245601654,0.04332493245601654,106,13695
0.044921208173036575,0.044921208173036575,107,13823
0.04529011994600296,0.04529011994600296,108,13951
0.04515868425369263,0.04515868425369263,109,14079
0.040381673723459244,0.040381673723459244,110,14207
0.04513906314969063,0.04513906314969063,111,14335
0.043854981660842896,0.043854981660842896,112,14463
0.04568535462021828,0.04568535462021828,113,14591
0.04592713341116905,0.04592713341116905,114,14719
0.04399694502353668,0.04399694502353668,115,14847
0.041631780564785004,0.041631780564785004,116,14975
0.04090415686368942,0.04090415686368942,117,15103
0.04470909759402275,0.04470909759402275,118,15231
0.04395955055952072,0.04395955055952072,119,15359
0.04466916248202324,0.04466916248202324,120,15487
0.04405466094613075,0.04405466094613075,121,15615
0.0434315949678421,0.0434315949678421,122,15743
0.04472416639328003,0.04472416639328003,123,15871
0.04308343678712845,0.04308343678712845,124,15999
0.04392983391880989,0.04392983391880989,125,16127
0.04470551386475563,0.04470551386475563,126,16255
0.04082375019788742,0.04082375019788742,127,16383
0.04222351685166359,0.04222351685166359,128,16511
0.044746238738298416,0.044746238738298416,129,16639
0.043078090995550156,0.043078090995550156,130,16767
0.043065041303634644,0.043065041303634644,131,16895
0.04155953601002693,0.04155953601002693,132,17023
0.04029611870646477,0.04029611870646477,133,17151
0.04201148450374603,0.04201148450374603,134,17279
0.042141493409872055,0.042141493409872055,135,17407
0.044361162930727005,0.044361162930727005,136,17535
0.04325992614030838,0.04325992614030838,137,17663
0.04109065607190132,0.04109065607190132,138,17791
0.045495565980672836,0.045495565980672836,139,17919
0.04187590256333351,0.04187590256333351,140,18047
0.04188060387969017,0.04188060387969017,141,18175
0.04655509442090988,0.04655509442090988,142,18303
0.04466690123081207,0.04466690123081207,143,18431
0.0440545491874218,0.0440545491874218,144,18559
0.0432770773768425,0.0432770773768425,145,18687
0.04201457276940346,0.04201457276940346,146,18815
0.0441422276198864,0.0441422276198864,147,18943
0.041557133197784424,0.041557133197784424,148,19071
0.043522100895643234,0.043522100895643234,149,19199
0.043593630194664,0.043593630194664,150,19327
0.04338283836841583,0.04338283836841583,151,19455
0.04330559819936752,0.04330559819936752,152,19583
0.04513547942042351,0.04513547942042351,153,19711
0.045093219727277756,0.045093219727277756,154,19839
0.0407177209854126,0.0407177209854126,155,19967
0.04488575458526611,0.04488575458526611,156,20095
0.04213399067521095,0.04213399067521095,157,20223
0.042473528534173965,0.042473528534173965,158,20351
0.04254725202918053,0.04254725202918053,159,20479
0.04355870187282562,0.04355870187282562,160,20607
0.043768949806690216,0.043768949806690216,161,20735
0.04253290966153145,0.04253290966153145,162,20863
0.04062975198030472,0.04062975198030472,163,20991
0.04396013543009758,0.04396013543009758,164,21119
0.043641697615385056,0.043641697615385056,165,21247
0.04172654449939728,0.04172654449939728,166,21375
0.04189222306013107,0.04189222306013107,167,21503
0.04013129696249962,0.04013129696249962,168,21631
0.044333674013614655,0.044333674013614655,169,21759
0.04367905855178833,0.04367905855178833,170,21887
0.03876172751188278,0.03876172751188278,171,22015
0.0434265211224556,0.0434265211224556,172,22143
0.044441450387239456,0.044441450387239456,173,22271
0.039825137704610825,0.039825137704610825,174,22399
0.04122370108962059,0.04122370108962059,175,22527
0.042288847267627716,0.042288847267627716,176,22655
0.042357832193374634,0.042357832193374634,177,22783
0.04283744841814041,0.04283744841814041,178,22911
0.04219672083854675,0.04219672083854675,179,23039
0.04414205625653267,0.04414205625653267,180,23167
0.0418197326362133,0.0418197326362133,181,23295
0.04168747738003731,0.04168747738003731,182,23423
0.04374506324529648,0.04374506324529648,183,23551
0.042286526411771774,0.042286526411771774,184,23679
0.04306346923112869,0.04306346923112869,185,23807
0.040457628667354584,0.040457628667354584,186,23935
0.04451104998588562,0.04451104998588562,187,24063
0.04054257273674011,0.04054257273674011,188,24191
0.04242822900414467,0.04242822900414467,189,24319
0.04164230078458786,0.04164230078458786,190,24447
0.04267333075404167,0.04267333075404167,191,24575
0.04235445708036423,0.04235445708036423,192,24703
0.04219477251172066,0.04219477251172066,193,24831
0.041862331330776215,0.041862331330776215,194,24959
0.041879136115312576,0.041879136115312576,195,25087
0.041936516761779785,0.041936516761779785,196,25215
0.041950274258852005,0.041950274258852005,197,25343
0.04266148805618286,0.04266148805618286,198,25471
0.041656073182821274,0.041656073182821274,199,25599
0.04124848544597626,0.04124848544597626,200,25727
0.04193229228258133,0.04193229228258133,201,25855
0.043291591107845306,0.043291591107845306,202,25983
0.04231088235974312,0.04231088235974312,203,26111
0.041737642139196396,0.041737642139196396,204,26239
0.040538638830184937,0.040538638830184937,205,26367
0.043966665863990784,0.043966665863990784,206,26495
0.04125937074422836,0.04125937074422836,207,26623
0.04468027502298355,0.04468027502298355,208,26751
0.043689996004104614,0.043689996004104614,209,26879
0.04108597710728645,0.04108597710728645,210,27007
0.04263252019882202,0.04263252019882202,211,27135
0.04295531287789345,0.04295531287789345,212,27263
0.04325246065855026,0.04325246065855026,213,27391
0.04269490763545036,0.04269490763545036,214,27519
0.04668359458446503,0.04668359458446503,215,27647
0.04141855612397194,0.04141855612397194,216,27775
0.04326552152633667,0.04326552152633667,217,27903
0.04061942920088768,0.04061942920088768,218,28031
0.040413372218608856,0.040413372218608856,219,28159
0.04108007624745369,0.04108007624745369,220,28287
0.04280855134129524,0.04280855134129524,221,28415
0.04137514531612396,0.04137514531612396,222,28543
0.04217606037855148,0.04217606037855148,223,28671
0.04546334967017174,0.04546334967017174,224,28799
0.04210316017270088,0.04210316017270088,225,28927
0.043394628912210464,0.043394628912210464,226,29055
0.0431193932890892,0.0431193932890892,227,29183
0.03940817713737488,0.03940817713737488,228,29311
0.0394117534160614,0.0394117534160614,229,29439
0.04141424223780632,0.04141424223780632,230,29567
0.040842585265636444,0.040842585265636444,231,29695
0.04203649237751961,0.04203649237751961,232,29823
0.042501285672187805,0.042501285672187805,233,29951
0.04180203005671501,0.04180203005671501,234,30079
0.0411156602203846,0.0411156602203846,235,30207
0.04008889198303223,0.04008889198303223,236,30335
0.041681379079818726,0.041681379079818726,237,30463
0.04055599495768547,0.04055599495768547,238,30591
0.04270515218377113,0.04270515218377113,239,30719
0.04249998927116394,0.04249998927116394,240,30847
0.04265905171632767,0.04265905171632767,241,30975
0.040395330637693405,0.040395330637693405,242,31103
0.041890949010849,0.041890949010849,243,31231
0.040732380002737045,0.040732380002737045,244,31359
0.04062671214342117,0.04062671214342117,245,31487
0.04250551760196686,0.04250551760196686,246,31615
0.044298943132162094,0.044298943132162094,247,31743
0.04039403051137924,0.04039403051137924,248,31871
0.04157372936606407,0.04157372936606407,249,31999
0.04284749552607536,0.04284749552607536,250,32127
0.04158725216984749,0.04158725216984749,251,32255
0.042090270668268204,0.042090270668268204,252,32383
0.04343346133828163,0.04343346133828163,253,32511
0.039411526173353195,0.039411526173353195,254,32639
0.04152575135231018,0.04152575135231018,255,32767
0.03945261240005493,0.03945261240005493,256,32895
0.041978269815444946,0.041978269815444946,257,33023
0.042236775159835815,0.042236775159835815,258,33151
0.0422101691365242,0.0422101691365242,259,33279
0.04390877112746239,0.04390877112746239,260,33407
0.04137002304196358,0.04137002304196358,261,33535
0.04102083668112755,0.04102083668112755,262,33663
0.04276660084724426,0.04276660084724426,263,33791
0.04049069806933403,0.04049069806933403,264,33919
0.04252391681075096,0.04252391681075096,265,34047
0.0423685759305954,0.0423685759305954,266,34175
0.04065892472863197,0.04065892472863197,267,34303
0.044183120131492615,0.044183120131492615,268,34431
0.04087130352854729,0.04087130352854729,269,34559
0.04178798943758011,0.04178798943758011,270,34687
0.0436088964343071,0.0436088964343071,271,34815
0.04172498360276222,0.04172498360276222,272,34943
0.04149903357028961,0.04149903357028961,273,35071
0.03957127034664154,0.03957127034664154,274,35199
0.040467891842126846,0.040467891842126846,275,35327
0.0419188030064106,0.0419188030064106,276,35455
0.03984012082219124,0.03984012082219124,277,35583
0.04059341177344322,0.04059341177344322,278,35711
0.04308107867836952,0.04308107867836952,279,35839
0.04168855398893356,0.04168855398893356,280,35967
0.04080387204885483,0.04080387204885483,281,36095
0.04070441052317619,0.04070441052317619,282,36223
0.041438713669776917,0.041438713669776917,283,36351
0.03901561722159386,0.03901561722159386,284,36479
0.04197856783866882,0.04197856783866882,285,36607
0.04057418927550316,0.04057418927550316,286,36735
0.04103073850274086,0.04103073850274086,287,36863
0.0407639779150486,0.0407639779150486,288,36991
0.04094565287232399,0.04094565287232399,289,37119
0.04014797508716583,0.04014797508716583,290,37247
0.04114948585629463,0.04114948585629463,291,37375
0.042495302855968475,0.042495302855968475,292,37503
0.04041410610079765,0.04041410610079765,293,37631
0.042892299592494965,0.042892299592494965,294,37759
0.03920377418398857,0.03920377418398857,295,37887
0.040868982672691345,0.040868982672691345,296,38015
0.041531242430210114,0.041531242430210114,297,38143
0.03952578455209732,0.03952578455209732,298,38271
0.040009692311286926,0.040009692311286926,299,38399
0.04164499416947365,0.04164499416947365,300,38527
0.04146589711308479,0.04146589711308479,301,38655
0.04012223705649376,0.04012223705649376,302,38783
0.04210741072893143,0.04210741072893143,303,38911
0.03953057527542114,0.03953057527542114,304,39039
0.03965485095977783,0.03965485095977783,305,39167
0.040545523166656494,0.040545523166656494,306,39295
0.03933613747358322,0.03933613747358322,307,39423
0.041138216853141785,0.041138216853141785,308,39551
0.041392549872398376,0.041392549872398376,309,39679
0.04300469160079956,0.04300469160079956,310,39807
0.0408407561480999,0.0408407561480999,311,39935
0.040323201566934586,0.040323201566934586,312,40063
0.0431852862238884,0.0431852862238884,313,40191
0.04171621426939964,0.04171621426939964,314,40319
0.04061755910515785,0.04061755910515785,315,40447
0.04137350618839264,0.04137350618839264,316,40575
0.04344000294804573,0.04344000294804573,317,40703
0.04230567440390587,0.04230567440390587,318,40831
0.04227236285805702,0.04227236285805702,319,40959
0.040663085877895355,0.040663085877895355,320,41087
0.03908941149711609,0.03908941149711609,321,41215
0.04159046709537506,0.04159046709537506,322,41343
0.0402020663022995,0.0402020663022995,323,41471
0.04005786031484604,0.04005786031484604,324,41599
0.04058733582496643,0.04058733582496643,325,41727
0.04198786988854408,0.04198786988854408,326,41855
0.039058003574609756,0.039058003574609756,327,41983
0.04041973501443863,0.04041973501443863,328,42111
0.0430043525993824,0.0430043525993824,329,42239
0.04275144264101982,0.04275144264101982,330,42367
0.040251724421978,0.040251724421978,331,42495
0.04258844256401062,0.04258844256401062,332,42623
0.04226168617606163,0.04226168617606163,333,42751
0.04033323749899864,0.04033323749899864,334,42879
0.0413283072412014,0.0413283072412014,335,43007
0.04105794057250023,0.04105794057250023,336,43135
0.040024299174547195,0.040024299174547195,337,43263
0.04329423978924751,0.04329423978924751,338,43391
0.03981178626418114,0.03981178626418114,339,43519
0.04010375216603279,0.04010375216603279,340,43647
0.04116303473711014,0.04116303473711014,341,43775
0.03973914310336113,0.03973914310336113,342,43903
0.040133386850357056,0.040133386850357056,343,44031
0.04116755351424217,0.04116755351424217,344,44159
0.039399053901433945,0.039399053901433945,345,44287
0.04173550754785538,0.04173550754785538,346,44415
0.03973447531461716,0.03973447531461716,347,44543
0.0411762110888958,0.0411762110888958,348,44671
0.04012983664870262,0.04012983664870262,349,44799
0.040663983672857285,0.040663983672857285,350,44927
0.043840281665325165,0.043840281665325165,351,45055
0.04020119458436966,0.04020119458436966,352,45183
0.040893614292144775,0.040893614292144775,353,45311
0.04059574007987976,0.04059574007987976,354,45439
0.04039355739951134,0.04039355739951134,355,45567
0.04024277999997139,0.04024277999997139,356,45695
0.042207665741443634,0.042207665741443634,357,45823
0.04121048375964165,0.04121048375964165,358,45951
0.03960133716464043,0.03960133716464043,359,46079
0.041845742613077164,0.041845742613077164,360,46207
0.04052671790122986,0.04052671790122986,361,46335
0.04049934446811676,0.04049934446811676,362,46463
0.04184945300221443,0.04184945300221443,363,46591
0.039740968495607376,0.039740968495607376,364,46719
0.04005834832787514,0.04005834832787514,365,46847
0.040530916303396225,0.040530916303396225,366,46975
0.041044000536203384,0.041044000536203384,367,47103
0.04127838835120201,0.04127838835120201,368,47231
0.03956703469157219,0.03956703469157219,369,47359
0.04264084994792938,0.04264084994792938,370,47487
0.04007325321435928,0.04007325321435928,371,47615
0.041083648800849915,0.041083648800849915,372,47743
0.038368139415979385,0.038368139415979385,373,47871
0.04243255779147148,0.04243255779147148,374,47999
0.04139767959713936,0.04139767959713936,375,48127
0.04181300848722458,0.04181300848722458,376,48255
0.03995192050933838,0.03995192050933838,377,48383
0.041740093380212784,0.041740093380212784,378,48511
0.03796859830617905,0.03796859830617905,379,48639
0.04112192243337631,0.04112192243337631,380,48767
0.03991299122571945,0.03991299122571945,381,48895
0.040245670825242996,0.040245670825242996,382,49023
0.042694151401519775,0.042694151401519775,383,49151
0.040550053119659424,0.040550053119659424,384,49279
0.04009802266955376,0.04009802266955376,385,49407
0.0402291938662529,0.0402291938662529,386,49535
0.04064321145415306,0.04064321145415306,387,49663
0.039580754935741425,0.039580754935741425,388,49791
0.04005999490618706,0.04005999490618706,389,49919
0.04163153097033501,0.04163153097033501,390,50047
0.04067620635032654,0.04067620635032654,391,50175
0.03838888928294182,0.03838888928294182,392,50303
0.04262442886829376,0.04262442886829376,393,50431
0.04238506034016609,0.04238506034016609,394,50559
0.037797003984451294,0.037797003984451294,395,50687
0.04044913873076439,0.04044913873076439,396,50815
0.04118717089295387,0.04118717089295387,397,50943
0.04192566126585007,0.04192566126585007,398,51071
0.04005473479628563,0.04005473479628563,399,51199
0.03864489123225212,0.03864489123225212,400,51327
0.041114725172519684,0.041114725172519684,401,51455
0.043072354048490524,0.043072354048490524,402,51583
0.039310768246650696,0.039310768246650696,403,51711
0.04158728942275047,0.04158728942275047,404,51839
0.042128533124923706,0.042128533124923706,405,51967
0.04062323644757271,0.04062323644757271,406,52095
0.04079514369368553,0.04079514369368553,407,52223
0.041502512991428375,0.041502512991428375,408,52351
0.04008673131465912,0.04008673131465912,409,52479
0.040928516536951065,0.040928516536951065,410,52607
0.039460353553295135,0.039460353553295135,411,52735
0.039724692702293396,0.039724692702293396,412,52863
0.04180072620511055,0.04180072620511055,413,52991
0.0416332446038723,0.0416332446038723,414,53119
0.04157553240656853,0.04157553240656853,415,53247
0.039764393121004105,0.039764393121004105,416,53375
0.040021974593400955,0.040021974593400955,417,53503
0.04177899658679962,0.04177899658679962,418,53631
0.040843185037374496,0.040843185037374496,419,53759
0.03996691852807999,0.03996691852807999,420,53887
0.042420048266649246,0.042420048266649246,421,54015
0.040892139077186584,0.040892139077186584,422,54143
0.04151739552617073,0.04151739552617073,423,54271
0.040440045297145844,0.040440045297145844,424,54399
0.04093964025378227,0.04093964025378227,425,54527
0.038243237882852554,0.038243237882852554,426,54655
0.039724066853523254,0.039724066853523254,427,54783
0.04059335216879845,0.04059335216879845,428,54911
0.040608059614896774,0.040608059614896774,429,55039
0.04187072813510895,0.04187072813510895,430,55167
0.04123939946293831,0.04123939946293831,431,55295
0.041455190628767014,0.041455190628767014,432,55423
0.038517147302627563,0.038517147302627563,433,55551
0.03912319988012314,0.03912319988012314,434,55679
0.039734646677970886,0.039734646677970886,435,55807
0.04081836715340614,0.04081836715340614,436,55935
0.04073737561702728,0.04073737561702728,437,56063
0.03950894996523857,0.03950894996523857,438,56191
0.0422353595495224,0.0422353595495224,439,56319
0.03899748995900154,0.03899748995900154,440,56447
0.04013211652636528,0.04013211652636528,441,56575
0.040918368846178055,0.040918368846178055,442,56703
0.0392489917576313,0.0392489917576313,443,56831
0.04107704758644104,0.04107704758644104,444,56959
0.03951907902956009,0.03951907902956009,445,57087
0.039859894663095474,0.039859894663095474,446,57215
0.04038601741194725,0.04038601741194725,447,57343
0.03935705125331879,0.03935705125331879,448,57471
0.04029030352830887,0.04029030352830887,449,57599
0.04217885062098503,0.04217885062098503,450,57727
0.04276960343122482,0.04276960343122482,451,57855
0.041405536234378815,0.041405536234378815,452,57983
0.04234493523836136,0.04234493523836136,453,58111
0.039264287799596786,0.039264287799596786,454,58239
0.03998233377933502,0.03998233377933502,455,58367
0.04010835662484169,0.04010835662484169,456,58495
0.04063090682029724,0.04063090682029724,457,58623
0.04021255299448967,0.04021255299448967,458,58751
0.0423092246055603,0.0423092246055603,459,58879
0.04000163450837135,0.04000163450837135,460,59007
0.0431063212454319,0.0431063212454319,461,59135
0.03979262709617615,0.03979262709617615,462,59263
0.04387074336409569,0.04387074336409569,463,59391
0.04001786932349205,0.04001786932349205,464,59519
0.04127511382102966,0.04127511382102966,465,59647
0.03987613692879677,0.03987613692879677,466,59775
0.03855326771736145,0.03855326771736145,467,59903
0.04230179265141487,0.04230179265141487,468,60031
0.04127814248204231,0.04127814248204231,469,60159
0.04048148915171623,0.04048148915171623,470,60287
0.041564736515283585,0.041564736515283585,471,60415
0.03973336145281792,0.03973336145281792,472,60543
0.041435606777668,0.041435606777668,473,60671
0.038639504462480545,0.038639504462480545,474,60799
0.042626332491636276,0.042626332491636276,475,60927
0.041823308914899826,0.041823308914899826,476,61055
0.04103560373187065,0.04103560373187065,477,61183
0.03957340866327286,0.03957340866327286,478,61311
0.04026174172759056,0.04026174172759056,479,61439
0.04068288952112198,0.04068288952112198,480,61567
0.038688916712999344,0.038688916712999344,481,61695
0.040045738220214844,0.040045738220214844,482,61823
0.04042861610651016,0.04042861610651016,483,61951
0.04145645722746849,0.04145645722746849,484,62079
0.039443276822566986,0.039443276822566986,485,62207
0.04004231467843056,0.04004231467843056,486,62335
0.04090636968612671,0.04090636968612671,487,62463
0.04156011715531349,0.04156011715531349,488,62591
0.04134935140609741,0.04134935140609741,489,62719
0.041894491761922836,0.041894491761922836,490,62847
0.038161758333444595,0.038161758333444595,491,62975
0.038626596331596375,0.038626596331596375,492,63103
0.042040567845106125,0.042040567845106125,493,63231
0.03909657523036003,0.03909657523036003,494,63359
0.0396791473031044,0.0396791473031044,495,63487
0.04109647870063782,0.04109647870063782,496,63615
0.0418885312974453,0.0418885312974453,497,63743
0.03833147883415222,0.03833147883415222,498,63871
0.042540043592453,0.042540043592453,499,63999
0.04061152786016464,0.04061152786016464,500,64127
0.041178975254297256,0.041178975254297256,501,64255
0.04032205417752266,0.04032205417752266,502,64383
0.04073713347315788,0.04073713347315788,503,64511
0.04005245491862297,0.04005245491862297,504,64639
0.03922050818800926,0.03922050818800926,505,64767
0.04141262546181679,0.04141262546181679,506,64895
0.040070805698633194,0.040070805698633194,507,65023
0.03711246699094772,0.03711246699094772,508,65151
0.04001038148999214,0.04001038148999214,509,65279
0.03968753293156624,0.03968753293156624,510,65407
0.03950256481766701,0.03950256481766701,511,65535
0.040679264813661575,0.040679264813661575,512,65663
0.04226943477988243,0.04226943477988243,513,65791
0.0419640876352787,0.0419640876352787,514,65919
0.040000881999731064,0.040000881999731064,515,66047
0.03844555839896202,0.03844555839896202,516,66175
0.03765241801738739,0.03765241801738739,517,66303
0.040028467774391174,0.040028467774391174,518,66431
0.03828662633895874,0.03828662633895874,519,66559
0.03989802673459053,0.03989802673459053,520,66687
0.03877290338277817,0.03877290338277817,521,66815
0.03825324401259422,0.03825324401259422,522,66943
0.04043537378311157,0.04043537378311157,523,67071
0.04070062190294266,0.04070062190294266,524,67199
0.040492355823516846,0.040492355823516846,525,67327
0.0376504510641098,0.0376504510641098,526,67455
0.03980104997754097,0.03980104997754097,527,67583
0.03994923084974289,0.03994923084974289,528,67711
0.038506511598825455,0.038506511598825455,529,67839
0.03987392410635948,0.03987392410635948,530,67967
0.04050769656896591,0.04050769656896591,531,68095
0.042521893978118896,0.042521893978118896,532,68223
0.04030890762805939,0.04030890762805939,533,68351
0.039958372712135315,0.039958372712135315,534,68479
0.04147549346089363,0.04147549346089363,535,68607
0.04142317175865173,0.04142317175865173,536,68735
0.04207312688231468,0.04207312688231468,537,68863
0.04074392467737198,0.04074392467737198,538,68991
0.038074251264333725,0.038074251264333725,539,69119
0.03975285589694977,0.03975285589694977,540,69247
0.040817517787218094,0.040817517787218094,541,69375
0.04043535143136978,0.04043535143136978,542,69503
0.03986369073390961,0.03986369073390961,543,69631
0.041243698447942734,0.041243698447942734,544,69759
0.04014701023697853,0.04014701023697853,545,69887
0.040291085839271545,0.040291085839271545,546,70015
0.040014348924160004,0.040014348924160004,547,70143
0.038347139954566956,0.038347139954566956,548,70271
0.03945109248161316,0.03945109248161316,549,70399
0.04075971245765686,0.04075971245765686,550,70527
0.04093363881111145,0.04093363881111145,551,70655
0.039631932973861694,0.039631932973861694,552,70783
0.039425406605005264,0.039425406605005264,553,70911
0.04068953916430473,0.04068953916430473,554,71039
0.039827860891819,0.039827860891819,555,71167
0.039128709584474564,0.039128709584474564,556,71295
0.03932477906346321,0.03932477906346321,557,71423
0.039865266531705856,0.039865266531705856,558,71551
0.04021819680929184,0.04021819680929184,559,71679
0.03913905844092369,0.03913905844092369,560,71807
0.03836805000901222,0.03836805000901222,561,71935
0.040464382618665695,0.040464382618665695,562,72063
0.03995044156908989,0.03995044156908989,563,72191
0.04026209935545921,0.04026209935545921,564,72319
0.03833658993244171,0.03833658993244171,565,72447
0.038180943578481674,0.038180943578481674,566,72575
0.03924301639199257,0.03924301639199257,567,72703
0.03962453827261925,0.03962453827261925,568,72831
0.042429469525814056,0.042429469525814056,569,72959
0.04005591571331024,0.04005591571331024,570,73087
0.039100416004657745,0.039100416004657745,571,73215
0.04111473634839058,0.04111473634839058,572,73343
0.03869666904211044,0.03869666904211044,573,73471
0.038278210908174515,0.038278210908174515,574,73599
0.03725353628396988,0.03725353628396988,575,73727
0.04060117155313492,0.04060117155313492,576,73855
0.04182923585176468,0.04182923585176468,577,73983
0.04055926576256752,0.04055926576256752,578,74111
0.040189824998378754,0.040189824998378754,579,74239
0.040263742208480835,0.040263742208480835,580,74367
0.04053090140223503,0.04053090140223503,581,74495
0.04162529855966568,0.04162529855966568,582,74623
0.03858914598822594,0.03858914598822594,583,74751
0.04004090651869774,0.04004090651869774,584,74879
0.0396268256008625,0.0396268256008625,585,75007
0.04374954476952553,0.04374954476952553,586,75135
0.040040090680122375,0.040040090680122375,587,75263
0.040341757237911224,0.040341757237911224,588,75391
0.03904097527265549,0.03904097527265549,589,75519
0.043131276965141296,0.043131276965141296,590,75647
0.04153672978281975,0.04153672978281975,591,75775
0.03663244843482971,0.03663244843482971,592,75903
0.03957273066043854,0.03957273066043854,593,76031
0.039634302258491516,0.039634302258491516,594,76159
0.04147979989647865,0.04147979989647865,595,76287
0.03785046935081482,0.03785046935081482,596,76415
0.03821464255452156,0.03821464255452156,597,76543
0.03906811401247978,0.03906811401247978,598,76671
0.03792416676878929,0.03792416676878929,599,76799
0.03929439187049866,0.03929439187049866,600,76927
0.040313493460416794,0.040313493460416794,601,77055
0.03932413086295128,0.03932413086295128,602,77183
0.03977383300662041,0.03977383300662041,603,77311
0.04101294279098511,0.04101294279098511,604,77439
0.0410403348505497,0.0410403348505497,605,77567
0.04290798678994179,0.04290798678994179,606,77695
0.038080304861068726,0.038080304861068726,607,77823
0.0424523763358593,0.0424523763358593,608,77951
0.04185894504189491,0.04185894504189491,609,78079
0.03908223286271095,0.03908223286271095,610,78207
0.03910113126039505,0.03910113126039505,611,78335
0.03970332816243172,0.03970332816243172,612,78463
0.04022044315934181,0.04022044315934181,613,78591
0.039537910372018814,0.039537910372018814,614,78719
0.03992844000458717,0.03992844000458717,615,78847
0.040613073855638504,0.040613073855638504,616,78975
0.03979986160993576,0.03979986160993576,617,79103
0.04039052128791809,0.04039052128791809,618,79231
0.04005055129528046,0.04005055129528046,619,79359
0.03995706886053085,0.03995706886053085,620,79487
0.04068315401673317,0.04068315401673317,621,79615
0.03951634094119072,0.03951634094119072,622,79743
0.04113898053765297,0.04113898053765297,623,79871
0.036716315895318985,0.036716315895318985,624,79999
0.04054638370871544,0.04054638370871544,625,80127
0.04016158729791641,0.04016158729791641,626,80255
0.03918169438838959,0.03918169438838959,627,80383
0.03973400592803955,0.03973400592803955,628,80511
0.040595438331365585,0.040595438331365585,629,80639
0.03949350491166115,0.03949350491166115,630,80767
0.039112817496061325,0.039112817496061325,631,80895
0.04211661219596863,0.04211661219596863,632,81023
0.038457535207271576,0.038457535207271576,633,81151
0.03989296779036522,0.03989296779036522,634,81279
0.040402110666036606,0.040402110666036606,635,81407
0.03742383420467377,0.03742383420467377,636,81535
0.03928022459149361,0.03928022459149361,637,81663
0.03910672664642334,0.03910672664642334,638,81791
0.038551006466150284,0.038551006466150284,639,81919
0.04030546545982361,0.04030546545982361,640,82047
0.03979099541902542,0.03979099541902542,641,82175
0.040031298995018005,0.040031298995018005,642,82303
0.04168512299656868,0.04168512299656868,643,82431
0.039196692407131195,0.039196692407131195,644,82559
0.039573170244693756,0.039573170244693756,645,82687
0.04060044512152672,0.04060044512152672,646,82815
0.036280784755945206,0.036280784755945206,647,82943
0.04078890383243561,0.04078890383243561,648,83071
0.03892599418759346,0.03892599418759346,649,83199
0.04159751161932945,0.04159751161932945,650,83327
0.03901127725839615,0.03901127725839615,651,83455
0.04008851945400238,0.04008851945400238,652,83583
0.0388084277510643,0.0388084277510643,653,83711
0.04169313609600067,0.04169313609600067,654,83839
0.04268651083111763,0.04268651083111763,655,83967
0.04333727806806564,0.04333727806806564,656,84095
0.03997737169265747,0.03997737169265747,657,84223
0.03928903117775917,0.03928903117775917,658,84351
0.03940240666270256,0.03940240666270256,659,84479
0.03729240596294403,0.03729240596294403,660,84607
0.03848743438720703,0.03848743438720703,661,84735
0.04097900539636612,0.04097900539636612,662,84863
0.04015251621603966,0.04015251621603966,663,84991
0.04231791943311691,0.04231791943311691,664,85119
0.04061354696750641,0.04061354696750641,665,85247
0.038896434009075165,0.038896434009075165,666,85375
0.03871004655957222,0.03871004655957222,667,85503
0.0386502668261528,0.0386502668261528,668,85631
0.03998633101582527,0.03998633101582527,669,85759
0.03865257650613785,0.03865257650613785,670,85887
0.04145515337586403,0.04145515337586403,671,86015
0.041120607405900955,0.041120607405900955,672,86143
0.03847149759531021,0.03847149759531021,673,86271
0.04221932590007782,0.04221932590007782,674,86399
0.038373738527297974,0.038373738527297974,675,86527
0.03963793069124222,0.03963793069124222,676,86655
0.03865842893719673,0.03865842893719673,677,86783
0.04077102988958359,0.04077102988958359,678,86911
0.03919852524995804,0.03919852524995804,679,87039
0.039635222405195236,0.039635222405195236,680,87167
0.04156848043203354,0.04156848043203354,681,87295
0.037506990134716034,0.037506990134716034,682,87423
0.04218529909849167,0.04218529909849167,683,87551
0.03775292634963989,0.03775292634963989,684,87679
0.037650350481271744,0.037650350481271744,685,87807
0.03967524692416191,0.03967524692416191,686,87935
0.03725619241595268,0.03725619241595268,687,88063
0.03988506272435188,0.03988506272435188,688,88191
0.03897176310420036,0.03897176310420036,689,88319
0.04100000485777855,0.04100000485777855,690,88447
0.038339097052812576,0.038339097052812576,691,88575
0.03982613980770111,0.03982613980770111,692,88703
0.03978612646460533,0.03978612646460533,693,88831
0.04153738170862198,0.04153738170862198,694,88959
0.03960830345749855,0.03960830345749855,695,89087
0.03945246338844299,0.03945246338844299,696,89215
0.03986688330769539,0.03986688330769539,697,89343
0.039839331060647964,0.039839331060647964,698,89471
0.03876437991857529,0.03876437991857529,699,89599
0.03932412713766098,0.03932412713766098,700,89727
0.038436081260442734,0.038436081260442734,701,89855
0.03962681442499161,0.03962681442499161,702,89983
0.04093124717473984,0.04093124717473984,703,90111
0.03852720558643341,0.03852720558643341,704,90239
0.040153663605451584,0.040153663605451584,705,90367
0.040445905178785324,0.040445905178785324,706,90495
0.04149692878127098,0.04149692878127098,707,90623
0.04104646295309067,0.04104646295309067,708,90751
0.038669224828481674,0.038669224828481674,709,90879
0.03778430074453354,0.03778430074453354,710,91007
0.04150093346834183,0.04150093346834183,711,91135
0.04101556912064552,0.04101556912064552,712,91263
0.03984225168824196,0.03984225168824196,713,91391
0.039813268929719925,0.039813268929719925,714,91519
0.038893599063158035,0.038893599063158035,715,91647
0.03848999738693237,0.03848999738693237,716,91775
0.037944246083498,0.037944246083498,717,91903
0.040504902601242065,0.040504902601242065,718,92031
0.03771023452281952,0.03771023452281952,719,92159
0.040817197412252426,0.040817197412252426,720,92287
0.03730984777212143,0.03730984777212143,721,92415
0.03795650601387024,0.03795650601387024,722,92543
0.037865009158849716,0.037865009158849716,723,92671
0.04220673069357872,0.04220673069357872,724,92799
0.04088547080755234,0.04088547080755234,725,92927
0.03896894305944443,0.03896894305944443,726,93055
0.039494555443525314,0.039494555443525314,727,93183
0.038785114884376526,0.038785114884376526,728,93311
0.040431391447782516,0.040431391447782516,729,93439
0.03770405054092407,0.03770405054092407,730,93567
0.040566109120845795,0.040566109120845795,731,93695
0.038575828075408936,0.038575828075408936,732,93823
0.037237685173749924,0.037237685173749924,733,93951
0.03932762145996094,0.03932762145996094,734,94079
0.04210582748055458,0.04210582748055458,735,94207
0.04031602293252945,0.04031602293252945,736,94335
0.041130151599645615,0.041130151599645615,737,94463
0.037748996168375015,0.037748996168375015,738,94591
0.040029317140579224,0.040029317140579224,739,94719
0.03791554644703865,0.03791554644703865,740,94847
0.036882102489471436,0.036882102489471436,741,94975
0.03792539983987808,0.03792539983987808,742,95103
0.04042986035346985,0.04042986035346985,743,95231
0.03920017555356026,0.03920017555356026,744,95359
0.03933733329176903,0.03933733329176903,745,95487
0.04030490666627884,0.04030490666627884,746,95615
0.040076181292533875,0.040076181292533875,747,95743
0.04029051959514618,0.04029051959514618,748,95871
0.03674287348985672,0.03674287348985672,749,95999
0.03859845548868179,0.03859845548868179,750,96127
0.03864022716879845,0.03864022716879845,751,96255
0.04101910814642906,0.04101910814642906,752,96383
0.03957801312208176,0.03957801312208176,753,96511
0.037765953689813614,0.037765953689813614,754,96639
0.04000762477517128,0.04000762477517128,755,96767
0.04011759161949158,0.04011759161949158,756,96895
0.04040658473968506,0.04040658473968506,757,97023
0.039400387555360794,0.039400387555360794,758,97151
0.042051248252391815,0.042051248252391815,759,97279
0.04132496938109398,0.04132496938109398,760,97407
0.039815038442611694,0.039815038442611694,761,97535
0.043937113136053085,0.043937113136053085,762,97663
0.040801409631967545,0.040801409631967545,763,97791
0.039263322949409485,0.039263322949409485,764,97919
0.03879815340042114,0.03879815340042114,765,98047
0.03962208330631256,0.03962208330631256,766,98175
0.03759390488266945,0.03759390488266945,767,98303
0.0390939898788929,0.0390939898788929,768,98431
0.04018886387348175,0.04018886387348175,769,98559
0.03943228721618652,0.03943228721618652,770,98687
0.03961038216948509,0.03961038216948509,771,98815
0.037915509194135666,0.037915509194135666,772,98943
0.039735097438097,0.039735097438097,773,99071
0.038215164095163345,0.038215164095163345,774,99199
0.04049644619226456,0.04049644619226456,775,99327
0.038483165204524994,0.038483165204524994,776,99455
0.0380941778421402,0.0380941778421402,777,99583
0.039040885865688324,0.039040885865688324,778,99711
0.03731900081038475,0.03731900081038475,779,99839
0.03966391831636429,0.03966391831636429,780,99967
0.03860163688659668,0.03860163688659668,781,100095
0.04092027619481087,0.04092027619481087,782,100223
0.04000765085220337,0.04000765085220337,783,100351
0.037436336278915405,0.037436336278915405,784,100479
0.040094565600156784,0.040094565600156784,785,100607
0.041433390229940414,0.041433390229940414,786,100735
0.041902441531419754,0.041902441531419754,787,100863
0.037901632487773895,0.037901632487773895,788,100991
0.03818632662296295,0.03818632662296295,789,101119
0.039479829370975494,0.039479829370975494,790,101247
0.0410136878490448,0.0410136878490448,791,101375
0.039635006338357925,0.039635006338357925,792,101503
0.040357861667871475,0.040357861667871475,793,101631
0.03907693177461624,0.03907693177461624,794,101759
0.03985348716378212,0.03985348716378212,795,101887
0.037564799189567566,0.037564799189567566,796,102015
0.04104708135128021,0.04104708135128021,797,102143
0.03896090388298035,0.03896090388298035,798,102271
0.03954780846834183,0.03954780846834183,799,102399
0.03977730870246887,0.03977730870246887,800,102527
0.03826237842440605,0.03826237842440605,801,102655
0.03921746090054512,0.03921746090054512,802,102783
0.04129239171743393,0.04129239171743393,803,102911
0.04136721044778824,0.04136721044778824,804,103039
0.03825221583247185,0.03825221583247185,805,103167
0.041070736944675446,0.041070736944675446,806,103295
0.03916846215724945,0.03916846215724945,807,103423
0.04086978733539581,0.04086978733539581,808,103551
0.03673051297664642,0.03673051297664642,809,103679
0.04266506806015968,0.04266506806015968,810,103807
0.041706595569849014,0.041706595569849014,811,103935
0.037242598831653595,0.037242598831653595,812,104063
0.039159953594207764,0.039159953594207764,813,104191
0.040862638503313065,0.040862638503313065,814,104319
0.03649119287729263,0.03649119287729263,815,104447
0.0386478565633297,0.0386478565633297,816,104575
0.03957880288362503,0.03957880288362503,817,104703
0.03741370141506195,0.03741370141506195,818,104831
0.0419633649289608,0.0419633649289608,819,104959
0.037276580929756165,0.037276580929756165,820,105087
0.04136009141802788,0.04136009141802788,821,105215
0.03879941999912262,0.03879941999912262,822,105343
0.04038804769515991,0.04038804769515991,823,105471
0.038168780505657196,0.038168780505657196,824,105599
0.0392809733748436,0.0392809733748436,825,105727
0.039065275341272354,0.039065275341272354,826,105855
0.03938433527946472,0.03938433527946472,827,105983
0.04124567657709122,0.04124567657709122,828,106111
0.039795178920030594,0.039795178920030594,829,106239
0.03715294599533081,0.03715294599533081,830,106367
0.03971460834145546,0.03971460834145546,831,106495
0.037799905985593796,0.037799905985593796,832,106623
0.041888345032930374,0.041888345032930374,833,106751
0.04041154682636261,0.04041154682636261,834,106879
0.0375911220908165,0.0375911220908165,835,107007
0.04032410308718681,0.04032410308718681,836,107135
0.038288358598947525,0.038288358598947525,837,107263
0.03848250210285187,0.03848250210285187,838,107391
0.03977522253990173,0.03977522253990173,839,107519
0.037878211587667465,0.037878211587667465,840,107647
0.039476074278354645,0.039476074278354645,841,107775
0.03991195932030678,0.03991195932030678,842,107903
0.03867603838443756,0.03867603838443756,843,108031
0.03989870846271515,0.03989870846271515,844,108159
0.038613077253103256,0.038613077253103256,845,108287
0.03882138058543205,0.03882138058543205,846,108415
0.03961919620633125,0.03961919620633125,847,108543
0.03741557523608208,0.03741557523608208,848,108671
0.038243334740400314,0.038243334740400314,849,108799
0.037730805575847626,0.037730805575847626,850,108927
0.04077955707907677,0.04077955707907677,851,109055
0.039084047079086304,0.039084047079086304,852,109183
0.041085731238126755,0.041085731238126755,853,109311
0.04284123331308365,0.04284123331308365,854,109439
0.037684496492147446,0.037684496492147446,855,109567
0.03952847048640251,0.03952847048640251,856,109695
0.03794710338115692,0.03794710338115692,857,109823
0.039681773632764816,0.039681773632764816,858,109951
0.0390879288315773,0.0390879288315773,859,110079
0.03811041638255119,0.03811041638255119,860,110207
0.03748916834592819,0.03748916834592819,861,110335
0.03932259604334831,0.03932259604334831,862,110463
0.04035433381795883,0.04035433381795883,863,110591
0.04130058363080025,0.04130058363080025,864,110719
0.03895502910017967,0.03895502910017967,865,110847
0.0390205979347229,0.0390205979347229,866,110975
0.04104454815387726,0.04104454815387726,867,111103
0.04057224094867706,0.04057224094867706,868,111231
0.03928053379058838,0.03928053379058838,869,111359
0.03851712495088577,0.03851712495088577,870,111487
0.0403873585164547,0.0403873585164547,871,111615
0.040053173899650574,0.040053173899650574,872,111743
0.04144684225320816,0.04144684225320816,873,111871
0.03988966718316078,0.03988966718316078,874,111999
0.03781633451581001,0.03781633451581001,875,112127
0.037460118532180786,0.037460118532180786,876,112255
0.04042284935712814,0.04042284935712814,877,112383
0.04097206890583038,0.04097206890583038,878,112511
0.03981785476207733,0.03981785476207733,879,112639
0.03766126185655594,0.03766126185655594,880,112767
0.03797365352511406,0.03797365352511406,881,112895
0.039831455796957016,0.039831455796957016,882,113023
0.03819277510046959,0.03819277510046959,883,113151
0.03956654667854309,0.03956654667854309,884,113279
0.04023372754454613,0.04023372754454613,885,113407
0.03830051049590111,0.03830051049590111,886,113535
0.038167327642440796,0.038167327642440796,887,113663
0.040235042572021484,0.040235042572021484,888,113791
0.03927888348698616,0.03927888348698616,889,113919
0.04045822098851204,0.04045822098851204,890,114047
0.03839954733848572,0.03839954733848572,891,114175
0.041152358055114746,0.041152358055114746,892,114303
0.03942503035068512,0.03942503035068512,893,114431
0.04131469130516052,0.04131469130516052,894,114559
0.04053383320569992,0.04053383320569992,895,114687
0.04133513569831848,0.04133513569831848,896,114815
0.03865326941013336,0.03865326941013336,897,114943
0.041061583906412125,0.041061583906412125,898,115071
0.03840601444244385,0.03840601444244385,899,115199
0.03798523545265198,0.03798523545265198,900,115327
0.04197163134813309,0.04197163134813309,901,115455
0.03939863666892052,0.03939863666892052,902,115583
0.0372895747423172,0.0372895747423172,903,115711
0.04051019623875618,0.04051019623875618,904,115839
0.04104102775454521,0.04104102775454521,905,115967
0.03684353083372116,0.03684353083372116,906,116095
0.04096237197518349,0.04096237197518349,907,116223
0.04110688716173172,0.04110688716173172,908,116351
0.03765617683529854,0.03765617683529854,909,116479
0.038964562118053436,0.038964562118053436,910,116607
0.038921862840652466,0.038921862840652466,911,116735
0.03945910558104515,0.03945910558104515,912,116863
0.03831832855939865,0.03831832855939865,913,116991
0.038799673318862915,0.038799673318862915,914,117119
0.03789331391453743,0.03789331391453743,915,117247
0.03906087204813957,0.03906087204813957,916,117375
0.038587916642427444,0.038587916642427444,917,117503
0.04107442870736122,0.04107442870736122,918,117631
0.037982646375894547,0.037982646375894547,919,117759
0.03718075528740883,0.03718075528740883,920,117887
0.03907245397567749,0.03907245397567749,921,118015
0.03785700350999832,0.03785700350999832,922,118143
0.04024653136730194,0.04024653136730194,923,118271
0.03667209669947624,0.03667209669947624,924,118399
0.038150858134031296,0.038150858134031296,925,118527
0.041194137185811996,0.041194137185811996,926,118655
0.04005606845021248,0.04005606845021248,927,118783
0.037533994764089584,0.037533994764089584,928,118911
0.04008135572075844,0.04008135572075844,929,119039
0.04081440344452858,0.04081440344452858,930,119167
0.038648173213005066,0.038648173213005066,931,119295
0.04032396525144577,0.04032396525144577,932,119423
0.03953329473733902,0.03953329473733902,933,119551
0.03838145360350609,0.03838145360350609,934,119679
0.039543382823467255,0.039543382823467255,935,119807
0.03930072486400604,0.03930072486400604,936,119935
0.04106418415904045,0.04106418415904045,937,120063
0.03891359642148018,0.03891359642148018,938,120191
0.03987441956996918,0.03987441956996918,939,120319
0.040183596312999725,0.040183596312999725,940,120447
0.03859295696020126,0.03859295696020126,941,120575
0.0381685309112072,0.0381685309112072,942,120703
0.03618697077035904,0.03618697077035904,943,120831
0.03712275251746178,0.03712275251746178,944,120959
0.038026537746191025,0.038026537746191025,945,121087
0.0386558435857296,0.0386558435857296,946,121215
0.03686799481511116,0.03686799481511116,947,121343
0.0393642783164978,0.0393642783164978,948,121471
0.039741773158311844,0.039741773158311844,949,121599
0.03919735550880432,0.03919735550880432,950,121727
0.03823181241750717,0.03823181241750717,951,121855
0.0397169291973114,0.0397169291973114,952,121983
0.03774428740143776,0.03774428740143776,953,122111
0.03895559161901474,0.03895559161901474,954,122239
0.03981897979974747,0.03981897979974747,955,122367
0.038109760731458664,0.038109760731458664,956,122495
0.0388447605073452,0.0388447605073452,957,122623
0.03678093105554581,0.03678093105554581,958,122751
0.038051556795835495,0.038051556795835495,959,122879
0.03975692763924599,0.03975692763924599,960,123007
0.038248658180236816,0.038248658180236816,961,123135
0.04093202203512192,0.04093202203512192,962,123263
0.03805027902126312,0.03805027902126312,963,123391
0.03920335695147514,0.03920335695147514,964,123519
0.03911629691720009,0.03911629691720009,965,123647
0.040323175489902496,0.040323175489902496,966,123775
0.03876274824142456,0.03876274824142456,967,123903
0.03966405242681503,0.03966405242681503,968,124031
0.03860580176115036,0.03860580176115036,969,124159
0.03816581517457962,0.03816581517457962,970,124287
0.0393562875688076,0.0393562875688076,971,124415
0.03580072894692421,0.03580072894692421,972,124543
0.03884701430797577,0.03884701430797577,973,124671
0.03848329931497574,0.03848329931497574,974,124799
0.03911591321229935,0.03911591321229935,975,124927
0.043419305235147476,0.043419305235147476,976,125055
0.03677390143275261,0.03677390143275261,977,125183
0.03941332548856735,0.03941332548856735,978,125311
0.03772148862481117,0.03772148862481117,979,125439
0.041017062962055206,0.041017062962055206,980,125567
0.037889961153268814,0.037889961153268814,981,125695
0.041144996881484985,0.041144996881484985,982,125823
0.038366515189409256,0.038366515189409256,983,125951
0.03854266554117203,0.03854266554117203,984,126079
0.03888191655278206,0.03888191655278206,985,126207
0.03551781550049782,0.03551781550049782,986,126335
0.039713796228170395,0.039713796228170395,987,126463
0.0393243134021759,0.0393243134021759,988,126591
0.0391068272292614,0.0391068272292614,989,126719
0.03872421383857727,0.03872421383857727,990,126847
0.03746221959590912,0.03746221959590912,991,126975
0.03916125372052193,0.03916125372052193,992,127103
0.03873884677886963,0.03873884677886963,993,127231
0.04113779217004776,0.04113779217004776,994,127359
0.03939145803451538,0.03939145803451538,995,127487
0.03881334513425827,0.03881334513425827,996,127615
0.038794320076704025,0.038794320076704025,997,127743
0.039066869765520096,0.039066869765520096,998,127871
0.03888508304953575,0.03888508304953575,999,127999
