train_loss,train_elbo_loss,epoch,step,val_NRMSE_1.0,val_CRPS_1.0,val_ND_1.0,val_NRMSE_2.0,val_CRPS_2.0,val_ND_2.0,val_NRMSE_4.0,val_CRPS_4.0,val_ND_4.0,val_NRMSE_8.0,val_CRPS_8.0,val_ND_8.0,val_NRMSE_16.0,val_CRPS_16.0,val_ND_16.0,val_NRMSE_24.0,val_CRPS_24.0,val_ND_24.0
0.27765727043151855,0.27765727043151855,0,127,,,,,,,,,,,,,,,,,,
0.15690024197101593,0.15690024197101593,1,255,,,,,,,,,,,,,,,,,,
0.12857353687286377,0.12857353687286377,2,383,,,,,,,,,,,,,,,,,,
0.11812006682157516,0.11812006682157516,3,511,,,,,,,,,,,,,,,,,,
0.10992433875799179,0.10992433875799179,4,639,,,,,,,,,,,,,,,,,,
0.10399758815765381,0.10399758815765381,5,767,,,,,,,,,,,,,,,,,,
0.09970612823963165,0.09970612823963165,6,895,,,,,,,,,,,,,,,,,,
0.09521439671516418,0.09521439671516418,7,1023,,,,,,,,,,,,,,,,,,
0.09409786015748978,0.09409786015748978,8,1151,,,,,,,,,,,,,,,,,,
0.0929078459739685,0.0929078459739685,9,1279,,,,,,,,,,,,,,,,,,
0.09057743847370148,0.09057743847370148,10,1407,,,,,,,,,,,,,,,,,,
0.08908041566610336,0.08908041566610336,11,1535,,,,,,,,,,,,,,,,,,
0.0898323729634285,0.0898323729634285,12,1663,,,,,,,,,,,,,,,,,,
0.08786168694496155,0.08786168694496155,13,1791,,,,,,,,,,,,,,,,,,
0.0848885029554367,0.0848885029554367,14,1919,,,,,,,,,,,,,,,,,,
0.08506553620100021,0.08506553620100021,15,2047,,,,,,,,,,,,,,,,,,
0.08332470059394836,0.08332470059394836,16,2175,,,,,,,,,,,,,,,,,,
0.08387432247400284,0.08387432247400284,17,2303,,,,,,,,,,,,,,,,,,
0.08404675126075745,0.08404675126075745,18,2431,,,,,,,,,,,,,,,,,,
0.08155442774295807,0.08155442774295807,19,2559,,,,,,,,,,,,,,,,,,
0.08387475460767746,0.08387475460767746,20,2687,,,,,,,,,,,,,,,,,,
0.08042887598276138,0.08042887598276138,21,2815,,,,,,,,,,,,,,,,,,
0.08146490156650543,0.08146490156650543,22,2943,,,,,,,,,,,,,,,,,,
0.08097859472036362,0.08097859472036362,23,3071,,,,,,,,,,,,,,,,,,
0.08012326806783676,0.08012326806783676,24,3199,,,,,,,,,,,,,,,,,,
0.07820336520671844,0.07820336520671844,25,3327,,,,,,,,,,,,,,,,,,
0.0784822627902031,0.0784822627902031,26,3455,,,,,,,,,,,,,,,,,,
0.07667030394077301,0.07667030394077301,27,3583,,,,,,,,,,,,,,,,,,
0.07745393365621567,0.07745393365621567,28,3711,,,,,,,,,,,,,,,,,,
0.07489580661058426,0.07489580661058426,29,3839,,,,,,,,,,,,,,,,,,
0.07562723010778427,0.07562723010778427,30,3967,,,,,,,,,,,,,,,,,,
0.07343987375497818,0.07343987375497818,31,4095,,,,,,,,,,,,,,,,,,
0.07548827677965164,0.07548827677965164,32,4223,,,,,,,,,,,,,,,,,,
0.07422468811273575,0.07422468811273575,33,4351,,,,,,,,,,,,,,,,,,
0.07544828951358795,0.07544828951358795,34,4479,,,,,,,,,,,,,,,,,,
0.07547347247600555,0.07547347247600555,35,4607,,,,,,,,,,,,,,,,,,
0.0729159340262413,0.0729159340262413,36,4735,,,,,,,,,,,,,,,,,,
0.07374681532382965,0.07374681532382965,37,4863,,,,,,,,,,,,,,,,,,
0.07182393968105316,0.07182393968105316,38,4991,,,,,,,,,,,,,,,,,,
0.0717330053448677,0.0717330053448677,39,5119,,,,,,,,,,,,,,,,,,
0.07147486507892609,0.07147486507892609,40,5247,,,,,,,,,,,,,,,,,,
0.07377539575099945,0.07377539575099945,41,5375,,,,,,,,,,,,,,,,,,
0.06896532326936722,0.06896532326936722,42,5503,,,,,,,,,,,,,,,,,,
0.07084544748067856,0.07084544748067856,43,5631,,,,,,,,,,,,,,,,,,
0.07131367176771164,0.07131367176771164,44,5759,,,,,,,,,,,,,,,,,,
0.07059356570243835,0.07059356570243835,45,5887,,,,,,,,,,,,,,,,,,
0.07178416103124619,0.07178416103124619,46,6015,,,,,,,,,,,,,,,,,,
0.0711955726146698,0.0711955726146698,47,6143,,,,,,,,,,,,,,,,,,
0.0716373547911644,0.0716373547911644,48,6271,,,,,,,,,,,,,,,,,,
0.06942856311798096,0.06942856311798096,49,6399,1.0802993266748107,0.5666241427176055,0.5800332596217206,1.030066868704183,0.5002173663449669,0.5421076918861766,1.0286647522191106,0.469795928386989,0.5050253014986466,1.0477930501308075,0.48600355026594616,0.5069442245569215,1.0596988917915087,0.49265399238540375,0.5059097219589419,1.0616177010925227,0.4919219748599553,0.506179954627335
0.06994295120239258,0.06994295120239258,50,6527,,,,,,,,,,,,,,,,,,
0.07032931596040726,0.07032931596040726,51,6655,,,,,,,,,,,,,,,,,,
0.07002943754196167,0.07002943754196167,52,6783,,,,,,,,,,,,,,,,,,
0.06875570118427277,0.06875570118427277,53,6911,,,,,,,,,,,,,,,,,,
0.06909061223268509,0.06909061223268509,54,7039,,,,,,,,,,,,,,,,,,
0.07020043581724167,0.07020043581724167,55,7167,,,,,,,,,,,,,,,,,,
0.06975340843200684,0.06975340843200684,56,7295,,,,,,,,,,,,,,,,,,
0.06828523427248001,0.06828523427248001,57,7423,,,,,,,,,,,,,,,,,,
0.07109861820936203,0.07109861820936203,58,7551,,,,,,,,,,,,,,,,,,
0.06917916983366013,0.06917916983366013,59,7679,,,,,,,,,,,,,,,,,,
0.06912518292665482,0.06912518292665482,60,7807,,,,,,,,,,,,,,,,,,
0.06887393444776535,0.06887393444776535,61,7935,,,,,,,,,,,,,,,,,,
0.06924710422754288,0.06924710422754288,62,8063,,,,,,,,,,,,,,,,,,
0.06690514832735062,0.06690514832735062,63,8191,,,,,,,,,,,,,,,,,,
0.06702534109354019,0.06702534109354019,64,8319,,,,,,,,,,,,,,,,,,
0.06761384010314941,0.06761384010314941,65,8447,,,,,,,,,,,,,,,,,,
0.06858509033918381,0.06858509033918381,66,8575,,,,,,,,,,,,,,,,,,
0.06856895983219147,0.06856895983219147,67,8703,,,,,,,,,,,,,,,,,,
0.06675544381141663,0.06675544381141663,68,8831,,,,,,,,,,,,,,,,,,
0.06616456061601639,0.06616456061601639,69,8959,,,,,,,,,,,,,,,,,,
0.06676304340362549,0.06676304340362549,70,9087,,,,,,,,,,,,,,,,,,
0.06645433604717255,0.06645433604717255,71,9215,,,,,,,,,,,,,,,,,,
0.06573234498500824,0.06573234498500824,72,9343,,,,,,,,,,,,,,,,,,
0.06715649366378784,0.06715649366378784,73,9471,,,,,,,,,,,,,,,,,,
0.06480316817760468,0.06480316817760468,74,9599,,,,,,,,,,,,,,,,,,
0.06585033982992172,0.06585033982992172,75,9727,,,,,,,,,,,,,,,,,,
0.06787758320569992,0.06787758320569992,76,9855,,,,,,,,,,,,,,,,,,
0.06330851465463638,0.06330851465463638,77,9983,,,,,,,,,,,,,,,,,,
0.06805665045976639,0.06805665045976639,78,10111,,,,,,,,,,,,,,,,,,
0.06755862385034561,0.06755862385034561,79,10239,,,,,,,,,,,,,,,,,,
0.06697248667478561,0.06697248667478561,80,10367,,,,,,,,,,,,,,,,,,
0.06602000445127487,0.06602000445127487,81,10495,,,,,,,,,,,,,,,,,,
0.06453293561935425,0.06453293561935425,82,10623,,,,,,,,,,,,,,,,,,
0.06545785069465637,0.06545785069465637,83,10751,,,,,,,,,,,,,,,,,,
0.06379584223031998,0.06379584223031998,84,10879,,,,,,,,,,,,,,,,,,
0.0657620057463646,0.0657620057463646,85,11007,,,,,,,,,,,,,,,,,,
0.06513313204050064,0.06513313204050064,86,11135,,,,,,,,,,,,,,,,,,
0.06540219485759735,0.06540219485759735,87,11263,,,,,,,,,,,,,,,,,,
0.06536349654197693,0.06536349654197693,88,11391,,,,,,,,,,,,,,,,,,
0.06569546461105347,0.06569546461105347,89,11519,,,,,,,,,,,,,,,,,,
0.06418076157569885,0.06418076157569885,90,11647,,,,,,,,,,,,,,,,,,
0.0665641650557518,0.0665641650557518,91,11775,,,,,,,,,,,,,,,,,,
0.06570202857255936,0.06570202857255936,92,11903,,,,,,,,,,,,,,,,,,
0.06315725296735764,0.06315725296735764,93,12031,,,,,,,,,,,,,,,,,,
0.06328526884317398,0.06328526884317398,94,12159,,,,,,,,,,,,,,,,,,
0.06384599953889847,0.06384599953889847,95,12287,,,,,,,,,,,,,,,,,,
0.06414832919836044,0.06414832919836044,96,12415,,,,,,,,,,,,,,,,,,
0.06401392817497253,0.06401392817497253,97,12543,,,,,,,,,,,,,,,,,,
0.06421726942062378,0.06421726942062378,98,12671,,,,,,,,,,,,,,,,,,
0.06392427533864975,0.06392427533864975,99,12799,1.0849510170813312,0.5633664293380699,0.5830997273007631,1.0836947329785906,0.54552870734093,0.5766266670117869,1.0489904050788716,0.5285888264254658,0.5514857297248835,1.0270675568759844,0.515031492312041,0.5361014737354103,1.0207564143177408,0.49679724623937344,0.5321486582002545,1.0200690230040688,0.48328294191420185,0.5276432519251459
0.06403923779726028,0.06403923779726028,100,12927,,,,,,,,,,,,,,,,,,
0.06387655436992645,0.06387655436992645,101,13055,,,,,,,,,,,,,,,,,,
0.0618041530251503,0.0618041530251503,102,13183,,,,,,,,,,,,,,,,,,
0.06531745195388794,0.06531745195388794,103,13311,,,,,,,,,,,,,,,,,,
0.06337522715330124,0.06337522715330124,104,13439,,,,,,,,,,,,,,,,,,
0.06459025293588638,0.06459025293588638,105,13567,,,,,,,,,,,,,,,,,,
0.06276503950357437,0.06276503950357437,106,13695,,,,,,,,,,,,,,,,,,
0.0637485459446907,0.0637485459446907,107,13823,,,,,,,,,,,,,,,,,,
0.06290020048618317,0.06290020048618317,108,13951,,,,,,,,,,,,,,,,,,
0.06120772659778595,0.06120772659778595,109,14079,,,,,,,,,,,,,,,,,,
0.062400635331869125,0.062400635331869125,110,14207,,,,,,,,,,,,,,,,,,
0.06252860277891159,0.06252860277891159,111,14335,,,,,,,,,,,,,,,,,,
0.06050395965576172,0.06050395965576172,112,14463,,,,,,,,,,,,,,,,,,
0.06345433741807938,0.06345433741807938,113,14591,,,,,,,,,,,,,,,,,,
0.06446710228919983,0.06446710228919983,114,14719,,,,,,,,,,,,,,,,,,
0.06417175382375717,0.06417175382375717,115,14847,,,,,,,,,,,,,,,,,,
0.06213221326470375,0.06213221326470375,116,14975,,,,,,,,,,,,,,,,,,
0.06225810572504997,0.06225810572504997,117,15103,,,,,,,,,,,,,,,,,,
0.060258958488702774,0.060258958488702774,118,15231,,,,,,,,,,,,,,,,,,
0.06260077655315399,0.06260077655315399,119,15359,,,,,,,,,,,,,,,,,,
0.06336390227079391,0.06336390227079391,120,15487,,,,,,,,,,,,,,,,,,
0.06152169406414032,0.06152169406414032,121,15615,,,,,,,,,,,,,,,,,,
0.06255651265382767,0.06255651265382767,122,15743,,,,,,,,,,,,,,,,,,
0.06257928162813187,0.06257928162813187,123,15871,,,,,,,,,,,,,,,,,,
0.06216809153556824,0.06216809153556824,124,15999,,,,,,,,,,,,,,,,,,
0.060722317546606064,0.060722317546606064,125,16127,,,,,,,,,,,,,,,,,,
0.0646151453256607,0.0646151453256607,126,16255,,,,,,,,,,,,,,,,,,
0.06440126895904541,0.06440126895904541,127,16383,,,,,,,,,,,,,,,,,,
0.06180078908801079,0.06180078908801079,128,16511,,,,,,,,,,,,,,,,,,
0.061797134578228,0.061797134578228,129,16639,,,,,,,,,,,,,,,,,,
0.06332606822252274,0.06332606822252274,130,16767,,,,,,,,,,,,,,,,,,
0.06353741884231567,0.06353741884231567,131,16895,,,,,,,,,,,,,,,,,,
0.06257494539022446,0.06257494539022446,132,17023,,,,,,,,,,,,,,,,,,
0.06101353466510773,0.06101353466510773,133,17151,,,,,,,,,,,,,,,,,,
0.0631178468465805,0.0631178468465805,134,17279,,,,,,,,,,,,,,,,,,
0.061844244599342346,0.061844244599342346,135,17407,,,,,,,,,,,,,,,,,,
0.06291899085044861,0.06291899085044861,136,17535,,,,,,,,,,,,,,,,,,
0.06213442608714104,0.06213442608714104,137,17663,,,,,,,,,,,,,,,,,,
0.06233643367886543,0.06233643367886543,138,17791,,,,,,,,,,,,,,,,,,
0.06117375195026398,0.06117375195026398,139,17919,,,,,,,,,,,,,,,,,,
0.061317313462495804,0.061317313462495804,140,18047,,,,,,,,,,,,,,,,,,
0.06193286180496216,0.06193286180496216,141,18175,,,,,,,,,,,,,,,,,,
0.061317671090364456,0.061317671090364456,142,18303,,,,,,,,,,,,,,,,,,
0.06108300760388374,0.06108300760388374,143,18431,,,,,,,,,,,,,,,,,,
0.061622504144907,0.061622504144907,144,18559,,,,,,,,,,,,,,,,,,
0.06143270805478096,0.06143270805478096,145,18687,,,,,,,,,,,,,,,,,,
0.060379765927791595,0.060379765927791595,146,18815,,,,,,,,,,,,,,,,,,
0.060806579887866974,0.060806579887866974,147,18943,,,,,,,,,,,,,,,,,,
0.060478679835796356,0.060478679835796356,148,19071,,,,,,,,,,,,,,,,,,
0.06173174828290939,0.06173174828290939,149,19199,1.0612415024645019,0.5718016775684898,0.5860607259131903,1.0391941472166855,0.5261963887957086,0.553218373566175,1.0118652151952159,0.4967044702551752,0.5222312330402892,0.998131877264993,0.48683057898520565,0.5063282054447467,0.9965297465365659,0.47480030258888867,0.5021699280392027,0.9969732101240913,0.464473596751844,0.49828791208936263
0.061743076890707016,0.061743076890707016,150,19327,,,,,,,,,,,,,,,,,,
0.060572389513254166,0.060572389513254166,151,19455,,,,,,,,,,,,,,,,,,
0.060241371393203735,0.060241371393203735,152,19583,,,,,,,,,,,,,,,,,,
0.061338841915130615,0.061338841915130615,153,19711,,,,,,,,,,,,,,,,,,
0.060313038527965546,0.060313038527965546,154,19839,,,,,,,,,,,,,,,,,,
0.06131424009799957,0.06131424009799957,155,19967,,,,,,,,,,,,,,,,,,
0.06150132417678833,0.06150132417678833,156,20095,,,,,,,,,,,,,,,,,,
0.06101235747337341,0.06101235747337341,157,20223,,,,,,,,,,,,,,,,,,
0.06086857616901398,0.06086857616901398,158,20351,,,,,,,,,,,,,,,,,,
0.0617053359746933,0.0617053359746933,159,20479,,,,,,,,,,,,,,,,,,
0.06108137220144272,0.06108137220144272,160,20607,,,,,,,,,,,,,,,,,,
0.059882402420043945,0.059882402420043945,161,20735,,,,,,,,,,,,,,,,,,
0.060793958604335785,0.060793958604335785,162,20863,,,,,,,,,,,,,,,,,,
0.058944109827280045,0.058944109827280045,163,20991,,,,,,,,,,,,,,,,,,
0.06185120344161987,0.06185120344161987,164,21119,,,,,,,,,,,,,,,,,,
0.059313077479600906,0.059313077479600906,165,21247,,,,,,,,,,,,,,,,,,
0.06018638238310814,0.06018638238310814,166,21375,,,,,,,,,,,,,,,,,,
0.06206662580370903,0.06206662580370903,167,21503,,,,,,,,,,,,,,,,,,
0.0606326088309288,0.0606326088309288,168,21631,,,,,,,,,,,,,,,,,,
0.06093877553939819,0.06093877553939819,169,21759,,,,,,,,,,,,,,,,,,
0.0595872700214386,0.0595872700214386,170,21887,,,,,,,,,,,,,,,,,,
0.060375213623046875,0.060375213623046875,171,22015,,,,,,,,,,,,,,,,,,
0.06005238741636276,0.06005238741636276,172,22143,,,,,,,,,,,,,,,,,,
0.06017172336578369,0.06017172336578369,173,22271,,,,,,,,,,,,,,,,,,
0.0590432770550251,0.0590432770550251,174,22399,,,,,,,,,,,,,,,,,,
0.05929615721106529,0.05929615721106529,175,22527,,,,,,,,,,,,,,,,,,
0.05955791845917702,0.05955791845917702,176,22655,,,,,,,,,,,,,,,,,,
0.05989781767129898,0.05989781767129898,177,22783,,,,,,,,,,,,,,,,,,
0.05923104286193848,0.05923104286193848,178,22911,,,,,,,,,,,,,,,,,,
0.060065899044275284,0.060065899044275284,179,23039,,,,,,,,,,,,,,,,,,
0.05829807370901108,0.05829807370901108,180,23167,,,,,,,,,,,,,,,,,,
0.06063716113567352,0.06063716113567352,181,23295,,,,,,,,,,,,,,,,,,
0.06051531806588173,0.06051531806588173,182,23423,,,,,,,,,,,,,,,,,,
0.06068035960197449,0.06068035960197449,183,23551,,,,,,,,,,,,,,,,,,
0.061321813613176346,0.061321813613176346,184,23679,,,,,,,,,,,,,,,,,,
0.06060413643717766,0.06060413643717766,185,23807,,,,,,,,,,,,,,,,,,
0.061282310634851456,0.061282310634851456,186,23935,,,,,,,,,,,,,,,,,,
0.059302885085344315,0.059302885085344315,187,24063,,,,,,,,,,,,,,,,,,
0.05879164859652519,0.05879164859652519,188,24191,,,,,,,,,,,,,,,,,,
0.06043288856744766,0.06043288856744766,189,24319,,,,,,,,,,,,,,,,,,
0.06041654571890831,0.06041654571890831,190,24447,,,,,,,,,,,,,,,,,,
0.05891561880707741,0.05891561880707741,191,24575,,,,,,,,,,,,,,,,,,
0.06051452457904816,0.06051452457904816,192,24703,,,,,,,,,,,,,,,,,,
0.05792323872447014,0.05792323872447014,193,24831,,,,,,,,,,,,,,,,,,
0.06104620173573494,0.06104620173573494,194,24959,,,,,,,,,,,,,,,,,,
0.0587596520781517,0.0587596520781517,195,25087,,,,,,,,,,,,,,,,,,
0.059930507093667984,0.059930507093667984,196,25215,,,,,,,,,,,,,,,,,,
0.05873658135533333,0.05873658135533333,197,25343,,,,,,,,,,,,,,,,,,
0.058439530432224274,0.058439530432224274,198,25471,,,,,,,,,,,,,,,,,,
0.05916370451450348,0.05916370451450348,199,25599,1.0598817610166305,0.5588151815904908,0.5781988376763078,1.0739590658604692,0.507418982775358,0.5549728411568275,1.0925091927457675,0.510796719231091,0.5650526072489782,1.0897179252119236,0.5236980486837982,0.5525637585099589,1.09381283940108,0.5297436488825125,0.5455990570096322,1.0979366242775497,0.5233119425930937,0.545357760707726
0.05928807333111763,0.05928807333111763,200,25727,,,,,,,,,,,,,,,,,,
0.05979218706488609,0.05979218706488609,201,25855,,,,,,,,,,,,,,,,,,
0.05923033133149147,0.05923033133149147,202,25983,,,,,,,,,,,,,,,,,,
0.061231642961502075,0.061231642961502075,203,26111,,,,,,,,,,,,,,,,,,
0.058279115706682205,0.058279115706682205,204,26239,,,,,,,,,,,,,,,,,,
0.058258067816495895,0.058258067816495895,205,26367,,,,,,,,,,,,,,,,,,
0.059291012585163116,0.059291012585163116,206,26495,,,,,,,,,,,,,,,,,,
0.058035820722579956,0.058035820722579956,207,26623,,,,,,,,,,,,,,,,,,
0.0589761845767498,0.0589761845767498,208,26751,,,,,,,,,,,,,,,,,,
0.060160696506500244,0.060160696506500244,209,26879,,,,,,,,,,,,,,,,,,
0.05889046937227249,0.05889046937227249,210,27007,,,,,,,,,,,,,,,,,,
0.058193009346723557,0.058193009346723557,211,27135,,,,,,,,,,,,,,,,,,
0.0578298456966877,0.0578298456966877,212,27263,,,,,,,,,,,,,,,,,,
0.060164738446474075,0.060164738446474075,213,27391,,,,,,,,,,,,,,,,,,
0.058123961091041565,0.058123961091041565,214,27519,,,,,,,,,,,,,,,,,,
0.058473020792007446,0.058473020792007446,215,27647,,,,,,,,,,,,,,,,,,
0.060872822999954224,0.060872822999954224,216,27775,,,,,,,,,,,,,,,,,,
0.06083712354302406,0.06083712354302406,217,27903,,,,,,,,,,,,,,,,,,
0.05958228185772896,0.05958228185772896,218,28031,,,,,,,,,,,,,,,,,,
0.05945774167776108,0.05945774167776108,219,28159,,,,,,,,,,,,,,,,,,
0.059382278472185135,0.059382278472185135,220,28287,,,,,,,,,,,,,,,,,,
0.057674769312143326,0.057674769312143326,221,28415,,,,,,,,,,,,,,,,,,
0.058878712356090546,0.058878712356090546,222,28543,,,,,,,,,,,,,,,,,,
0.05737560614943504,0.05737560614943504,223,28671,,,,,,,,,,,,,,,,,,
0.0582086481153965,0.0582086481153965,224,28799,,,,,,,,,,,,,,,,,,
0.05849656090140343,0.05849656090140343,225,28927,,,,,,,,,,,,,,,,,,
0.05647659674286842,0.05647659674286842,226,29055,,,,,,,,,,,,,,,,,,
0.05853535979986191,0.05853535979986191,227,29183,,,,,,,,,,,,,,,,,,
0.05841055139899254,0.05841055139899254,228,29311,,,,,,,,,,,,,,,,,,
0.059677477926015854,0.059677477926015854,229,29439,,,,,,,,,,,,,,,,,,
0.056725792586803436,0.056725792586803436,230,29567,,,,,,,,,,,,,,,,,,
0.059298284351825714,0.059298284351825714,231,29695,,,,,,,,,,,,,,,,,,
0.0582055002450943,0.0582055002450943,232,29823,,,,,,,,,,,,,,,,,,
0.05751332640647888,0.05751332640647888,233,29951,,,,,,,,,,,,,,,,,,
0.05695772171020508,0.05695772171020508,234,30079,,,,,,,,,,,,,,,,,,
0.05882422998547554,0.05882422998547554,235,30207,,,,,,,,,,,,,,,,,,
0.05859356373548508,0.05859356373548508,236,30335,,,,,,,,,,,,,,,,,,
0.059241846203804016,0.059241846203804016,237,30463,,,,,,,,,,,,,,,,,,
0.057489730417728424,0.057489730417728424,238,30591,,,,,,,,,,,,,,,,,,
0.05809643864631653,0.05809643864631653,239,30719,,,,,,,,,,,,,,,,,,
0.05914325267076492,0.05914325267076492,240,30847,,,,,,,,,,,,,,,,,,
0.05800915136933327,0.05800915136933327,241,30975,,,,,,,,,,,,,,,,,,
0.05925550311803818,0.05925550311803818,242,31103,,,,,,,,,,,,,,,,,,
0.05709916725754738,0.05709916725754738,243,31231,,,,,,,,,,,,,,,,,,
0.05750657618045807,0.05750657618045807,244,31359,,,,,,,,,,,,,,,,,,
0.05715155228972435,0.05715155228972435,245,31487,,,,,,,,,,,,,,,,,,
0.056214213371276855,0.056214213371276855,246,31615,,,,,,,,,,,,,,,,,,
0.05640118941664696,0.05640118941664696,247,31743,,,,,,,,,,,,,,,,,,
0.058344244956970215,0.058344244956970215,248,31871,,,,,,,,,,,,,,,,,,
0.05837126076221466,0.05837126076221466,249,31999,1.064367909732147,0.5331127120441873,0.5643412710893219,1.1140024991557578,0.49797582901312176,0.5588061319250051,1.1576831103726402,0.5206601992568385,0.596752482770707,1.1567519176726595,0.5471884050201873,0.5849449065392275,1.1616897822215562,0.5625039497799489,0.578177396395768,1.1678570098957644,0.559635396943292,0.5790598152927725
0.055650290101766586,0.055650290101766586,250,32127,,,,,,,,,,,,,,,,,,
0.056253865361213684,0.056253865361213684,251,32255,,,,,,,,,,,,,,,,,,
0.05710088834166527,0.05710088834166527,252,32383,,,,,,,,,,,,,,,,,,
0.05826611816883087,0.05826611816883087,253,32511,,,,,,,,,,,,,,,,,,
0.05898513272404671,0.05898513272404671,254,32639,,,,,,,,,,,,,,,,,,
0.05872168391942978,0.05872168391942978,255,32767,,,,,,,,,,,,,,,,,,
0.05553240701556206,0.05553240701556206,256,32895,,,,,,,,,,,,,,,,,,
0.0565602146089077,0.0565602146089077,257,33023,,,,,,,,,,,,,,,,,,
0.057044532150030136,0.057044532150030136,258,33151,,,,,,,,,,,,,,,,,,
0.05740857124328613,0.05740857124328613,259,33279,,,,,,,,,,,,,,,,,,
0.055925823748111725,0.055925823748111725,260,33407,,,,,,,,,,,,,,,,,,
0.05956723913550377,0.05956723913550377,261,33535,,,,,,,,,,,,,,,,,,
0.05712678283452988,0.05712678283452988,262,33663,,,,,,,,,,,,,,,,,,
0.05596231669187546,0.05596231669187546,263,33791,,,,,,,,,,,,,,,,,,
0.057735640555620193,0.057735640555620193,264,33919,,,,,,,,,,,,,,,,,,
0.05914578214287758,0.05914578214287758,265,34047,,,,,,,,,,,,,,,,,,
0.05649096146225929,0.05649096146225929,266,34175,,,,,,,,,,,,,,,,,,
0.05562857910990715,0.05562857910990715,267,34303,,,,,,,,,,,,,,,,,,
0.057234782725572586,0.057234782725572586,268,34431,,,,,,,,,,,,,,,,,,
0.056866079568862915,0.056866079568862915,269,34559,,,,,,,,,,,,,,,,,,
0.05705436319112778,0.05705436319112778,270,34687,,,,,,,,,,,,,,,,,,
0.05798147991299629,0.05798147991299629,271,34815,,,,,,,,,,,,,,,,,,
0.05791297182440758,0.05791297182440758,272,34943,,,,,,,,,,,,,,,,,,
0.056803274899721146,0.056803274899721146,273,35071,,,,,,,,,,,,,,,,,,
0.0590183362364769,0.0590183362364769,274,35199,,,,,,,,,,,,,,,,,,
0.05648886412382126,0.05648886412382126,275,35327,,,,,,,,,,,,,,,,,,
0.05710944905877113,0.05710944905877113,276,35455,,,,,,,,,,,,,,,,,,
0.055425990372896194,0.055425990372896194,277,35583,,,,,,,,,,,,,,,,,,
0.06012013182044029,0.06012013182044029,278,35711,,,,,,,,,,,,,,,,,,
0.05787282809615135,0.05787282809615135,279,35839,,,,,,,,,,,,,,,,,,
0.059077389538288116,0.059077389538288116,280,35967,,,,,,,,,,,,,,,,,,
0.05681560933589935,0.05681560933589935,281,36095,,,,,,,,,,,,,,,,,,
0.05684129148721695,0.05684129148721695,282,36223,,,,,,,,,,,,,,,,,,
0.05768740549683571,0.05768740549683571,283,36351,,,,,,,,,,,,,,,,,,
0.0572357103228569,0.0572357103228569,284,36479,,,,,,,,,,,,,,,,,,
0.055001672357320786,0.055001672357320786,285,36607,,,,,,,,,,,,,,,,,,
0.05557260662317276,0.05557260662317276,286,36735,,,,,,,,,,,,,,,,,,
0.05642859265208244,0.05642859265208244,287,36863,,,,,,,,,,,,,,,,,,
0.05635012686252594,0.05635012686252594,288,36991,,,,,,,,,,,,,,,,,,
0.05608472600579262,0.05608472600579262,289,37119,,,,,,,,,,,,,,,,,,
0.05920451506972313,0.05920451506972313,290,37247,,,,,,,,,,,,,,,,,,
0.05719965696334839,0.05719965696334839,291,37375,,,,,,,,,,,,,,,,,,
0.057669758796691895,0.057669758796691895,292,37503,,,,,,,,,,,,,,,,,,
0.05712413787841797,0.05712413787841797,293,37631,,,,,,,,,,,,,,,,,,
0.05686606094241142,0.05686606094241142,294,37759,,,,,,,,,,,,,,,,,,
0.05643115192651749,0.05643115192651749,295,37887,,,,,,,,,,,,,,,,,,
0.05475541576743126,0.05475541576743126,296,38015,,,,,,,,,,,,,,,,,,
0.05819471552968025,0.05819471552968025,297,38143,,,,,,,,,,,,,,,,,,
0.056060660630464554,0.056060660630464554,298,38271,,,,,,,,,,,,,,,,,,
0.05620938912034035,0.05620938912034035,299,38399,1.1695282439812535,0.583676592404729,0.6039246561522924,1.0863743159439236,0.4851946156503623,0.5718198574906334,1.0662978582865406,0.4615919001683639,0.5486860850744506,1.0719896407124176,0.4964033187283568,0.5452404779710767,1.0799552203224168,0.521356355754436,0.5407392017120871,1.0849454911738274,0.5193267120197465,0.5390359570626074
0.05579598248004913,0.05579598248004913,300,38527,,,,,,,,,,,,,,,,,,
0.05652179569005966,0.05652179569005966,301,38655,,,,,,,,,,,,,,,,,,
0.05693020671606064,0.05693020671606064,302,38783,,,,,,,,,,,,,,,,,,
0.05594896525144577,0.05594896525144577,303,38911,,,,,,,,,,,,,,,,,,
0.0586860217154026,0.0586860217154026,304,39039,,,,,,,,,,,,,,,,,,
0.0559358224272728,0.0559358224272728,305,39167,,,,,,,,,,,,,,,,,,
0.0572744756937027,0.0572744756937027,306,39295,,,,,,,,,,,,,,,,,,
0.056376006454229355,0.056376006454229355,307,39423,,,,,,,,,,,,,,,,,,
0.05666365846991539,0.05666365846991539,308,39551,,,,,,,,,,,,,,,,,,
0.05604512616991997,0.05604512616991997,309,39679,,,,,,,,,,,,,,,,,,
0.05605586618185043,0.05605586618185043,310,39807,,,,,,,,,,,,,,,,,,
0.05617280676960945,0.05617280676960945,311,39935,,,,,,,,,,,,,,,,,,
0.05684121325612068,0.05684121325612068,312,40063,,,,,,,,,,,,,,,,,,
0.05540582165122032,0.05540582165122032,313,40191,,,,,,,,,,,,,,,,,,
0.05727707967162132,0.05727707967162132,314,40319,,,,,,,,,,,,,,,,,,
0.05567876994609833,0.05567876994609833,315,40447,,,,,,,,,,,,,,,,,,
0.05601762235164642,0.05601762235164642,316,40575,,,,,,,,,,,,,,,,,,
0.05488920584321022,0.05488920584321022,317,40703,,,,,,,,,,,,,,,,,,
0.05706307291984558,0.05706307291984558,318,40831,,,,,,,,,,,,,,,,,,
0.05574919283390045,0.05574919283390045,319,40959,,,,,,,,,,,,,,,,,,
0.05620319023728371,0.05620319023728371,320,41087,,,,,,,,,,,,,,,,,,
0.05485915392637253,0.05485915392637253,321,41215,,,,,,,,,,,,,,,,,,
0.055847883224487305,0.055847883224487305,322,41343,,,,,,,,,,,,,,,,,,
0.05636322870850563,0.05636322870850563,323,41471,,,,,,,,,,,,,,,,,,
0.05624257028102875,0.05624257028102875,324,41599,,,,,,,,,,,,,,,,,,
0.056218188256025314,0.056218188256025314,325,41727,,,,,,,,,,,,,,,,,,
0.05697951465845108,0.05697951465845108,326,41855,,,,,,,,,,,,,,,,,,
0.055582307279109955,0.055582307279109955,327,41983,,,,,,,,,,,,,,,,,,
0.056130509823560715,0.056130509823560715,328,42111,,,,,,,,,,,,,,,,,,
0.056496214121580124,0.056496214121580124,329,42239,,,,,,,,,,,,,,,,,,
0.05643532797694206,0.05643532797694206,330,42367,,,,,,,,,,,,,,,,,,
0.0565471388399601,0.0565471388399601,331,42495,,,,,,,,,,,,,,,,,,
0.056152407079935074,0.056152407079935074,332,42623,,,,,,,,,,,,,,,,,,
0.05522696673870087,0.05522696673870087,333,42751,,,,,,,,,,,,,,,,,,
0.05663680657744408,0.05663680657744408,334,42879,,,,,,,,,,,,,,,,,,
0.05693978816270828,0.05693978816270828,335,43007,,,,,,,,,,,,,,,,,,
0.05562536418437958,0.05562536418437958,336,43135,,,,,,,,,,,,,,,,,,
0.05568036809563637,0.05568036809563637,337,43263,,,,,,,,,,,,,,,,,,
0.055951617658138275,0.055951617658138275,338,43391,,,,,,,,,,,,,,,,,,
0.054301004856824875,0.054301004856824875,339,43519,,,,,,,,,,,,,,,,,,
0.0556718073785305,0.0556718073785305,340,43647,,,,,,,,,,,,,,,,,,
0.0566343292593956,0.0566343292593956,341,43775,,,,,,,,,,,,,,,,,,
0.054319750517606735,0.054319750517606735,342,43903,,,,,,,,,,,,,,,,,,
0.056063029915094376,0.056063029915094376,343,44031,,,,,,,,,,,,,,,,,,
0.05532865226268768,0.05532865226268768,344,44159,,,,,,,,,,,,,,,,,,
0.05545146390795708,0.05545146390795708,345,44287,,,,,,,,,,,,,,,,,,
0.05526331439614296,0.05526331439614296,346,44415,,,,,,,,,,,,,,,,,,
0.05604243651032448,0.05604243651032448,347,44543,,,,,,,,,,,,,,,,,,
0.05568668991327286,0.05568668991327286,348,44671,,,,,,,,,,,,,,,,,,
0.05495079979300499,0.05495079979300499,349,44799,1.1734720442707172,0.5696597431291577,0.5931481987723326,1.0824410357127807,0.46524854915861763,0.5697087532095024,1.0690627021748518,0.4522714806565229,0.5621661484400493,1.087670107527127,0.5008187302295434,0.5610990792834872,1.1031955888918885,0.5362876945114615,0.5549176265850456,1.1140204159497442,0.5322546905697425,0.5522426854326323
0.055624429136514664,0.055624429136514664,350,44927,,,,,,,,,,,,,,,,,,
0.05616619810461998,0.05616619810461998,351,45055,,,,,,,,,,,,,,,,,,
0.05641695484519005,0.05641695484519005,352,45183,,,,,,,,,,,,,,,,,,
0.0556209459900856,0.0556209459900856,353,45311,,,,,,,,,,,,,,,,,,
0.05500514432787895,0.05500514432787895,354,45439,,,,,,,,,,,,,,,,,,
0.054994210600852966,0.054994210600852966,355,45567,,,,,,,,,,,,,,,,,,
0.055351607501506805,0.055351607501506805,356,45695,,,,,,,,,,,,,,,,,,
0.05483735725283623,0.05483735725283623,357,45823,,,,,,,,,,,,,,,,,,
0.05474664643406868,0.05474664643406868,358,45951,,,,,,,,,,,,,,,,,,
0.05604908615350723,0.05604908615350723,359,46079,,,,,,,,,,,,,,,,,,
0.05608276277780533,0.05608276277780533,360,46207,,,,,,,,,,,,,,,,,,
0.05625349283218384,0.05625349283218384,361,46335,,,,,,,,,,,,,,,,,,
0.055698711425065994,0.055698711425065994,362,46463,,,,,,,,,,,,,,,,,,
0.0556827187538147,0.0556827187538147,363,46591,,,,,,,,,,,,,,,,,,
0.05464213341474533,0.05464213341474533,364,46719,,,,,,,,,,,,,,,,,,
0.0555739551782608,0.0555739551782608,365,46847,,,,,,,,,,,,,,,,,,
0.05442601069808006,0.05442601069808006,366,46975,,,,,,,,,,,,,,,,,,
0.056194618344306946,0.056194618344306946,367,47103,,,,,,,,,,,,,,,,,,
0.057182904332876205,0.057182904332876205,368,47231,,,,,,,,,,,,,,,,,,
0.05580783635377884,0.05580783635377884,369,47359,,,,,,,,,,,,,,,,,,
0.0547412745654583,0.0547412745654583,370,47487,,,,,,,,,,,,,,,,,,
0.055085837841033936,0.055085837841033936,371,47615,,,,,,,,,,,,,,,,,,
0.05365748330950737,0.05365748330950737,372,47743,,,,,,,,,,,,,,,,,,
0.05528561770915985,0.05528561770915985,373,47871,,,,,,,,,,,,,,,,,,
0.055330272763967514,0.055330272763967514,374,47999,,,,,,,,,,,,,,,,,,
0.05588563159108162,0.05588563159108162,375,48127,,,,,,,,,,,,,,,,,,
0.055705953389406204,0.055705953389406204,376,48255,,,,,,,,,,,,,,,,,,
0.056537725031375885,0.056537725031375885,377,48383,,,,,,,,,,,,,,,,,,
0.05465853586792946,0.05465853586792946,378,48511,,,,,,,,,,,,,,,,,,
0.055041708052158356,0.055041708052158356,379,48639,,,,,,,,,,,,,,,,,,
0.05465347692370415,0.05465347692370415,380,48767,,,,,,,,,,,,,,,,,,
0.05577750876545906,0.05577750876545906,381,48895,,,,,,,,,,,,,,,,,,
0.05517236143350601,0.05517236143350601,382,49023,,,,,,,,,,,,,,,,,,
0.05605821684002876,0.05605821684002876,383,49151,,,,,,,,,,,,,,,,,,
0.05553493648767471,0.05553493648767471,384,49279,,,,,,,,,,,,,,,,,,
0.055479031056165695,0.055479031056165695,385,49407,,,,,,,,,,,,,,,,,,
0.05600512772798538,0.05600512772798538,386,49535,,,,,,,,,,,,,,,,,,
0.05350177735090256,0.05350177735090256,387,49663,,,,,,,,,,,,,,,,,,
0.05480877310037613,0.05480877310037613,388,49791,,,,,,,,,,,,,,,,,,
0.05483156070113182,0.05483156070113182,389,49919,,,,,,,,,,,,,,,,,,
0.05471004545688629,0.05471004545688629,390,50047,,,,,,,,,,,,,,,,,,
0.05638682842254639,0.05638682842254639,391,50175,,,,,,,,,,,,,,,,,,
0.05548195540904999,0.05548195540904999,392,50303,,,,,,,,,,,,,,,,,,
0.056347671896219254,0.056347671896219254,393,50431,,,,,,,,,,,,,,,,,,
0.055296074599027634,0.055296074599027634,394,50559,,,,,,,,,,,,,,,,,,
0.05588383972644806,0.05588383972644806,395,50687,,,,,,,,,,,,,,,,,,
0.055242251604795456,0.055242251604795456,396,50815,,,,,,,,,,,,,,,,,,
0.056078147143125534,0.056078147143125534,397,50943,,,,,,,,,,,,,,,,,,
0.05613841116428375,0.05613841116428375,398,51071,,,,,,,,,,,,,,,,,,
0.05588975548744202,0.05588975548744202,399,51199,1.0824547529255681,0.5549837798512578,0.5859729187107783,1.1264535373521007,0.4469435086761281,0.5483344663097625,1.32816419147728,0.5597527368593165,0.755205542077614,1.4328495716645648,0.641816839319916,0.7317366747497303,1.4795425388288712,0.7057034200278597,0.7196627669258996,1.5033387611943083,0.6987838128914642,0.7130885593858353
0.05395476520061493,0.05395476520061493,400,51327,,,,,,,,,,,,,,,,,,
0.054220814257860184,0.054220814257860184,401,51455,,,,,,,,,,,,,,,,,,
0.05380889028310776,0.05380889028310776,402,51583,,,,,,,,,,,,,,,,,,
0.05482818931341171,0.05482818931341171,403,51711,,,,,,,,,,,,,,,,,,
0.054070401936769485,0.054070401936769485,404,51839,,,,,,,,,,,,,,,,,,
0.05393510311841965,0.05393510311841965,405,51967,,,,,,,,,,,,,,,,,,
0.05432411655783653,0.05432411655783653,406,52095,,,,,,,,,,,,,,,,,,
0.054769366979599,0.054769366979599,407,52223,,,,,,,,,,,,,,,,,,
0.05436621978878975,0.05436621978878975,408,52351,,,,,,,,,,,,,,,,,,
0.0559522770345211,0.0559522770345211,409,52479,,,,,,,,,,,,,,,,,,
0.054062094539403915,0.054062094539403915,410,52607,,,,,,,,,,,,,,,,,,
0.05414361506700516,0.05414361506700516,411,52735,,,,,,,,,,,,,,,,,,
0.05493583902716637,0.05493583902716637,412,52863,,,,,,,,,,,,,,,,,,
0.05415567010641098,0.05415567010641098,413,52991,,,,,,,,,,,,,,,,,,
0.05558890476822853,0.05558890476822853,414,53119,,,,,,,,,,,,,,,,,,
0.056683316826820374,0.056683316826820374,415,53247,,,,,,,,,,,,,,,,,,
0.05410830304026604,0.05410830304026604,416,53375,,,,,,,,,,,,,,,,,,
0.05368760973215103,0.05368760973215103,417,53503,,,,,,,,,,,,,,,,,,
0.0541435070335865,0.0541435070335865,418,53631,,,,,,,,,,,,,,,,,,
0.05404592305421829,0.05404592305421829,419,53759,,,,,,,,,,,,,,,,,,
0.05636046826839447,0.05636046826839447,420,53887,,,,,,,,,,,,,,,,,,
0.054526131600141525,0.054526131600141525,421,54015,,,,,,,,,,,,,,,,,,
0.055198851972818375,0.055198851972818375,422,54143,,,,,,,,,,,,,,,,,,
0.055185891687870026,0.055185891687870026,423,54271,,,,,,,,,,,,,,,,,,
0.05561989173293114,0.05561989173293114,424,54399,,,,,,,,,,,,,,,,,,
0.05380843207240105,0.05380843207240105,425,54527,,,,,,,,,,,,,,,,,,
0.05541554093360901,0.05541554093360901,426,54655,,,,,,,,,,,,,,,,,,
0.054756853729486465,0.054756853729486465,427,54783,,,,,,,,,,,,,,,,,,
0.05550217255949974,0.05550217255949974,428,54911,,,,,,,,,,,,,,,,,,
0.05304253473877907,0.05304253473877907,429,55039,,,,,,,,,,,,,,,,,,
0.05324336513876915,0.05324336513876915,430,55167,,,,,,,,,,,,,,,,,,
0.056292153894901276,0.056292153894901276,431,55295,,,,,,,,,,,,,,,,,,
0.054508429020643234,0.054508429020643234,432,55423,,,,,,,,,,,,,,,,,,
0.05518011748790741,0.05518011748790741,433,55551,,,,,,,,,,,,,,,,,,
0.05490175634622574,0.05490175634622574,434,55679,,,,,,,,,,,,,,,,,,
0.05587830767035484,0.05587830767035484,435,55807,,,,,,,,,,,,,,,,,,
0.05292501673102379,0.05292501673102379,436,55935,,,,,,,,,,,,,,,,,,
0.054425932466983795,0.054425932466983795,437,56063,,,,,,,,,,,,,,,,,,
0.054113615304231644,0.054113615304231644,438,56191,,,,,,,,,,,,,,,,,,
0.05443154275417328,0.05443154275417328,439,56319,,,,,,,,,,,,,,,,,,
0.05377286672592163,0.05377286672592163,440,56447,,,,,,,,,,,,,,,,,,
0.05448316037654877,0.05448316037654877,441,56575,,,,,,,,,,,,,,,,,,
0.053039196878671646,0.053039196878671646,442,56703,,,,,,,,,,,,,,,,,,
0.05330466106534004,0.05330466106534004,443,56831,,,,,,,,,,,,,,,,,,
0.054190728813409805,0.054190728813409805,444,56959,,,,,,,,,,,,,,,,,,
0.053844984620809555,0.053844984620809555,445,57087,,,,,,,,,,,,,,,,,,
0.054078176617622375,0.054078176617622375,446,57215,,,,,,,,,,,,,,,,,,
0.05430961400270462,0.05430961400270462,447,57343,,,,,,,,,,,,,,,,,,
0.05526280775666237,0.05526280775666237,448,57471,,,,,,,,,,,,,,,,,,
0.05394376441836357,0.05394376441836357,449,57599,1.0627099015899257,0.5143556783411936,0.5633489719324458,1.270706024429966,0.4960973757854997,0.5771123387922894,1.5213110184734535,0.6649394102132041,0.8585310051399689,1.627335251408095,0.7521615675179711,0.8346626169844434,1.6755766511366816,0.8047639365009889,0.8195865920041949,1.6962260694885913,0.7981890453529874,0.8149583468400787
0.052980389446020126,0.052980389446020126,450,57727,,,,,,,,,,,,,,,,,,
0.054055653512477875,0.054055653512477875,451,57855,,,,,,,,,,,,,,,,,,
0.05348159372806549,0.05348159372806549,452,57983,,,,,,,,,,,,,,,,,,
0.05480711907148361,0.05480711907148361,453,58111,,,,,,,,,,,,,,,,,,
0.05225256457924843,0.05225256457924843,454,58239,,,,,,,,,,,,,,,,,,
0.05434352532029152,0.05434352532029152,455,58367,,,,,,,,,,,,,,,,,,
0.0529298298060894,0.0529298298060894,456,58495,,,,,,,,,,,,,,,,,,
0.05239774286746979,0.05239774286746979,457,58623,,,,,,,,,,,,,,,,,,
0.053210824728012085,0.053210824728012085,458,58751,,,,,,,,,,,,,,,,,,
0.05416441708803177,0.05416441708803177,459,58879,,,,,,,,,,,,,,,,,,
0.05369226261973381,0.05369226261973381,460,59007,,,,,,,,,,,,,,,,,,
0.05333597958087921,0.05333597958087921,461,59135,,,,,,,,,,,,,,,,,,
0.05463731661438942,0.05463731661438942,462,59263,,,,,,,,,,,,,,,,,,
0.05517398566007614,0.05517398566007614,463,59391,,,,,,,,,,,,,,,,,,
0.05192319676280022,0.05192319676280022,464,59519,,,,,,,,,,,,,,,,,,
0.05433369055390358,0.05433369055390358,465,59647,,,,,,,,,,,,,,,,,,
0.05363387241959572,0.05363387241959572,466,59775,,,,,,,,,,,,,,,,,,
0.054446570575237274,0.054446570575237274,467,59903,,,,,,,,,,,,,,,,,,
0.055424030870199203,0.055424030870199203,468,60031,,,,,,,,,,,,,,,,,,
0.05395790934562683,0.05395790934562683,469,60159,,,,,,,,,,,,,,,,,,
0.054522961378097534,0.054522961378097534,470,60287,,,,,,,,,,,,,,,,,,
0.05337122827768326,0.05337122827768326,471,60415,,,,,,,,,,,,,,,,,,
0.05374396964907646,0.05374396964907646,472,60543,,,,,,,,,,,,,,,,,,
0.05400757119059563,0.05400757119059563,473,60671,,,,,,,,,,,,,,,,,,
0.05253054201602936,0.05253054201602936,474,60799,,,,,,,,,,,,,,,,,,
0.053711459040641785,0.053711459040641785,475,60927,,,,,,,,,,,,,,,,,,
0.05555928871035576,0.05555928871035576,476,61055,,,,,,,,,,,,,,,,,,
0.05443660169839859,0.05443660169839859,477,61183,,,,,,,,,,,,,,,,,,
0.05205453187227249,0.05205453187227249,478,61311,,,,,,,,,,,,,,,,,,
0.053653784096241,0.053653784096241,479,61439,,,,,,,,,,,,,,,,,,
0.05256608873605728,0.05256608873605728,480,61567,,,,,,,,,,,,,,,,,,
0.055356550961732864,0.055356550961732864,481,61695,,,,,,,,,,,,,,,,,,
0.05321656912565231,0.05321656912565231,482,61823,,,,,,,,,,,,,,,,,,
0.054472342133522034,0.054472342133522034,483,61951,,,,,,,,,,,,,,,,,,
0.05463050678372383,0.05463050678372383,484,62079,,,,,,,,,,,,,,,,,,
0.051620978862047195,0.051620978862047195,485,62207,,,,,,,,,,,,,,,,,,
0.054333362728357315,0.054333362728357315,486,62335,,,,,,,,,,,,,,,,,,
0.052415549755096436,0.052415549755096436,487,62463,,,,,,,,,,,,,,,,,,
0.05428442731499672,0.05428442731499672,488,62591,,,,,,,,,,,,,,,,,,
0.054431188851594925,0.054431188851594925,489,62719,,,,,,,,,,,,,,,,,,
0.053056344389915466,0.053056344389915466,490,62847,,,,,,,,,,,,,,,,,,
0.053401172161102295,0.053401172161102295,491,62975,,,,,,,,,,,,,,,,,,
0.05268869176506996,0.05268869176506996,492,63103,,,,,,,,,,,,,,,,,,
0.053874559700489044,0.053874559700489044,493,63231,,,,,,,,,,,,,,,,,,
0.052861541509628296,0.052861541509628296,494,63359,,,,,,,,,,,,,,,,,,
0.05210789665579796,0.05210789665579796,495,63487,,,,,,,,,,,,,,,,,,
0.054234977811574936,0.054234977811574936,496,63615,,,,,,,,,,,,,,,,,,
0.053438153117895126,0.053438153117895126,497,63743,,,,,,,,,,,,,,,,,,
0.053274597972631454,0.053274597972631454,498,63871,,,,,,,,,,,,,,,,,,
0.054356493055820465,0.054356493055820465,499,63999,1.0600633356808118,0.5359509415819089,0.5692218466669795,1.249763270972199,0.48244627389600114,0.5506828874788235,1.498895983141468,0.6537189954051305,0.8651841038144211,1.6107216045021646,0.7349226145279278,0.8266988714774669,1.657040841173672,0.7966638465234508,0.8100621283640128,1.6877933147535091,0.7840489053730911,0.8006625074476502
0.0544184185564518,0.0544184185564518,500,64127,,,,,,,,,,,,,,,,,,
0.054139066487550735,0.054139066487550735,501,64255,,,,,,,,,,,,,,,,,,
0.05240212008357048,0.05240212008357048,502,64383,,,,,,,,,,,,,,,,,,
0.0541352853178978,0.0541352853178978,503,64511,,,,,,,,,,,,,,,,,,
0.053107377141714096,0.053107377141714096,504,64639,,,,,,,,,,,,,,,,,,
0.05444297194480896,0.05444297194480896,505,64767,,,,,,,,,,,,,,,,,,
0.05484467372298241,0.05484467372298241,506,64895,,,,,,,,,,,,,,,,,,
0.05533415451645851,0.05533415451645851,507,65023,,,,,,,,,,,,,,,,,,
0.05475442484021187,0.05475442484021187,508,65151,,,,,,,,,,,,,,,,,,
0.0546654611825943,0.0546654611825943,509,65279,,,,,,,,,,,,,,,,,,
0.0541248545050621,0.0541248545050621,510,65407,,,,,,,,,,,,,,,,,,
0.054741762578487396,0.054741762578487396,511,65535,,,,,,,,,,,,,,,,,,
0.05154302716255188,0.05154302716255188,512,65663,,,,,,,,,,,,,,,,,,
0.0550508089363575,0.0550508089363575,513,65791,,,,,,,,,,,,,,,,,,
0.054333653301000595,0.054333653301000595,514,65919,,,,,,,,,,,,,,,,,,
0.0531441755592823,0.0531441755592823,515,66047,,,,,,,,,,,,,,,,,,
0.05241362005472183,0.05241362005472183,516,66175,,,,,,,,,,,,,,,,,,
0.053660258650779724,0.053660258650779724,517,66303,,,,,,,,,,,,,,,,,,
0.05398336797952652,0.05398336797952652,518,66431,,,,,,,,,,,,,,,,,,
0.05313726142048836,0.05313726142048836,519,66559,,,,,,,,,,,,,,,,,,
0.05112019553780556,0.05112019553780556,520,66687,,,,,,,,,,,,,,,,,,
0.052458517253398895,0.052458517253398895,521,66815,,,,,,,,,,,,,,,,,,
0.0519813671708107,0.0519813671708107,522,66943,,,,,,,,,,,,,,,,,,
0.05217445641756058,0.05217445641756058,523,67071,,,,,,,,,,,,,,,,,,
0.05282403156161308,0.05282403156161308,524,67199,,,,,,,,,,,,,,,,,,
0.05256173014640808,0.05256173014640808,525,67327,,,,,,,,,,,,,,,,,,
0.05351075530052185,0.05351075530052185,526,67455,,,,,,,,,,,,,,,,,,
0.05391719937324524,0.05391719937324524,527,67583,,,,,,,,,,,,,,,,,,
0.05403285101056099,0.05403285101056099,528,67711,,,,,,,,,,,,,,,,,,
0.05462668091058731,0.05462668091058731,529,67839,,,,,,,,,,,,,,,,,,
0.052752796560525894,0.052752796560525894,530,67967,,,,,,,,,,,,,,,,,,
0.053638044744729996,0.053638044744729996,531,68095,,,,,,,,,,,,,,,,,,
0.05352403596043587,0.05352403596043587,532,68223,,,,,,,,,,,,,,,,,,
0.0537789985537529,0.0537789985537529,533,68351,,,,,,,,,,,,,,,,,,
0.05428276211023331,0.05428276211023331,534,68479,,,,,,,,,,,,,,,,,,
0.053229473531246185,0.053229473531246185,535,68607,,,,,,,,,,,,,,,,,,
0.05253806710243225,0.05253806710243225,536,68735,,,,,,,,,,,,,,,,,,
0.053801506757736206,0.053801506757736206,537,68863,,,,,,,,,,,,,,,,,,
0.054632656276226044,0.054632656276226044,538,68991,,,,,,,,,,,,,,,,,,
0.05268356576561928,0.05268356576561928,539,69119,,,,,,,,,,,,,,,,,,
0.053063713014125824,0.053063713014125824,540,69247,,,,,,,,,,,,,,,,,,
0.0533764585852623,0.0533764585852623,541,69375,,,,,,,,,,,,,,,,,,
0.05444277077913284,0.05444277077913284,542,69503,,,,,,,,,,,,,,,,,,
0.05295398458838463,0.05295398458838463,543,69631,,,,,,,,,,,,,,,,,,
0.054499443620443344,0.054499443620443344,544,69759,,,,,,,,,,,,,,,,,,
0.053324125707149506,0.053324125707149506,545,69887,,,,,,,,,,,,,,,,,,
0.055124618113040924,0.055124618113040924,546,70015,,,,,,,,,,,,,,,,,,
0.05130850523710251,0.05130850523710251,547,70143,,,,,,,,,,,,,,,,,,
0.054692815989255905,0.054692815989255905,548,70271,,,,,,,,,,,,,,,,,,
0.05407124012708664,0.05407124012708664,549,70399,1.1090779491859237,0.5674371175325136,0.5925604936557828,1.1094694364624045,0.42885212506002235,0.5475923478843892,1.3134507798438082,0.5530726795008828,0.7656170453328253,1.4118518649844745,0.6199582453217984,0.7250212907214201,1.4436955939024785,0.6876662420192933,0.704026170592907,1.4748358607683558,0.6703216364223933,0.6969717228290225
0.05289711430668831,0.05289711430668831,550,70527,,,,,,,,,,,,,,,,,,
0.05248160660266876,0.05248160660266876,551,70655,,,,,,,,,,,,,,,,,,
0.053093891590833664,0.053093891590833664,552,70783,,,,,,,,,,,,,,,,,,
0.05077012628316879,0.05077012628316879,553,70911,,,,,,,,,,,,,,,,,,
0.05186004191637039,0.05186004191637039,554,71039,,,,,,,,,,,,,,,,,,
0.0539059154689312,0.0539059154689312,555,71167,,,,,,,,,,,,,,,,,,
0.05312015861272812,0.05312015861272812,556,71295,,,,,,,,,,,,,,,,,,
0.05439900606870651,0.05439900606870651,557,71423,,,,,,,,,,,,,,,,,,
0.0521092563867569,0.0521092563867569,558,71551,,,,,,,,,,,,,,,,,,
0.05418387055397034,0.05418387055397034,559,71679,,,,,,,,,,,,,,,,,,
0.051949433982372284,0.051949433982372284,560,71807,,,,,,,,,,,,,,,,,,
0.05397918447852135,0.05397918447852135,561,71935,,,,,,,,,,,,,,,,,,
0.052826859056949615,0.052826859056949615,562,72063,,,,,,,,,,,,,,,,,,
0.05155248939990997,0.05155248939990997,563,72191,,,,,,,,,,,,,,,,,,
0.05457179248332977,0.05457179248332977,564,72319,,,,,,,,,,,,,,,,,,
0.054853178560733795,0.054853178560733795,565,72447,,,,,,,,,,,,,,,,,,
0.05105601251125336,0.05105601251125336,566,72575,,,,,,,,,,,,,,,,,,
0.0545247420668602,0.0545247420668602,567,72703,,,,,,,,,,,,,,,,,,
0.05243954434990883,0.05243954434990883,568,72831,,,,,,,,,,,,,,,,,,
0.05495140329003334,0.05495140329003334,569,72959,,,,,,,,,,,,,,,,,,
0.05449061095714569,0.05449061095714569,570,73087,,,,,,,,,,,,,,,,,,
0.055095918476581573,0.055095918476581573,571,73215,,,,,,,,,,,,,,,,,,
0.054369006305933,0.054369006305933,572,73343,,,,,,,,,,,,,,,,,,
0.053344033658504486,0.053344033658504486,573,73471,,,,,,,,,,,,,,,,,,
0.053451087325811386,0.053451087325811386,574,73599,,,,,,,,,,,,,,,,,,
0.051189228892326355,0.051189228892326355,575,73727,,,,,,,,,,,,,,,,,,
0.051170822232961655,0.051170822232961655,576,73855,,,,,,,,,,,,,,,,,,
0.053720638155937195,0.053720638155937195,577,73983,,,,,,,,,,,,,,,,,,
0.05413232743740082,0.05413232743740082,578,74111,,,,,,,,,,,,,,,,,,
0.05389894172549248,0.05389894172549248,579,74239,,,,,,,,,,,,,,,,,,
0.05374879762530327,0.05374879762530327,580,74367,,,,,,,,,,,,,,,,,,
0.05242123454809189,0.05242123454809189,581,74495,,,,,,,,,,,,,,,,,,
0.052455320954322815,0.052455320954322815,582,74623,,,,,,,,,,,,,,,,,,
0.052835918962955475,0.052835918962955475,583,74751,,,,,,,,,,,,,,,,,,
0.052546147257089615,0.052546147257089615,584,74879,,,,,,,,,,,,,,,,,,
0.05147990584373474,0.05147990584373474,585,75007,,,,,,,,,,,,,,,,,,
0.053104836493730545,0.053104836493730545,586,75135,,,,,,,,,,,,,,,,,,
0.0525350384414196,0.0525350384414196,587,75263,,,,,,,,,,,,,,,,,,
0.05295169726014137,0.05295169726014137,588,75391,,,,,,,,,,,,,,,,,,
0.05317188799381256,0.05317188799381256,589,75519,,,,,,,,,,,,,,,,,,
0.053478434681892395,0.053478434681892395,590,75647,,,,,,,,,,,,,,,,,,
0.05323778837919235,0.05323778837919235,591,75775,,,,,,,,,,,,,,,,,,
0.05129058286547661,0.05129058286547661,592,75903,,,,,,,,,,,,,,,,,,
0.05250725522637367,0.05250725522637367,593,76031,,,,,,,,,,,,,,,,,,
0.052041273564100266,0.052041273564100266,594,76159,,,,,,,,,,,,,,,,,,
0.05153023451566696,0.05153023451566696,595,76287,,,,,,,,,,,,,,,,,,
0.05361500009894371,0.05361500009894371,596,76415,,,,,,,,,,,,,,,,,,
0.052021268755197525,0.052021268755197525,597,76543,,,,,,,,,,,,,,,,,,
0.05259920656681061,0.05259920656681061,598,76671,,,,,,,,,,,,,,,,,,
0.05212340131402016,0.05212340131402016,599,76799,1.0673217661379064,0.5488763736281908,0.5765604868040678,1.1918071463884392,0.4575355608575242,0.5412654748237452,1.437064297745354,0.6164141874126622,0.8359088830662478,1.5516372260397278,0.6934961304672304,0.8011752217715015,1.5959893308695876,0.7697301277441754,0.7837971262123917,1.6372721046746959,0.7555971353931159,0.7742886983270367
0.05297990143299103,0.05297990143299103,600,76927,,,,,,,,,,,,,,,,,,
0.05339602753520012,0.05339602753520012,601,77055,,,,,,,,,,,,,,,,,,
0.05406966432929039,0.05406966432929039,602,77183,,,,,,,,,,,,,,,,,,
0.0520261786878109,0.0520261786878109,603,77311,,,,,,,,,,,,,,,,,,
0.052495360374450684,0.052495360374450684,604,77439,,,,,,,,,,,,,,,,,,
0.050912484526634216,0.050912484526634216,605,77567,,,,,,,,,,,,,,,,,,
0.05370670557022095,0.05370670557022095,606,77695,,,,,,,,,,,,,,,,,,
0.05245097726583481,0.05245097726583481,607,77823,,,,,,,,,,,,,,,,,,
0.053367797285318375,0.053367797285318375,608,77951,,,,,,,,,,,,,,,,,,
0.052681006491184235,0.052681006491184235,609,78079,,,,,,,,,,,,,,,,,,
0.05236922577023506,0.05236922577023506,610,78207,,,,,,,,,,,,,,,,,,
0.05210591480135918,0.05210591480135918,611,78335,,,,,,,,,,,,,,,,,,
0.05162206292152405,0.05162206292152405,612,78463,,,,,,,,,,,,,,,,,,
0.05319851264357567,0.05319851264357567,613,78591,,,,,,,,,,,,,,,,,,
0.051161449402570724,0.051161449402570724,614,78719,,,,,,,,,,,,,,,,,,
0.05448658764362335,0.05448658764362335,615,78847,,,,,,,,,,,,,,,,,,
0.05169598385691643,0.05169598385691643,616,78975,,,,,,,,,,,,,,,,,,
0.051847584545612335,0.051847584545612335,617,79103,,,,,,,,,,,,,,,,,,
0.052126627415418625,0.052126627415418625,618,79231,,,,,,,,,,,,,,,,,,
0.052266836166381836,0.052266836166381836,619,79359,,,,,,,,,,,,,,,,,,
0.05266720801591873,0.05266720801591873,620,79487,,,,,,,,,,,,,,,,,,
0.051752541214227676,0.051752541214227676,621,79615,,,,,,,,,,,,,,,,,,
0.05133037269115448,0.05133037269115448,622,79743,,,,,,,,,,,,,,,,,,
0.049094997346401215,0.049094997346401215,623,79871,,,,,,,,,,,,,,,,,,
0.05113926902413368,0.05113926902413368,624,79999,,,,,,,,,,,,,,,,,,
0.05333779379725456,0.05333779379725456,625,80127,,,,,,,,,,,,,,,,,,
0.05298732966184616,0.05298732966184616,626,80255,,,,,,,,,,,,,,,,,,
0.052515819668769836,0.052515819668769836,627,80383,,,,,,,,,,,,,,,,,,
0.05192098394036293,0.05192098394036293,628,80511,,,,,,,,,,,,,,,,,,
0.05228874832391739,0.05228874832391739,629,80639,,,,,,,,,,,,,,,,,,
0.05195998027920723,0.05195998027920723,630,80767,,,,,,,,,,,,,,,,,,
0.05351007729768753,0.05351007729768753,631,80895,,,,,,,,,,,,,,,,,,
0.05318983644247055,0.05318983644247055,632,81023,,,,,,,,,,,,,,,,,,
0.05134635418653488,0.05134635418653488,633,81151,,,,,,,,,,,,,,,,,,
0.05060198903083801,0.05060198903083801,634,81279,,,,,,,,,,,,,,,,,,
0.05341937765479088,0.05341937765479088,635,81407,,,,,,,,,,,,,,,,,,
0.052518486976623535,0.052518486976623535,636,81535,,,,,,,,,,,,,,,,,,
0.05212598666548729,0.05212598666548729,637,81663,,,,,,,,,,,,,,,,,,
0.05154489725828171,0.05154489725828171,638,81791,,,,,,,,,,,,,,,,,,
0.05217502638697624,0.05217502638697624,639,81919,,,,,,,,,,,,,,,,,,
0.0522778183221817,0.0522778183221817,640,82047,,,,,,,,,,,,,,,,,,
0.051741525530815125,0.051741525530815125,641,82175,,,,,,,,,,,,,,,,,,
0.05105679854750633,0.05105679854750633,642,82303,,,,,,,,,,,,,,,,,,
0.05313785746693611,0.05313785746693611,643,82431,,,,,,,,,,,,,,,,,,
0.05334571748971939,0.05334571748971939,644,82559,,,,,,,,,,,,,,,,,,
0.050587259232997894,0.050587259232997894,645,82687,,,,,,,,,,,,,,,,,,
0.052221015095710754,0.052221015095710754,646,82815,,,,,,,,,,,,,,,,,,
0.051751069724559784,0.051751069724559784,647,82943,,,,,,,,,,,,,,,,,,
0.051008112728595734,0.051008112728595734,648,83071,,,,,,,,,,,,,,,,,,
0.04931392893195152,0.04931392893195152,649,83199,1.0620138676791686,0.5332758731755682,0.5673812606778528,1.2672951913734702,0.4861507033643473,0.5688481481080995,1.5449673913931181,0.6774319150092207,0.8806696720588005,1.654920653716867,0.7599601647965626,0.8606587170140904,1.6932346753125196,0.8283789006085455,0.8442450546709036,1.7341446735454549,0.8147853208818615,0.8334701163145273
0.05155204236507416,0.05155204236507416,650,83327,,,,,,,,,,,,,,,,,,
0.05146103352308273,0.05146103352308273,651,83455,,,,,,,,,,,,,,,,,,
0.052018385380506516,0.052018385380506516,652,83583,,,,,,,,,,,,,,,,,,
0.05114152655005455,0.05114152655005455,653,83711,,,,,,,,,,,,,,,,,,
0.051052480936050415,0.051052480936050415,654,83839,,,,,,,,,,,,,,,,,,
0.05277910456061363,0.05277910456061363,655,83967,,,,,,,,,,,,,,,,,,
0.052297405898571014,0.052297405898571014,656,84095,,,,,,,,,,,,,,,,,,
0.051644254475831985,0.051644254475831985,657,84223,,,,,,,,,,,,,,,,,,
0.05300699546933174,0.05300699546933174,658,84351,,,,,,,,,,,,,,,,,,
0.05249002203345299,0.05249002203345299,659,84479,,,,,,,,,,,,,,,,,,
0.05157430097460747,0.05157430097460747,660,84607,,,,,,,,,,,,,,,,,,
0.052336473017930984,0.052336473017930984,661,84735,,,,,,,,,,,,,,,,,,
0.05408758297562599,0.05408758297562599,662,84863,,,,,,,,,,,,,,,,,,
0.052381064742803574,0.052381064742803574,663,84991,,,,,,,,,,,,,,,,,,
0.05142887681722641,0.05142887681722641,664,85119,,,,,,,,,,,,,,,,,,
0.052598726004362106,0.052598726004362106,665,85247,,,,,,,,,,,,,,,,,,
0.052839118987321854,0.052839118987321854,666,85375,,,,,,,,,,,,,,,,,,
0.050819043070077896,0.050819043070077896,667,85503,,,,,,,,,,,,,,,,,,
0.051889438182115555,0.051889438182115555,668,85631,,,,,,,,,,,,,,,,,,
0.05189148709177971,0.05189148709177971,669,85759,,,,,,,,,,,,,,,,,,
0.052646707743406296,0.052646707743406296,670,85887,,,,,,,,,,,,,,,,,,
0.051424819976091385,0.051424819976091385,671,86015,,,,,,,,,,,,,,,,,,
0.05198362469673157,0.05198362469673157,672,86143,,,,,,,,,,,,,,,,,,
0.05109015852212906,0.05109015852212906,673,86271,,,,,,,,,,,,,,,,,,
0.05199750140309334,0.05199750140309334,674,86399,,,,,,,,,,,,,,,,,,
0.05226340889930725,0.05226340889930725,675,86527,,,,,,,,,,,,,,,,,,
0.05172821134328842,0.05172821134328842,676,86655,,,,,,,,,,,,,,,,,,
0.0526607520878315,0.0526607520878315,677,86783,,,,,,,,,,,,,,,,,,
0.05230610445141792,0.05230610445141792,678,86911,,,,,,,,,,,,,,,,,,
0.04861144721508026,0.04861144721508026,679,87039,,,,,,,,,,,,,,,,,,
0.05216195434331894,0.05216195434331894,680,87167,,,,,,,,,,,,,,,,,,
0.05281471833586693,0.05281471833586693,681,87295,,,,,,,,,,,,,,,,,,
0.051519934087991714,0.051519934087991714,682,87423,,,,,,,,,,,,,,,,,,
0.05161578953266144,0.05161578953266144,683,87551,,,,,,,,,,,,,,,,,,
0.05154556781053543,0.05154556781053543,684,87679,,,,,,,,,,,,,,,,,,
0.05295121669769287,0.05295121669769287,685,87807,,,,,,,,,,,,,,,,,,
0.05353543907403946,0.05353543907403946,686,87935,,,,,,,,,,,,,,,,,,
0.05189991742372513,0.05189991742372513,687,88063,,,,,,,,,,,,,,,,,,
0.051651205867528915,0.051651205867528915,688,88191,,,,,,,,,,,,,,,,,,
0.05067075788974762,0.05067075788974762,689,88319,,,,,,,,,,,,,,,,,,
0.05157111585140228,0.05157111585140228,690,88447,,,,,,,,,,,,,,,,,,
0.05129768326878548,0.05129768326878548,691,88575,,,,,,,,,,,,,,,,,,
0.05175718292593956,0.05175718292593956,692,88703,,,,,,,,,,,,,,,,,,
0.052055392414331436,0.052055392414331436,693,88831,,,,,,,,,,,,,,,,,,
0.05280819162726402,0.05280819162726402,694,88959,,,,,,,,,,,,,,,,,,
0.05237583443522453,0.05237583443522453,695,89087,,,,,,,,,,,,,,,,,,
0.05082179605960846,0.05082179605960846,696,89215,,,,,,,,,,,,,,,,,,
0.053487930446863174,0.053487930446863174,697,89343,,,,,,,,,,,,,,,,,,
0.051207974553108215,0.051207974553108215,698,89471,,,,,,,,,,,,,,,,,,
0.051433462649583817,0.051433462649583817,699,89599,1.0727096588759293,0.5084617964374079,0.5686344732645893,1.2647440618764751,0.4826400981434957,0.6165359559584335,1.511242181874902,0.6510345318185258,0.8380605357936005,1.6214104452739913,0.731959108169505,0.8265574030475815,1.6636822262851605,0.7930152234598203,0.8101459043095899,1.7006896428866307,0.778659578103486,0.7970481755179881
0.0522727407515049,0.0522727407515049,700,89727,,,,,,,,,,,,,,,,,,
0.05094707012176514,0.05094707012176514,701,89855,,,,,,,,,,,,,,,,,,
0.052451059222221375,0.052451059222221375,702,89983,,,,,,,,,,,,,,,,,,
0.05231793597340584,0.05231793597340584,703,90111,,,,,,,,,,,,,,,,,,
0.05003573000431061,0.05003573000431061,704,90239,,,,,,,,,,,,,,,,,,
0.05267471820116043,0.05267471820116043,705,90367,,,,,,,,,,,,,,,,,,
0.05239284411072731,0.05239284411072731,706,90495,,,,,,,,,,,,,,,,,,
0.05107375606894493,0.05107375606894493,707,90623,,,,,,,,,,,,,,,,,,
0.050532497465610504,0.050532497465610504,708,90751,,,,,,,,,,,,,,,,,,
0.05138193815946579,0.05138193815946579,709,90879,,,,,,,,,,,,,,,,,,
0.051556408405303955,0.051556408405303955,710,91007,,,,,,,,,,,,,,,,,,
0.05274105817079544,0.05274105817079544,711,91135,,,,,,,,,,,,,,,,,,
0.05041129142045975,0.05041129142045975,712,91263,,,,,,,,,,,,,,,,,,
0.05272287502884865,0.05272287502884865,713,91391,,,,,,,,,,,,,,,,,,
0.052219826728105545,0.052219826728105545,714,91519,,,,,,,,,,,,,,,,,,
0.05107274651527405,0.05107274651527405,715,91647,,,,,,,,,,,,,,,,,,
0.05213141441345215,0.05213141441345215,716,91775,,,,,,,,,,,,,,,,,,
0.05212252214550972,0.05212252214550972,717,91903,,,,,,,,,,,,,,,,,,
0.051595449447631836,0.051595449447631836,718,92031,,,,,,,,,,,,,,,,,,
0.05322526395320892,0.05322526395320892,719,92159,,,,,,,,,,,,,,,,,,
0.05143899470567703,0.05143899470567703,720,92287,,,,,,,,,,,,,,,,,,
0.05210128054022789,0.05210128054022789,721,92415,,,,,,,,,,,,,,,,,,
0.05118577927350998,0.05118577927350998,722,92543,,,,,,,,,,,,,,,,,,
0.051542166620492935,0.051542166620492935,723,92671,,,,,,,,,,,,,,,,,,
0.05126335844397545,0.05126335844397545,724,92799,,,,,,,,,,,,,,,,,,
0.051943469792604446,0.051943469792604446,725,92927,,,,,,,,,,,,,,,,,,
0.05330444499850273,0.05330444499850273,726,93055,,,,,,,,,,,,,,,,,,
0.04917784035205841,0.04917784035205841,727,93183,,,,,,,,,,,,,,,,,,
0.05201468616724014,0.05201468616724014,728,93311,,,,,,,,,,,,,,,,,,
0.051658570766448975,0.051658570766448975,729,93439,,,,,,,,,,,,,,,,,,
0.05074389651417732,0.05074389651417732,730,93567,,,,,,,,,,,,,,,,,,
0.05091537535190582,0.05091537535190582,731,93695,,,,,,,,,,,,,,,,,,
0.050982266664505005,0.050982266664505005,732,93823,,,,,,,,,,,,,,,,,,
0.052351467311382294,0.052351467311382294,733,93951,,,,,,,,,,,,,,,,,,
0.051608532667160034,0.051608532667160034,734,94079,,,,,,,,,,,,,,,,,,
0.05164330452680588,0.05164330452680588,735,94207,,,,,,,,,,,,,,,,,,
0.05096428468823433,0.05096428468823433,736,94335,,,,,,,,,,,,,,,,,,
0.05140053480863571,0.05140053480863571,737,94463,,,,,,,,,,,,,,,,,,
0.052981793880462646,0.052981793880462646,738,94591,,,,,,,,,,,,,,,,,,
0.05233777314424515,0.05233777314424515,739,94719,,,,,,,,,,,,,,,,,,
0.051267851144075394,0.051267851144075394,740,94847,,,,,,,,,,,,,,,,,,
0.051617421209812164,0.051617421209812164,741,94975,,,,,,,,,,,,,,,,,,
0.051051076501607895,0.051051076501607895,742,95103,,,,,,,,,,,,,,,,,,
0.05082813277840614,0.05082813277840614,743,95231,,,,,,,,,,,,,,,,,,
0.05196891725063324,0.05196891725063324,744,95359,,,,,,,,,,,,,,,,,,
0.05162408947944641,0.05162408947944641,745,95487,,,,,,,,,,,,,,,,,,
0.05290853604674339,0.05290853604674339,746,95615,,,,,,,,,,,,,,,,,,
0.052334580570459366,0.052334580570459366,747,95743,,,,,,,,,,,,,,,,,,
0.050994597375392914,0.050994597375392914,748,95871,,,,,,,,,,,,,,,,,,
0.05174601823091507,0.05174601823091507,749,95999,1.062102486895637,0.5372956602190706,0.5759647049653103,1.2110970724228138,0.4662625115331107,0.5504317200711588,1.4283005418769978,0.612237843091155,0.812168076124852,1.5284765778737799,0.6809980218690436,0.7836978920102169,1.565157260028258,0.7505916993788836,0.7646265880387609,1.592925024541741,0.733288569420771,0.7471515464552861
0.052514687180519104,0.052514687180519104,750,96127,,,,,,,,,,,,,,,,,,
0.052678827196359634,0.052678827196359634,751,96255,,,,,,,,,,,,,,,,,,
0.05257653072476387,0.05257653072476387,752,96383,,,,,,,,,,,,,,,,,,
0.05065438896417618,0.05065438896417618,753,96511,,,,,,,,,,,,,,,,,,
0.0516497939825058,0.0516497939825058,754,96639,,,,,,,,,,,,,,,,,,
0.05240534991025925,0.05240534991025925,755,96767,,,,,,,,,,,,,,,,,,
0.05183180421590805,0.05183180421590805,756,96895,,,,,,,,,,,,,,,,,,
0.05230812728404999,0.05230812728404999,757,97023,,,,,,,,,,,,,,,,,,
0.05229317769408226,0.05229317769408226,758,97151,,,,,,,,,,,,,,,,,,
0.051772866398096085,0.051772866398096085,759,97279,,,,,,,,,,,,,,,,,,
0.04912112280726433,0.04912112280726433,760,97407,,,,,,,,,,,,,,,,,,
0.05167408287525177,0.05167408287525177,761,97535,,,,,,,,,,,,,,,,,,
0.0511808842420578,0.0511808842420578,762,97663,,,,,,,,,,,,,,,,,,
0.05277866870164871,0.05277866870164871,763,97791,,,,,,,,,,,,,,,,,,
0.05074245110154152,0.05074245110154152,764,97919,,,,,,,,,,,,,,,,,,
0.050263408571481705,0.050263408571481705,765,98047,,,,,,,,,,,,,,,,,,
0.05148152634501457,0.05148152634501457,766,98175,,,,,,,,,,,,,,,,,,
0.05081877112388611,0.05081877112388611,767,98303,,,,,,,,,,,,,,,,,,
0.04973544925451279,0.04973544925451279,768,98431,,,,,,,,,,,,,,,,,,
0.052416712045669556,0.052416712045669556,769,98559,,,,,,,,,,,,,,,,,,
0.05097237601876259,0.05097237601876259,770,98687,,,,,,,,,,,,,,,,,,
0.051601238548755646,0.051601238548755646,771,98815,,,,,,,,,,,,,,,,,,
0.05083587020635605,0.05083587020635605,772,98943,,,,,,,,,,,,,,,,,,
0.05006612837314606,0.05006612837314606,773,99071,,,,,,,,,,,,,,,,,,
0.05124587193131447,0.05124587193131447,774,99199,,,,,,,,,,,,,,,,,,
0.051587894558906555,0.051587894558906555,775,99327,,,,,,,,,,,,,,,,,,
0.05060721933841705,0.05060721933841705,776,99455,,,,,,,,,,,,,,,,,,
0.0502617284655571,0.0502617284655571,777,99583,,,,,,,,,,,,,,,,,,
0.05185602605342865,0.05185602605342865,778,99711,,,,,,,,,,,,,,,,,,
0.05267120525240898,0.05267120525240898,779,99839,,,,,,,,,,,,,,,,,,
0.0530020147562027,0.0530020147562027,780,99967,,,,,,,,,,,,,,,,,,
0.05106896907091141,0.05106896907091141,781,100095,,,,,,,,,,,,,,,,,,
0.05086604878306389,0.05086604878306389,782,100223,,,,,,,,,,,,,,,,,,
0.050970710813999176,0.050970710813999176,783,100351,,,,,,,,,,,,,,,,,,
0.05129986256361008,0.05129986256361008,784,100479,,,,,,,,,,,,,,,,,,
0.050505381077528,0.050505381077528,785,100607,,,,,,,,,,,,,,,,,,
0.05180732533335686,0.05180732533335686,786,100735,,,,,,,,,,,,,,,,,,
0.05063179135322571,0.05063179135322571,787,100863,,,,,,,,,,,,,,,,,,
0.05058295279741287,0.05058295279741287,788,100991,,,,,,,,,,,,,,,,,,
0.051590707153081894,0.051590707153081894,789,101119,,,,,,,,,,,,,,,,,,
0.04972357675433159,0.04972357675433159,790,101247,,,,,,,,,,,,,,,,,,
0.051735516637563705,0.051735516637563705,791,101375,,,,,,,,,,,,,,,,,,
0.051174428313970566,0.051174428313970566,792,101503,,,,,,,,,,,,,,,,,,
0.051520876586437225,0.051520876586437225,793,101631,,,,,,,,,,,,,,,,,,
0.051511961966753006,0.051511961966753006,794,101759,,,,,,,,,,,,,,,,,,
0.05053937807679176,0.05053937807679176,795,101887,,,,,,,,,,,,,,,,,,
0.05121820047497749,0.05121820047497749,796,102015,,,,,,,,,,,,,,,,,,
0.049846746027469635,0.049846746027469635,797,102143,,,,,,,,,,,,,,,,,,
0.05132179707288742,0.05132179707288742,798,102271,,,,,,,,,,,,,,,,,,
0.05033625662326813,0.05033625662326813,799,102399,1.0771668744855478,0.5378526718853408,0.573103941984577,1.2551686192575842,0.48874082807370645,0.59762834359002,1.4927051053251992,0.6365572302467686,0.8070123292364515,1.5950279500099276,0.7106571899839318,0.804489386892674,1.629481994353703,0.7751437920427279,0.7918901764653339,1.666861273732166,0.7633057569981557,0.7804408876983069
0.05237365514039993,0.05237365514039993,800,102527,,,,,,,,,,,,,,,,,,
0.04887367784976959,0.04887367784976959,801,102655,,,,,,,,,,,,,,,,,,
0.05075417459011078,0.05075417459011078,802,102783,,,,,,,,,,,,,,,,,,
0.053124867379665375,0.053124867379665375,803,102911,,,,,,,,,,,,,,,,,,
0.05030190572142601,0.05030190572142601,804,103039,,,,,,,,,,,,,,,,,,
0.05207173153758049,0.05207173153758049,805,103167,,,,,,,,,,,,,,,,,,
0.05046539008617401,0.05046539008617401,806,103295,,,,,,,,,,,,,,,,,,
0.051072441041469574,0.051072441041469574,807,103423,,,,,,,,,,,,,,,,,,
0.051140401512384415,0.051140401512384415,808,103551,,,,,,,,,,,,,,,,,,
0.05246992036700249,0.05246992036700249,809,103679,,,,,,,,,,,,,,,,,,
0.05060940980911255,0.05060940980911255,810,103807,,,,,,,,,,,,,,,,,,
0.05166411027312279,0.05166411027312279,811,103935,,,,,,,,,,,,,,,,,,
0.0510040782392025,0.0510040782392025,812,104063,,,,,,,,,,,,,,,,,,
0.05113981291651726,0.05113981291651726,813,104191,,,,,,,,,,,,,,,,,,
0.050698135048151016,0.050698135048151016,814,104319,,,,,,,,,,,,,,,,,,
0.05151842162013054,0.05151842162013054,815,104447,,,,,,,,,,,,,,,,,,
0.05061362311244011,0.05061362311244011,816,104575,,,,,,,,,,,,,,,,,,
0.05201044678688049,0.05201044678688049,817,104703,,,,,,,,,,,,,,,,,,
0.050797928124666214,0.050797928124666214,818,104831,,,,,,,,,,,,,,,,,,
0.05118076503276825,0.05118076503276825,819,104959,,,,,,,,,,,,,,,,,,
0.050644755363464355,0.050644755363464355,820,105087,,,,,,,,,,,,,,,,,,
0.05064622685313225,0.05064622685313225,821,105215,,,,,,,,,,,,,,,,,,
0.05055723339319229,0.05055723339319229,822,105343,,,,,,,,,,,,,,,,,,
0.051437024027109146,0.051437024027109146,823,105471,,,,,,,,,,,,,,,,,,
0.050519898533821106,0.050519898533821106,824,105599,,,,,,,,,,,,,,,,,,
0.05209114030003548,0.05209114030003548,825,105727,,,,,,,,,,,,,,,,,,
0.05152659863233566,0.05152659863233566,826,105855,,,,,,,,,,,,,,,,,,
0.05114855244755745,0.05114855244755745,827,105983,,,,,,,,,,,,,,,,,,
0.05063686892390251,0.05063686892390251,828,106111,,,,,,,,,,,,,,,,,,
0.05238613113760948,0.05238613113760948,829,106239,,,,,,,,,,,,,,,,,,
0.049803800880908966,0.049803800880908966,830,106367,,,,,,,,,,,,,,,,,,
0.05045437812805176,0.05045437812805176,831,106495,,,,,,,,,,,,,,,,,,
0.05048026517033577,0.05048026517033577,832,106623,,,,,,,,,,,,,,,,,,
0.05063897743821144,0.05063897743821144,833,106751,,,,,,,,,,,,,,,,,,
0.04880208522081375,0.04880208522081375,834,106879,,,,,,,,,,,,,,,,,,
0.0519222728908062,0.0519222728908062,835,107007,,,,,,,,,,,,,,,,,,
0.05048520863056183,0.05048520863056183,836,107135,,,,,,,,,,,,,,,,,,
0.05178404226899147,0.05178404226899147,837,107263,,,,,,,,,,,,,,,,,,
0.050396233797073364,0.050396233797073364,838,107391,,,,,,,,,,,,,,,,,,
0.05052869766950607,0.05052869766950607,839,107519,,,,,,,,,,,,,,,,,,
0.05061507970094681,0.05061507970094681,840,107647,,,,,,,,,,,,,,,,,,
0.05034754052758217,0.05034754052758217,841,107775,,,,,,,,,,,,,,,,,,
0.05248378589749336,0.05248378589749336,842,107903,,,,,,,,,,,,,,,,,,
0.05122343823313713,0.05122343823313713,843,108031,,,,,,,,,,,,,,,,,,
0.050665855407714844,0.050665855407714844,844,108159,,,,,,,,,,,,,,,,,,
0.05148126929998398,0.05148126929998398,845,108287,,,,,,,,,,,,,,,,,,
0.05058353394269943,0.05058353394269943,846,108415,,,,,,,,,,,,,,,,,,
0.04999057948589325,0.04999057948589325,847,108543,,,,,,,,,,,,,,,,,,
0.05092402547597885,0.05092402547597885,848,108671,,,,,,,,,,,,,,,,,,
0.05074075609445572,0.05074075609445572,849,108799,1.1385209050917566,0.5564035718386432,0.5923302138828425,1.050221872418725,0.41559933954117695,0.5663409093207058,1.177281447713874,0.47472610672972987,0.6625447821246012,1.2695017436564124,0.5555874435623047,0.6510956247288979,1.3159572075010257,0.5998085172201426,0.6270770092327318,1.3011612785697517,0.5771787208835942,0.6070327904972801
0.05097171664237976,0.05097171664237976,850,108927,,,,,,,,,,,,,,,,,,
0.05189088359475136,0.05189088359475136,851,109055,,,,,,,,,,,,,,,,,,
0.05094469338655472,0.05094469338655472,852,109183,,,,,,,,,,,,,,,,,,
0.05052770674228668,0.05052770674228668,853,109311,,,,,,,,,,,,,,,,,,
0.04920295253396034,0.04920295253396034,854,109439,,,,,,,,,,,,,,,,,,
0.050292108207941055,0.050292108207941055,855,109567,,,,,,,,,,,,,,,,,,
0.051306866109371185,0.051306866109371185,856,109695,,,,,,,,,,,,,,,,,,
0.05160267651081085,0.05160267651081085,857,109823,,,,,,,,,,,,,,,,,,
0.050780922174453735,0.050780922174453735,858,109951,,,,,,,,,,,,,,,,,,
0.05122442543506622,0.05122442543506622,859,110079,,,,,,,,,,,,,,,,,,
0.05017433688044548,0.05017433688044548,860,110207,,,,,,,,,,,,,,,,,,
0.05106094479560852,0.05106094479560852,861,110335,,,,,,,,,,,,,,,,,,
0.05110723525285721,0.05110723525285721,862,110463,,,,,,,,,,,,,,,,,,
0.050642743706703186,0.050642743706703186,863,110591,,,,,,,,,,,,,,,,,,
0.051606204360723495,0.051606204360723495,864,110719,,,,,,,,,,,,,,,,,,
0.05108221620321274,0.05108221620321274,865,110847,,,,,,,,,,,,,,,,,,
0.04991195723414421,0.04991195723414421,866,110975,,,,,,,,,,,,,,,,,,
0.04915624484419823,0.04915624484419823,867,111103,,,,,,,,,,,,,,,,,,
0.05121401697397232,0.05121401697397232,868,111231,,,,,,,,,,,,,,,,,,
0.05237632617354393,0.05237632617354393,869,111359,,,,,,,,,,,,,,,,,,
0.04891543090343475,0.04891543090343475,870,111487,,,,,,,,,,,,,,,,,,
0.05188044533133507,0.05188044533133507,871,111615,,,,,,,,,,,,,,,,,,
0.05096699669957161,0.05096699669957161,872,111743,,,,,,,,,,,,,,,,,,
0.050587039440870285,0.050587039440870285,873,111871,,,,,,,,,,,,,,,,,,
0.05066384747624397,0.05066384747624397,874,111999,,,,,,,,,,,,,,,,,,
0.05150794982910156,0.05150794982910156,875,112127,,,,,,,,,,,,,,,,,,
0.05080544576048851,0.05080544576048851,876,112255,,,,,,,,,,,,,,,,,,
0.050130121409893036,0.050130121409893036,877,112383,,,,,,,,,,,,,,,,,,
0.05110044404864311,0.05110044404864311,878,112511,,,,,,,,,,,,,,,,,,
0.04860192537307739,0.04860192537307739,879,112639,,,,,,,,,,,,,,,,,,
0.050996169447898865,0.050996169447898865,880,112767,,,,,,,,,,,,,,,,,,
0.05036303773522377,0.05036303773522377,881,112895,,,,,,,,,,,,,,,,,,
0.05152299255132675,0.05152299255132675,882,113023,,,,,,,,,,,,,,,,,,
0.05120275542140007,0.05120275542140007,883,113151,,,,,,,,,,,,,,,,,,
0.0512566864490509,0.0512566864490509,884,113279,,,,,,,,,,,,,,,,,,
0.05081342160701752,0.05081342160701752,885,113407,,,,,,,,,,,,,,,,,,
0.051898662000894547,0.051898662000894547,886,113535,,,,,,,,,,,,,,,,,,
0.051128387451171875,0.051128387451171875,887,113663,,,,,,,,,,,,,,,,,,
0.05078360065817833,0.05078360065817833,888,113791,,,,,,,,,,,,,,,,,,
0.049041226506233215,0.049041226506233215,889,113919,,,,,,,,,,,,,,,,,,
0.04979724809527397,0.04979724809527397,890,114047,,,,,,,,,,,,,,,,,,
0.05368025600910187,0.05368025600910187,891,114175,,,,,,,,,,,,,,,,,,
0.04926777258515358,0.04926777258515358,892,114303,,,,,,,,,,,,,,,,,,
0.05110066384077072,0.05110066384077072,893,114431,,,,,,,,,,,,,,,,,,
0.050979528576135635,0.050979528576135635,894,114559,,,,,,,,,,,,,,,,,,
0.05027220398187637,0.05027220398187637,895,114687,,,,,,,,,,,,,,,,,,
0.05166971683502197,0.05166971683502197,896,114815,,,,,,,,,,,,,,,,,,
0.04986877366900444,0.04986877366900444,897,114943,,,,,,,,,,,,,,,,,,
0.0497775562107563,0.0497775562107563,898,115071,,,,,,,,,,,,,,,,,,
0.051393117755651474,0.051393117755651474,899,115199,1.0691758810492928,0.5469239376334762,0.5696422810565404,1.2331648506460342,0.4796364940991954,0.5792673961205691,1.4842440412340177,0.635174164571315,0.8367197963564332,1.5973815660866886,0.7119691383712552,0.8215473688536209,1.6384251998715402,0.7916642607399632,0.8061356307562259,1.6774304348035536,0.7789453511477282,0.7952402434559718
0.05030031129717827,0.05030031129717827,900,115327,,,,,,,,,,,,,,,,,,
0.051423829048871994,0.051423829048871994,901,115455,,,,,,,,,,,,,,,,,,
0.0504879467189312,0.0504879467189312,902,115583,,,,,,,,,,,,,,,,,,
0.051554255187511444,0.051554255187511444,903,115711,,,,,,,,,,,,,,,,,,
0.049984123557806015,0.049984123557806015,904,115839,,,,,,,,,,,,,,,,,,
0.05281424522399902,0.05281424522399902,905,115967,,,,,,,,,,,,,,,,,,
0.05211012437939644,0.05211012437939644,906,116095,,,,,,,,,,,,,,,,,,
0.05084036663174629,0.05084036663174629,907,116223,,,,,,,,,,,,,,,,,,
0.05309304594993591,0.05309304594993591,908,116351,,,,,,,,,,,,,,,,,,
0.05013633146882057,0.05013633146882057,909,116479,,,,,,,,,,,,,,,,,,
0.05162318795919418,0.05162318795919418,910,116607,,,,,,,,,,,,,,,,,,
0.049218203872442245,0.049218203872442245,911,116735,,,,,,,,,,,,,,,,,,
0.05173659324645996,0.05173659324645996,912,116863,,,,,,,,,,,,,,,,,,
0.05068189650774002,0.05068189650774002,913,116991,,,,,,,,,,,,,,,,,,
0.04897725582122803,0.04897725582122803,914,117119,,,,,,,,,,,,,,,,,,
0.04979401081800461,0.04979401081800461,915,117247,,,,,,,,,,,,,,,,,,
0.05064612999558449,0.05064612999558449,916,117375,,,,,,,,,,,,,,,,,,
0.05085405707359314,0.05085405707359314,917,117503,,,,,,,,,,,,,,,,,,
0.05117747187614441,0.05117747187614441,918,117631,,,,,,,,,,,,,,,,,,
0.04964859411120415,0.04964859411120415,919,117759,,,,,,,,,,,,,,,,,,
0.05005458742380142,0.05005458742380142,920,117887,,,,,,,,,,,,,,,,,,
0.05161294341087341,0.05161294341087341,921,118015,,,,,,,,,,,,,,,,,,
0.051592543721199036,0.051592543721199036,922,118143,,,,,,,,,,,,,,,,,,
0.05105019360780716,0.05105019360780716,923,118271,,,,,,,,,,,,,,,,,,
0.05081431195139885,0.05081431195139885,924,118399,,,,,,,,,,,,,,,,,,
0.04969276860356331,0.04969276860356331,925,118527,,,,,,,,,,,,,,,,,,
0.04963317885994911,0.04963317885994911,926,118655,,,,,,,,,,,,,,,,,,
0.05122038349509239,0.05122038349509239,927,118783,,,,,,,,,,,,,,,,,,
0.051643554121255875,0.051643554121255875,928,118911,,,,,,,,,,,,,,,,,,
0.050333719700574875,0.050333719700574875,929,119039,,,,,,,,,,,,,,,,,,
0.050065744668245316,0.050065744668245316,930,119167,,,,,,,,,,,,,,,,,,
0.050905004143714905,0.050905004143714905,931,119295,,,,,,,,,,,,,,,,,,
0.050445470958948135,0.050445470958948135,932,119423,,,,,,,,,,,,,,,,,,
0.050634562969207764,0.050634562969207764,933,119551,,,,,,,,,,,,,,,,,,
0.05078233778476715,0.05078233778476715,934,119679,,,,,,,,,,,,,,,,,,
0.05045531690120697,0.05045531690120697,935,119807,,,,,,,,,,,,,,,,,,
0.05108918249607086,0.05108918249607086,936,119935,,,,,,,,,,,,,,,,,,
0.051973264664411545,0.051973264664411545,937,120063,,,,,,,,,,,,,,,,,,
0.05069803446531296,0.05069803446531296,938,120191,,,,,,,,,,,,,,,,,,
0.05050821602344513,0.05050821602344513,939,120319,,,,,,,,,,,,,,,,,,
0.05133449658751488,0.05133449658751488,940,120447,,,,,,,,,,,,,,,,,,
0.05032448470592499,0.05032448470592499,941,120575,,,,,,,,,,,,,,,,,,
0.04900263249874115,0.04900263249874115,942,120703,,,,,,,,,,,,,,,,,,
0.05027580261230469,0.05027580261230469,943,120831,,,,,,,,,,,,,,,,,,
0.05145393684506416,0.05145393684506416,944,120959,,,,,,,,,,,,,,,,,,
0.04933972656726837,0.04933972656726837,945,121087,,,,,,,,,,,,,,,,,,
0.049128495156764984,0.049128495156764984,946,121215,,,,,,,,,,,,,,,,,,
0.0511837974190712,0.0511837974190712,947,121343,,,,,,,,,,,,,,,,,,
0.05011078342795372,0.05011078342795372,948,121471,,,,,,,,,,,,,,,,,,
0.05033420771360397,0.05033420771360397,949,121599,1.092999836845209,0.5540208121875442,0.5787950172244103,1.074524523694136,0.4398487157509074,0.563996354923537,1.2340866537996398,0.5124822498285164,0.7021733437184077,1.3349775890765125,0.5984495715786748,0.6919833461064778,1.3892395667906325,0.6568706056272414,0.676296025883067,1.3844319910637573,0.6445675220370114,0.6668491123510121
0.04997985437512398,0.04997985437512398,950,121727,,,,,,,,,,,,,,,,,,
0.049975425004959106,0.049975425004959106,951,121855,,,,,,,,,,,,,,,,,,
0.04999028146266937,0.04999028146266937,952,121983,,,,,,,,,,,,,,,,,,
0.05147596821188927,0.05147596821188927,953,122111,,,,,,,,,,,,,,,,,,
0.05247650295495987,0.05247650295495987,954,122239,,,,,,,,,,,,,,,,,,
0.0492684580385685,0.0492684580385685,955,122367,,,,,,,,,,,,,,,,,,
0.04956864193081856,0.04956864193081856,956,122495,,,,,,,,,,,,,,,,,,
0.05100769177079201,0.05100769177079201,957,122623,,,,,,,,,,,,,,,,,,
0.049450960010290146,0.049450960010290146,958,122751,,,,,,,,,,,,,,,,,,
0.05023958161473274,0.05023958161473274,959,122879,,,,,,,,,,,,,,,,,,
0.049882061779499054,0.049882061779499054,960,123007,,,,,,,,,,,,,,,,,,
0.050736747682094574,0.050736747682094574,961,123135,,,,,,,,,,,,,,,,,,
0.04895508661866188,0.04895508661866188,962,123263,,,,,,,,,,,,,,,,,,
0.05067242309451103,0.05067242309451103,963,123391,,,,,,,,,,,,,,,,,,
0.04999265447258949,0.04999265447258949,964,123519,,,,,,,,,,,,,,,,,,
0.05057354271411896,0.05057354271411896,965,123647,,,,,,,,,,,,,,,,,,
0.05225924775004387,0.05225924775004387,966,123775,,,,,,,,,,,,,,,,,,
0.0504319928586483,0.0504319928586483,967,123903,,,,,,,,,,,,,,,,,,
0.04998984560370445,0.04998984560370445,968,124031,,,,,,,,,,,,,,,,,,
0.050800301134586334,0.050800301134586334,969,124159,,,,,,,,,,,,,,,,,,
0.04989050328731537,0.04989050328731537,970,124287,,,,,,,,,,,,,,,,,,
0.049278177320957184,0.049278177320957184,971,124415,,,,,,,,,,,,,,,,,,
0.05050000920891762,0.05050000920891762,972,124543,,,,,,,,,,,,,,,,,,
0.05194316804409027,0.05194316804409027,973,124671,,,,,,,,,,,,,,,,,,
0.050083454698324203,0.050083454698324203,974,124799,,,,,,,,,,,,,,,,,,
0.05109614133834839,0.05109614133834839,975,124927,,,,,,,,,,,,,,,,,,
0.05028858408331871,0.05028858408331871,976,125055,,,,,,,,,,,,,,,,,,
0.0505753755569458,0.0505753755569458,977,125183,,,,,,,,,,,,,,,,,,
0.05105629935860634,0.05105629935860634,978,125311,,,,,,,,,,,,,,,,,,
0.04961962252855301,0.04961962252855301,979,125439,,,,,,,,,,,,,,,,,,
0.050573524087667465,0.050573524087667465,980,125567,,,,,,,,,,,,,,,,,,
0.04939822107553482,0.04939822107553482,981,125695,,,,,,,,,,,,,,,,,,
0.049444589763879776,0.049444589763879776,982,125823,,,,,,,,,,,,,,,,,,
0.05065048858523369,0.05065048858523369,983,125951,,,,,,,,,,,,,,,,,,
0.0495804138481617,0.0495804138481617,984,126079,,,,,,,,,,,,,,,,,,
0.05044262483716011,0.05044262483716011,985,126207,,,,,,,,,,,,,,,,,,
0.04978716000914574,0.04978716000914574,986,126335,,,,,,,,,,,,,,,,,,
0.04954524338245392,0.04954524338245392,987,126463,,,,,,,,,,,,,,,,,,
0.050464317202568054,0.050464317202568054,988,126591,,,,,,,,,,,,,,,,,,
0.051147349178791046,0.051147349178791046,989,126719,,,,,,,,,,,,,,,,,,
0.049923546612262726,0.049923546612262726,990,126847,,,,,,,,,,,,,,,,,,
0.04959607124328613,0.04959607124328613,991,126975,,,,,,,,,,,,,,,,,,
0.05044705048203468,0.05044705048203468,992,127103,,,,,,,,,,,,,,,,,,
0.050463564693927765,0.050463564693927765,993,127231,,,,,,,,,,,,,,,,,,
0.05041510984301567,0.05041510984301567,994,127359,,,,,,,,,,,,,,,,,,
0.05005241185426712,0.05005241185426712,995,127487,,,,,,,,,,,,,,,,,,
0.05109920725226402,0.05109920725226402,996,127615,,,,,,,,,,,,,,,,,,
0.052117906510829926,0.052117906510829926,997,127743,,,,,,,,,,,,,,,,,,
0.052036352455616,0.052036352455616,998,127871,,,,,,,,,,,,,,,,,,
0.05000659078359604,0.05000659078359604,999,127999,1.06430375048328,0.5422110929255141,0.5627392086991652,1.199589783584171,0.4737311687715206,0.5733389328434579,1.4535063959666994,0.6133623275794035,0.8244855734722998,1.5856384406035904,0.7070060094137636,0.8185197579825055,1.6374062360115658,0.78739300269251,0.8042849631982724,1.6638435361637198,0.7753823089849298,0.7898605004484928
