train_loss,train_elbo_loss,epoch,step,val_CRPS_0.5,val_ND_0.5,val_NRMSE_0.5,val_CRPS_1.0,val_ND_1.0,val_NRMSE_1.0,val_CRPS_2.0,val_ND_2.0,val_NRMSE_2.0,val_CRPS_4.0,val_ND_4.0,val_NRMSE_4.0,val_CRPS_8.0,val_ND_8.0,val_NRMSE_8.0,val_CRPS_16.0,val_ND_16.0,val_NRMSE_16.0,val_CRPS_24.0,val_ND_24.0,val_NRMSE_24.0,val_CRPS_32.0,val_ND_32.0,val_NRMSE_32.0
1.1273523569107056,1.1273523569107056,0,127,,,,,,,,,,,,,,,,,,,,,,,,
0.7555096745491028,0.7555096745491028,1,255,,,,,,,,,,,,,,,,,,,,,,,,
0.11266732215881348,0.11266732215881348,2,383,,,,,,,,,,,,,,,,,,,,,,,,
4.137211799621582,4.137211799621582,3,511,,,,,,,,,,,,,,,,,,,,,,,,
1.2476783990859985,1.2476783990859985,4,639,,,,,,,,,,,,,,,,,,,,,,,,
0.11301611363887787,0.11301611363887787,5,767,,,,,,,,,,,,,,,,,,,,,,,,
1.2526341676712036,1.2526341676712036,6,895,,,,,,,,,,,,,,,,,,,,,,,,
2.668260335922241,2.668260335922241,7,1023,,,,,,,,,,,,,,,,,,,,,,,,
0.10049527138471603,0.10049527138471603,8,1151,,,,,,,,,,,,,,,,,,,,,,,,
0.7371839284896851,0.7371839284896851,9,1279,,,,,,,,,,,,,,,,,,,,,,,,
0.5502975583076477,0.5502975583076477,10,1407,,,,,,,,,,,,,,,,,,,,,,,,
0.4635689854621887,0.4635689854621887,11,1535,,,,,,,,,,,,,,,,,,,,,,,,
0.9135721921920776,0.9135721921920776,12,1663,,,,,,,,,,,,,,,,,,,,,,,,
1.7485840320587158,1.7485840320587158,13,1791,,,,,,,,,,,,,,,,,,,,,,,,
0.0957033634185791,0.0957033634185791,14,1919,,,,,,,,,,,,,,,,,,,,,,,,
0.497604101896286,0.497604101896286,15,2047,,,,,,,,,,,,,,,,,,,,,,,,
1.0376745462417603,1.0376745462417603,16,2175,,,,,,,,,,,,,,,,,,,,,,,,
2.421553134918213,2.421553134918213,17,2303,,,,,,,,,,,,,,,,,,,,,,,,
0.1396133154630661,0.1396133154630661,18,2431,,,,,,,,,,,,,,,,,,,,,,,,
0.2564506530761719,0.2564506530761719,19,2559,,,,,,,,,,,,,,,,,,,,,,,,
0.597055196762085,0.597055196762085,20,2687,,,,,,,,,,,,,,,,,,,,,,,,
0.7688003778457642,0.7688003778457642,21,2815,,,,,,,,,,,,,,,,,,,,,,,,
1.7901681661605835,1.7901681661605835,22,2943,,,,,,,,,,,,,,,,,,,,,,,,
0.10171712189912796,0.10171712189912796,23,3071,,,,,,,,,,,,,,,,,,,,,,,,
0.8735322952270508,0.8735322952270508,24,3199,,,,,,,,,,,,,,,,,,,,,,,,
1.867892861366272,1.867892861366272,25,3327,,,,,,,,,,,,,,,,,,,,,,,,
0.30942827463150024,0.30942827463150024,26,3455,,,,,,,,,,,,,,,,,,,,,,,,
0.755192756652832,0.755192756652832,27,3583,,,,,,,,,,,,,,,,,,,,,,,,
0.15472567081451416,0.15472567081451416,28,3711,,,,,,,,,,,,,,,,,,,,,,,,
0.2188357561826706,0.2188357561826706,29,3839,,,,,,,,,,,,,,,,,,,,,,,,
0.2335810363292694,0.2335810363292694,30,3967,,,,,,,,,,,,,,,,,,,,,,,,
0.8365175127983093,0.8365175127983093,31,4095,,,,,,,,,,,,,,,,,,,,,,,,
0.27970871329307556,0.27970871329307556,32,4223,,,,,,,,,,,,,,,,,,,,,,,,
0.12779682874679565,0.12779682874679565,33,4351,,,,,,,,,,,,,,,,,,,,,,,,
0.6684785485267639,0.6684785485267639,34,4479,,,,,,,,,,,,,,,,,,,,,,,,
0.19500571489334106,0.19500571489334106,35,4607,,,,,,,,,,,,,,,,,,,,,,,,
0.09873655438423157,0.09873655438423157,36,4735,,,,,,,,,,,,,,,,,,,,,,,,
0.13540443778038025,0.13540443778038025,37,4863,,,,,,,,,,,,,,,,,,,,,,,,
1.7044832706451416,1.7044832706451416,38,4991,,,,,,,,,,,,,,,,,,,,,,,,
1.3465139865875244,1.3465139865875244,39,5119,,,,,,,,,,,,,,,,,,,,,,,,
0.09282957017421722,0.09282957017421722,40,5247,,,,,,,,,,,,,,,,,,,,,,,,
0.1393093466758728,0.1393093466758728,41,5375,,,,,,,,,,,,,,,,,,,,,,,,
1.9314011335372925,1.9314011335372925,42,5503,,,,,,,,,,,,,,,,,,,,,,,,
0.1005726158618927,0.1005726158618927,43,5631,,,,,,,,,,,,,,,,,,,,,,,,
0.0978894829750061,0.0978894829750061,44,5759,,,,,,,,,,,,,,,,,,,,,,,,
0.19605585932731628,0.19605585932731628,45,5887,,,,,,,,,,,,,,,,,,,,,,,,
0.5688450932502747,0.5688450932502747,46,6015,,,,,,,,,,,,,,,,,,,,,,,,
0.38898468017578125,0.38898468017578125,47,6143,,,,,,,,,,,,,,,,,,,,,,,,
0.09493103623390198,0.09493103623390198,48,6271,,,,,,,,,,,,,,,,,,,,,,,,
0.09261476993560791,0.09261476993560791,49,6399,,,,,,,,,,,,,,,,,,,,,,,,
3.0523486137390137,3.0523486137390137,50,6527,,,,,,,,,,,,,,,,,,,,,,,,
0.12435128539800644,0.12435128539800644,51,6655,,,,,,,,,,,,,,,,,,,,,,,,
0.9043907523155212,0.9043907523155212,52,6783,,,,,,,,,,,,,,,,,,,,,,,,
0.6843951940536499,0.6843951940536499,53,6911,,,,,,,,,,,,,,,,,,,,,,,,
0.3050876557826996,0.3050876557826996,54,7039,,,,,,,,,,,,,,,,,,,,,,,,
0.10707370936870575,0.10707370936870575,55,7167,,,,,,,,,,,,,,,,,,,,,,,,
0.8625050783157349,0.8625050783157349,56,7295,,,,,,,,,,,,,,,,,,,,,,,,
0.09887856245040894,0.09887856245040894,57,7423,,,,,,,,,,,,,,,,,,,,,,,,
1.1081970930099487,1.1081970930099487,58,7551,,,,,,,,,,,,,,,,,,,,,,,,
0.1602599173784256,0.1602599173784256,59,7679,,,,,,,,,,,,,,,,,,,,,,,,
0.3208201825618744,0.3208201825618744,60,7807,,,,,,,,,,,,,,,,,,,,,,,,
0.20237405598163605,0.20237405598163605,61,7935,,,,,,,,,,,,,,,,,,,,,,,,
0.25061219930648804,0.25061219930648804,62,8063,,,,,,,,,,,,,,,,,,,,,,,,
0.24973797798156738,0.24973797798156738,63,8191,,,,,,,,,,,,,,,,,,,,,,,,
0.14864838123321533,0.14864838123321533,64,8319,,,,,,,,,,,,,,,,,,,,,,,,
0.09520937502384186,0.09520937502384186,65,8447,,,,,,,,,,,,,,,,,,,,,,,,
0.15281815826892853,0.15281815826892853,66,8575,,,,,,,,,,,,,,,,,,,,,,,,
0.5230540037155151,0.5230540037155151,67,8703,,,,,,,,,,,,,,,,,,,,,,,,
0.34061217308044434,0.34061217308044434,68,8831,,,,,,,,,,,,,,,,,,,,,,,,
0.1055573895573616,0.1055573895573616,69,8959,,,,,,,,,,,,,,,,,,,,,,,,
0.29385286569595337,0.29385286569595337,70,9087,,,,,,,,,,,,,,,,,,,,,,,,
0.2962171733379364,0.2962171733379364,71,9215,,,,,,,,,,,,,,,,,,,,,,,,
0.8406996726989746,0.8406996726989746,72,9343,,,,,,,,,,,,,,,,,,,,,,,,
0.14187021553516388,0.14187021553516388,73,9471,,,,,,,,,,,,,,,,,,,,,,,,
1.663374423980713,1.663374423980713,74,9599,,,,,,,,,,,,,,,,,,,,,,,,
1.0646284818649292,1.0646284818649292,75,9727,,,,,,,,,,,,,,,,,,,,,,,,
0.10165388137102127,0.10165388137102127,76,9855,,,,,,,,,,,,,,,,,,,,,,,,
0.1000741496682167,0.1000741496682167,77,9983,,,,,,,,,,,,,,,,,,,,,,,,
0.8172805309295654,0.8172805309295654,78,10111,,,,,,,,,,,,,,,,,,,,,,,,
0.2684504985809326,0.2684504985809326,79,10239,,,,,,,,,,,,,,,,,,,,,,,,
0.48919054865837097,0.48919054865837097,80,10367,,,,,,,,,,,,,,,,,,,,,,,,
0.1527107208967209,0.1527107208967209,81,10495,,,,,,,,,,,,,,,,,,,,,,,,
0.09661627560853958,0.09661627560853958,82,10623,,,,,,,,,,,,,,,,,,,,,,,,
0.34574776887893677,0.34574776887893677,83,10751,,,,,,,,,,,,,,,,,,,,,,,,
0.16755422949790955,0.16755422949790955,84,10879,,,,,,,,,,,,,,,,,,,,,,,,
0.09753958135843277,0.09753958135843277,85,11007,,,,,,,,,,,,,,,,,,,,,,,,
0.09636949002742767,0.09636949002742767,86,11135,,,,,,,,,,,,,,,,,,,,,,,,
0.931972086429596,0.931972086429596,87,11263,,,,,,,,,,,,,,,,,,,,,,,,
0.2358989119529724,0.2358989119529724,88,11391,,,,,,,,,,,,,,,,,,,,,,,,
0.114125557243824,0.114125557243824,89,11519,,,,,,,,,,,,,,,,,,,,,,,,
0.13205841183662415,0.13205841183662415,90,11647,,,,,,,,,,,,,,,,,,,,,,,,
0.5541878938674927,0.5541878938674927,91,11775,,,,,,,,,,,,,,,,,,,,,,,,
0.10019589215517044,0.10019589215517044,92,11903,,,,,,,,,,,,,,,,,,,,,,,,
0.3728199601173401,0.3728199601173401,93,12031,,,,,,,,,,,,,,,,,,,,,,,,
0.20671012997627258,0.20671012997627258,94,12159,,,,,,,,,,,,,,,,,,,,,,,,
0.25111934542655945,0.25111934542655945,95,12287,,,,,,,,,,,,,,,,,,,,,,,,
0.09432157129049301,0.09432157129049301,96,12415,,,,,,,,,,,,,,,,,,,,,,,,
0.09201167523860931,0.09201167523860931,97,12543,,,,,,,,,,,,,,,,,,,,,,,,
1.0100593566894531,1.0100593566894531,98,12671,,,,,,,,,,,,,,,,,,,,,,,,
0.4993700087070465,0.4993700087070465,99,12799,0.39696528973120704,0.39905437041567987,4.8178821480863565,0.370958667015161,0.37486103140572585,4.8127956510600045,0.3339661445616517,0.3433785681954817,4.804366723631384,0.30599733499409054,0.3148760845450676,4.80025516624503,0.308406516129984,0.3159765415979358,4.805237369754458,0.3606349194811087,0.35526046881089257,9.195218288512299,4.208687424839156,2.5047434152130386,132.28881747557375,13.221828266833631,26.32146108663878,186.0317091727106
1.079088568687439,1.079088568687439,100,12927,,,,,,,,,,,,,,,,,,,,,,,,
0.22666800022125244,0.22666800022125244,101,13055,,,,,,,,,,,,,,,,,,,,,,,,
0.12239651381969452,0.12239651381969452,102,13183,,,,,,,,,,,,,,,,,,,,,,,,
0.3215176463127136,0.3215176463127136,103,13311,,,,,,,,,,,,,,,,,,,,,,,,
0.09609007835388184,0.09609007835388184,104,13439,,,,,,,,,,,,,,,,,,,,,,,,
0.18646906316280365,0.18646906316280365,105,13567,,,,,,,,,,,,,,,,,,,,,,,,
0.16958202421665192,0.16958202421665192,106,13695,,,,,,,,,,,,,,,,,,,,,,,,
0.19621001183986664,0.19621001183986664,107,13823,,,,,,,,,,,,,,,,,,,,,,,,
0.48521319031715393,0.48521319031715393,108,13951,,,,,,,,,,,,,,,,,,,,,,,,
0.8359853029251099,0.8359853029251099,109,14079,,,,,,,,,,,,,,,,,,,,,,,,
0.09495165944099426,0.09495165944099426,110,14207,,,,,,,,,,,,,,,,,,,,,,,,
0.16245928406715393,0.16245928406715393,111,14335,,,,,,,,,,,,,,,,,,,,,,,,
0.0941825658082962,0.0941825658082962,112,14463,,,,,,,,,,,,,,,,,,,,,,,,
0.5111371278762817,0.5111371278762817,113,14591,,,,,,,,,,,,,,,,,,,,,,,,
0.18338914215564728,0.18338914215564728,114,14719,,,,,,,,,,,,,,,,,,,,,,,,
0.12082386761903763,0.12082386761903763,115,14847,,,,,,,,,,,,,,,,,,,,,,,,
0.6414627432823181,0.6414627432823181,116,14975,,,,,,,,,,,,,,,,,,,,,,,,
0.20378544926643372,0.20378544926643372,117,15103,,,,,,,,,,,,,,,,,,,,,,,,
0.26875045895576477,0.26875045895576477,118,15231,,,,,,,,,,,,,,,,,,,,,,,,
0.4795447885990143,0.4795447885990143,119,15359,,,,,,,,,,,,,,,,,,,,,,,,
0.09450012445449829,0.09450012445449829,120,15487,,,,,,,,,,,,,,,,,,,,,,,,
0.22893492877483368,0.22893492877483368,121,15615,,,,,,,,,,,,,,,,,,,,,,,,
1.6627037525177002,1.6627037525177002,122,15743,,,,,,,,,,,,,,,,,,,,,,,,
0.10192812234163284,0.10192812234163284,123,15871,,,,,,,,,,,,,,,,,,,,,,,,
0.14476072788238525,0.14476072788238525,124,15999,,,,,,,,,,,,,,,,,,,,,,,,
0.36252424120903015,0.36252424120903015,125,16127,,,,,,,,,,,,,,,,,,,,,,,,
0.09499610960483551,0.09499610960483551,126,16255,,,,,,,,,,,,,,,,,,,,,,,,
0.2955315411090851,0.2955315411090851,127,16383,,,,,,,,,,,,,,,,,,,,,,,,
0.19667407870292664,0.19667407870292664,128,16511,,,,,,,,,,,,,,,,,,,,,,,,
0.10017073899507523,0.10017073899507523,129,16639,,,,,,,,,,,,,,,,,,,,,,,,
0.8433367013931274,0.8433367013931274,130,16767,,,,,,,,,,,,,,,,,,,,,,,,
1.406143307685852,1.406143307685852,131,16895,,,,,,,,,,,,,,,,,,,,,,,,
0.09280383586883545,0.09280383586883545,132,17023,,,,,,,,,,,,,,,,,,,,,,,,
0.10944744199514389,0.10944744199514389,133,17151,,,,,,,,,,,,,,,,,,,,,,,,
0.5830696225166321,0.5830696225166321,134,17279,,,,,,,,,,,,,,,,,,,,,,,,
0.6565961837768555,0.6565961837768555,135,17407,,,,,,,,,,,,,,,,,,,,,,,,
0.13890524208545685,0.13890524208545685,136,17535,,,,,,,,,,,,,,,,,,,,,,,,
0.13515940308570862,0.13515940308570862,137,17663,,,,,,,,,,,,,,,,,,,,,,,,
0.4108108878135681,0.4108108878135681,138,17791,,,,,,,,,,,,,,,,,,,,,,,,
0.0983550176024437,0.0983550176024437,139,17919,,,,,,,,,,,,,,,,,,,,,,,,
0.6669511795043945,0.6669511795043945,140,18047,,,,,,,,,,,,,,,,,,,,,,,,
0.10654124617576599,0.10654124617576599,141,18175,,,,,,,,,,,,,,,,,,,,,,,,
0.5420548915863037,0.5420548915863037,142,18303,,,,,,,,,,,,,,,,,,,,,,,,
0.3677513301372528,0.3677513301372528,143,18431,,,,,,,,,,,,,,,,,,,,,,,,
0.09752489626407623,0.09752489626407623,144,18559,,,,,,,,,,,,,,,,,,,,,,,,
0.09696879982948303,0.09696879982948303,145,18687,,,,,,,,,,,,,,,,,,,,,,,,
0.6766505241394043,0.6766505241394043,146,18815,,,,,,,,,,,,,,,,,,,,,,,,
0.10414717346429825,0.10414717346429825,147,18943,,,,,,,,,,,,,,,,,,,,,,,,
0.23172923922538757,0.23172923922538757,148,19071,,,,,,,,,,,,,,,,,,,,,,,,
0.10074535012245178,0.10074535012245178,149,19199,,,,,,,,,,,,,,,,,,,,,,,,
0.36867085099220276,0.36867085099220276,150,19327,,,,,,,,,,,,,,,,,,,,,,,,
0.4739491045475006,0.4739491045475006,151,19455,,,,,,,,,,,,,,,,,,,,,,,,
0.12882961332798004,0.12882961332798004,152,19583,,,,,,,,,,,,,,,,,,,,,,,,
0.3657965362071991,0.3657965362071991,153,19711,,,,,,,,,,,,,,,,,,,,,,,,
0.09312433004379272,0.09312433004379272,154,19839,,,,,,,,,,,,,,,,,,,,,,,,
0.10074546188116074,0.10074546188116074,155,19967,,,,,,,,,,,,,,,,,,,,,,,,
0.15339504182338715,0.15339504182338715,156,20095,,,,,,,,,,,,,,,,,,,,,,,,
0.11241210997104645,0.11241210997104645,157,20223,,,,,,,,,,,,,,,,,,,,,,,,
0.268489807844162,0.268489807844162,158,20351,,,,,,,,,,,,,,,,,,,,,,,,
0.15448284149169922,0.15448284149169922,159,20479,,,,,,,,,,,,,,,,,,,,,,,,
0.10472360998392105,0.10472360998392105,160,20607,,,,,,,,,,,,,,,,,,,,,,,,
0.29850059747695923,0.29850059747695923,161,20735,,,,,,,,,,,,,,,,,,,,,,,,
0.10943330079317093,0.10943330079317093,162,20863,,,,,,,,,,,,,,,,,,,,,,,,
0.35716041922569275,0.35716041922569275,163,20991,,,,,,,,,,,,,,,,,,,,,,,,
0.09099987894296646,0.09099987894296646,164,21119,,,,,,,,,,,,,,,,,,,,,,,,
0.2935501039028168,0.2935501039028168,165,21247,,,,,,,,,,,,,,,,,,,,,,,,
0.5450306534767151,0.5450306534767151,166,21375,,,,,,,,,,,,,,,,,,,,,,,,
0.09198975563049316,0.09198975563049316,167,21503,,,,,,,,,,,,,,,,,,,,,,,,
0.22506475448608398,0.22506475448608398,168,21631,,,,,,,,,,,,,,,,,,,,,,,,
0.2960171401500702,0.2960171401500702,169,21759,,,,,,,,,,,,,,,,,,,,,,,,
0.7499614953994751,0.7499614953994751,170,21887,,,,,,,,,,,,,,,,,,,,,,,,
0.11423119157552719,0.11423119157552719,171,22015,,,,,,,,,,,,,,,,,,,,,,,,
0.09038697928190231,0.09038697928190231,172,22143,,,,,,,,,,,,,,,,,,,,,,,,
0.3186812698841095,0.3186812698841095,173,22271,,,,,,,,,,,,,,,,,,,,,,,,
0.29816848039627075,0.29816848039627075,174,22399,,,,,,,,,,,,,,,,,,,,,,,,
0.09484441578388214,0.09484441578388214,175,22527,,,,,,,,,,,,,,,,,,,,,,,,
0.10584763437509537,0.10584763437509537,176,22655,,,,,,,,,,,,,,,,,,,,,,,,
0.09871946275234222,0.09871946275234222,177,22783,,,,,,,,,,,,,,,,,,,,,,,,
0.3845468759536743,0.3845468759536743,178,22911,,,,,,,,,,,,,,,,,,,,,,,,
0.18550238013267517,0.18550238013267517,179,23039,,,,,,,,,,,,,,,,,,,,,,,,
1.003398060798645,1.003398060798645,180,23167,,,,,,,,,,,,,,,,,,,,,,,,
1.202460765838623,1.202460765838623,181,23295,,,,,,,,,,,,,,,,,,,,,,,,
0.2357223480939865,0.2357223480939865,182,23423,,,,,,,,,,,,,,,,,,,,,,,,
0.11814761906862259,0.11814761906862259,183,23551,,,,,,,,,,,,,,,,,,,,,,,,
0.11243066191673279,0.11243066191673279,184,23679,,,,,,,,,,,,,,,,,,,,,,,,
0.4232942759990692,0.4232942759990692,185,23807,,,,,,,,,,,,,,,,,,,,,,,,
0.7512989044189453,0.7512989044189453,186,23935,,,,,,,,,,,,,,,,,,,,,,,,
0.10819453001022339,0.10819453001022339,187,24063,,,,,,,,,,,,,,,,,,,,,,,,
0.200280100107193,0.200280100107193,188,24191,,,,,,,,,,,,,,,,,,,,,,,,
0.15724998712539673,0.15724998712539673,189,24319,,,,,,,,,,,,,,,,,,,,,,,,
0.10300184041261673,0.10300184041261673,190,24447,,,,,,,,,,,,,,,,,,,,,,,,
0.14460588991641998,0.14460588991641998,191,24575,,,,,,,,,,,,,,,,,,,,,,,,
0.27073532342910767,0.27073532342910767,192,24703,,,,,,,,,,,,,,,,,,,,,,,,
0.20411305129528046,0.20411305129528046,193,24831,,,,,,,,,,,,,,,,,,,,,,,,
0.10246381908655167,0.10246381908655167,194,24959,,,,,,,,,,,,,,,,,,,,,,,,
0.23576851189136505,0.23576851189136505,195,25087,,,,,,,,,,,,,,,,,,,,,,,,
0.3579902648925781,0.3579902648925781,196,25215,,,,,,,,,,,,,,,,,,,,,,,,
0.09280646592378616,0.09280646592378616,197,25343,,,,,,,,,,,,,,,,,,,,,,,,
0.26859569549560547,0.26859569549560547,198,25471,,,,,,,,,,,,,,,,,,,,,,,,
0.5507566332817078,0.5507566332817078,199,25599,0.39344191323829797,0.3946451557228074,4.818481671511173,0.3681182170676117,0.3744676591464092,4.812664255219697,0.32843342200312176,0.3363948587925538,4.804143327063197,0.2938256567812709,0.301519681137501,4.801102717708414,0.2979544890424135,0.3045621802804741,4.8086117940083275,5.207201177229971,0.7790127286965616,283.66832569471507,21.99654357303666,32.51303508080273,463.9365071706035,42.833492607676824,80.4464698550248,607.9560540516479
0.09276416897773743,0.09276416897773743,200,25727,,,,,,,,,,,,,,,,,,,,,,,,
0.09253814816474915,0.09253814816474915,201,25855,,,,,,,,,,,,,,,,,,,,,,,,
0.15245036780834198,0.15245036780834198,202,25983,,,,,,,,,,,,,,,,,,,,,,,,
0.3113771378993988,0.3113771378993988,203,26111,,,,,,,,,,,,,,,,,,,,,,,,
0.09432923793792725,0.09432923793792725,204,26239,,,,,,,,,,,,,,,,,,,,,,,,
0.10465466231107712,0.10465466231107712,205,26367,,,,,,,,,,,,,,,,,,,,,,,,
0.157667338848114,0.157667338848114,206,26495,,,,,,,,,,,,,,,,,,,,,,,,
0.09897546470165253,0.09897546470165253,207,26623,,,,,,,,,,,,,,,,,,,,,,,,
0.5278897881507874,0.5278897881507874,208,26751,,,,,,,,,,,,,,,,,,,,,,,,
0.5504344701766968,0.5504344701766968,209,26879,,,,,,,,,,,,,,,,,,,,,,,,
0.7489129304885864,0.7489129304885864,210,27007,,,,,,,,,,,,,,,,,,,,,,,,
0.09200077503919601,0.09200077503919601,211,27135,,,,,,,,,,,,,,,,,,,,,,,,
0.38968998193740845,0.38968998193740845,212,27263,,,,,,,,,,,,,,,,,,,,,,,,
0.09092026203870773,0.09092026203870773,213,27391,,,,,,,,,,,,,,,,,,,,,,,,
0.18958055973052979,0.18958055973052979,214,27519,,,,,,,,,,,,,,,,,,,,,,,,
0.45236900448799133,0.45236900448799133,215,27647,,,,,,,,,,,,,,,,,,,,,,,,
0.7138838171958923,0.7138838171958923,216,27775,,,,,,,,,,,,,,,,,,,,,,,,
0.17425847053527832,0.17425847053527832,217,27903,,,,,,,,,,,,,,,,,,,,,,,,
0.09656142443418503,0.09656142443418503,218,28031,,,,,,,,,,,,,,,,,,,,,,,,
0.7483623027801514,0.7483623027801514,219,28159,,,,,,,,,,,,,,,,,,,,,,,,
0.7219377756118774,0.7219377756118774,220,28287,,,,,,,,,,,,,,,,,,,,,,,,
0.09348098933696747,0.09348098933696747,221,28415,,,,,,,,,,,,,,,,,,,,,,,,
0.1915028989315033,0.1915028989315033,222,28543,,,,,,,,,,,,,,,,,,,,,,,,
0.16500703990459442,0.16500703990459442,223,28671,,,,,,,,,,,,,,,,,,,,,,,,
0.11687194555997849,0.11687194555997849,224,28799,,,,,,,,,,,,,,,,,,,,,,,,
0.14839322865009308,0.14839322865009308,225,28927,,,,,,,,,,,,,,,,,,,,,,,,
0.09086494892835617,0.09086494892835617,226,29055,,,,,,,,,,,,,,,,,,,,,,,,
0.42024171352386475,0.42024171352386475,227,29183,,,,,,,,,,,,,,,,,,,,,,,,
0.10461992025375366,0.10461992025375366,228,29311,,,,,,,,,,,,,,,,,,,,,,,,
0.7621791958808899,0.7621791958808899,229,29439,,,,,,,,,,,,,,,,,,,,,,,,
0.08970821648836136,0.08970821648836136,230,29567,,,,,,,,,,,,,,,,,,,,,,,,
0.27185937762260437,0.27185937762260437,231,29695,,,,,,,,,,,,,,,,,,,,,,,,
0.3254050314426422,0.3254050314426422,232,29823,,,,,,,,,,,,,,,,,,,,,,,,
0.15156885981559753,0.15156885981559753,233,29951,,,,,,,,,,,,,,,,,,,,,,,,
0.8009897470474243,0.8009897470474243,234,30079,,,,,,,,,,,,,,,,,,,,,,,,
0.12740066647529602,0.12740066647529602,235,30207,,,,,,,,,,,,,,,,,,,,,,,,
0.2321528047323227,0.2321528047323227,236,30335,,,,,,,,,,,,,,,,,,,,,,,,
0.214018777012825,0.214018777012825,237,30463,,,,,,,,,,,,,,,,,,,,,,,,
0.09981346130371094,0.09981346130371094,238,30591,,,,,,,,,,,,,,,,,,,,,,,,
0.21210980415344238,0.21210980415344238,239,30719,,,,,,,,,,,,,,,,,,,,,,,,
0.436620831489563,0.436620831489563,240,30847,,,,,,,,,,,,,,,,,,,,,,,,
0.31590938568115234,0.31590938568115234,241,30975,,,,,,,,,,,,,,,,,,,,,,,,
0.0991794690489769,0.0991794690489769,242,31103,,,,,,,,,,,,,,,,,,,,,,,,
1.4618908166885376,1.4618908166885376,243,31231,,,,,,,,,,,,,,,,,,,,,,,,
1.7657976150512695,1.7657976150512695,244,31359,,,,,,,,,,,,,,,,,,,,,,,,
0.6106483340263367,0.6106483340263367,245,31487,,,,,,,,,,,,,,,,,,,,,,,,
0.2566932737827301,0.2566932737827301,246,31615,,,,,,,,,,,,,,,,,,,,,,,,
0.44643956422805786,0.44643956422805786,247,31743,,,,,,,,,,,,,,,,,,,,,,,,
0.47364529967308044,0.47364529967308044,248,31871,,,,,,,,,,,,,,,,,,,,,,,,
0.1052185669541359,0.1052185669541359,249,31999,,,,,,,,,,,,,,,,,,,,,,,,
0.31828778982162476,0.31828778982162476,250,32127,,,,,,,,,,,,,,,,,,,,,,,,
0.09897445887327194,0.09897445887327194,251,32255,,,,,,,,,,,,,,,,,,,,,,,,
0.23946630954742432,0.23946630954742432,252,32383,,,,,,,,,,,,,,,,,,,,,,,,
0.7981507182121277,0.7981507182121277,253,32511,,,,,,,,,,,,,,,,,,,,,,,,
0.17570267617702484,0.17570267617702484,254,32639,,,,,,,,,,,,,,,,,,,,,,,,
0.22823064029216766,0.22823064029216766,255,32767,,,,,,,,,,,,,,,,,,,,,,,,
0.16569004952907562,0.16569004952907562,256,32895,,,,,,,,,,,,,,,,,,,,,,,,
0.09123706072568893,0.09123706072568893,257,33023,,,,,,,,,,,,,,,,,,,,,,,,
0.09339521825313568,0.09339521825313568,258,33151,,,,,,,,,,,,,,,,,,,,,,,,
0.16976992785930634,0.16976992785930634,259,33279,,,,,,,,,,,,,,,,,,,,,,,,
0.3077610433101654,0.3077610433101654,260,33407,,,,,,,,,,,,,,,,,,,,,,,,
0.08962149918079376,0.08962149918079376,261,33535,,,,,,,,,,,,,,,,,,,,,,,,
0.3540456295013428,0.3540456295013428,262,33663,,,,,,,,,,,,,,,,,,,,,,,,
0.4609221816062927,0.4609221816062927,263,33791,,,,,,,,,,,,,,,,,,,,,,,,
0.4888809323310852,0.4888809323310852,264,33919,,,,,,,,,,,,,,,,,,,,,,,,
0.2389734834432602,0.2389734834432602,265,34047,,,,,,,,,,,,,,,,,,,,,,,,
0.13635514676570892,0.13635514676570892,266,34175,,,,,,,,,,,,,,,,,,,,,,,,
0.15825405716896057,0.15825405716896057,267,34303,,,,,,,,,,,,,,,,,,,,,,,,
0.27764207124710083,0.27764207124710083,268,34431,,,,,,,,,,,,,,,,,,,,,,,,
0.11363840848207474,0.11363840848207474,269,34559,,,,,,,,,,,,,,,,,,,,,,,,
0.08903234452009201,0.08903234452009201,270,34687,,,,,,,,,,,,,,,,,,,,,,,,
0.1939009428024292,0.1939009428024292,271,34815,,,,,,,,,,,,,,,,,,,,,,,,
0.12978599965572357,0.12978599965572357,272,34943,,,,,,,,,,,,,,,,,,,,,,,,
0.10489200055599213,0.10489200055599213,273,35071,,,,,,,,,,,,,,,,,,,,,,,,
0.35491305589675903,0.35491305589675903,274,35199,,,,,,,,,,,,,,,,,,,,,,,,
1.014782190322876,1.014782190322876,275,35327,,,,,,,,,,,,,,,,,,,,,,,,
0.20505446195602417,0.20505446195602417,276,35455,,,,,,,,,,,,,,,,,,,,,,,,
0.09157277643680573,0.09157277643680573,277,35583,,,,,,,,,,,,,,,,,,,,,,,,
0.16322514414787292,0.16322514414787292,278,35711,,,,,,,,,,,,,,,,,,,,,,,,
0.08772169798612595,0.08772169798612595,279,35839,,,,,,,,,,,,,,,,,,,,,,,,
0.34121453762054443,0.34121453762054443,280,35967,,,,,,,,,,,,,,,,,,,,,,,,
0.1588485985994339,0.1588485985994339,281,36095,,,,,,,,,,,,,,,,,,,,,,,,
0.09400663524866104,0.09400663524866104,282,36223,,,,,,,,,,,,,,,,,,,,,,,,
0.13583329319953918,0.13583329319953918,283,36351,,,,,,,,,,,,,,,,,,,,,,,,
0.1933329552412033,0.1933329552412033,284,36479,,,,,,,,,,,,,,,,,,,,,,,,
0.22499902546405792,0.22499902546405792,285,36607,,,,,,,,,,,,,,,,,,,,,,,,
0.23149800300598145,0.23149800300598145,286,36735,,,,,,,,,,,,,,,,,,,,,,,,
0.12830840051174164,0.12830840051174164,287,36863,,,,,,,,,,,,,,,,,,,,,,,,
0.2501794397830963,0.2501794397830963,288,36991,,,,,,,,,,,,,,,,,,,,,,,,
0.21058544516563416,0.21058544516563416,289,37119,,,,,,,,,,,,,,,,,,,,,,,,
0.08876799792051315,0.08876799792051315,290,37247,,,,,,,,,,,,,,,,,,,,,,,,
0.2655710279941559,0.2655710279941559,291,37375,,,,,,,,,,,,,,,,,,,,,,,,
0.9653559327125549,0.9653559327125549,292,37503,,,,,,,,,,,,,,,,,,,,,,,,
0.09024808555841446,0.09024808555841446,293,37631,,,,,,,,,,,,,,,,,,,,,,,,
0.24969469010829926,0.24969469010829926,294,37759,,,,,,,,,,,,,,,,,,,,,,,,
0.0924716368317604,0.0924716368317604,295,37887,,,,,,,,,,,,,,,,,,,,,,,,
0.28037476539611816,0.28037476539611816,296,38015,,,,,,,,,,,,,,,,,,,,,,,,
0.39627915620803833,0.39627915620803833,297,38143,,,,,,,,,,,,,,,,,,,,,,,,
0.1269783079624176,0.1269783079624176,298,38271,,,,,,,,,,,,,,,,,,,,,,,,
0.09926646947860718,0.09926646947860718,299,38399,0.38121146035535364,0.3864466247458342,4.8159552891934245,0.3534234320467515,0.35850331056966095,4.811623325265256,0.31496497940727697,0.32319328364024913,4.80577049179719,0.2937980988572645,0.30104052814996163,4.805724625728468,0.30713718635842024,0.31318386505427603,4.8157191749828305,0.722859053858157,0.5280666782231959,34.58508656061874,5.234402630138352,6.393018435286715,147.06572629808034,8.986972646671868,14.186255569470799,209.19786150803796
0.1782854050397873,0.1782854050397873,300,38527,,,,,,,,,,,,,,,,,,,,,,,,
0.23250718414783478,0.23250718414783478,301,38655,,,,,,,,,,,,,,,,,,,,,,,,
0.12684611976146698,0.12684611976146698,302,38783,,,,,,,,,,,,,,,,,,,,,,,,
0.152674600481987,0.152674600481987,303,38911,,,,,,,,,,,,,,,,,,,,,,,,
0.6947658658027649,0.6947658658027649,304,39039,,,,,,,,,,,,,,,,,,,,,,,,
0.3774820864200592,0.3774820864200592,305,39167,,,,,,,,,,,,,,,,,,,,,,,,
0.5224635004997253,0.5224635004997253,306,39295,,,,,,,,,,,,,,,,,,,,,,,,
0.09205657988786697,0.09205657988786697,307,39423,,,,,,,,,,,,,,,,,,,,,,,,
0.0875842422246933,0.0875842422246933,308,39551,,,,,,,,,,,,,,,,,,,,,,,,
0.10207535326480865,0.10207535326480865,309,39679,,,,,,,,,,,,,,,,,,,,,,,,
0.30432218313217163,0.30432218313217163,310,39807,,,,,,,,,,,,,,,,,,,,,,,,
0.2878664433956146,0.2878664433956146,311,39935,,,,,,,,,,,,,,,,,,,,,,,,
0.3121045231819153,0.3121045231819153,312,40063,,,,,,,,,,,,,,,,,,,,,,,,
0.25383812189102173,0.25383812189102173,313,40191,,,,,,,,,,,,,,,,,,,,,,,,
0.1765184849500656,0.1765184849500656,314,40319,,,,,,,,,,,,,,,,,,,,,,,,
0.21627528965473175,0.21627528965473175,315,40447,,,,,,,,,,,,,,,,,,,,,,,,
0.35271698236465454,0.35271698236465454,316,40575,,,,,,,,,,,,,,,,,,,,,,,,
0.6050828695297241,0.6050828695297241,317,40703,,,,,,,,,,,,,,,,,,,,,,,,
0.1788633167743683,0.1788633167743683,318,40831,,,,,,,,,,,,,,,,,,,,,,,,
0.09144799411296844,0.09144799411296844,319,40959,,,,,,,,,,,,,,,,,,,,,,,,
0.5794839262962341,0.5794839262962341,320,41087,,,,,,,,,,,,,,,,,,,,,,,,
0.3277778923511505,0.3277778923511505,321,41215,,,,,,,,,,,,,,,,,,,,,,,,
0.6909217834472656,0.6909217834472656,322,41343,,,,,,,,,,,,,,,,,,,,,,,,
0.2346220165491104,0.2346220165491104,323,41471,,,,,,,,,,,,,,,,,,,,,,,,
0.297526478767395,0.297526478767395,324,41599,,,,,,,,,,,,,,,,,,,,,,,,
0.17610757052898407,0.17610757052898407,325,41727,,,,,,,,,,,,,,,,,,,,,,,,
0.4796980619430542,0.4796980619430542,326,41855,,,,,,,,,,,,,,,,,,,,,,,,
0.09162723273038864,0.09162723273038864,327,41983,,,,,,,,,,,,,,,,,,,,,,,,
0.11878521740436554,0.11878521740436554,328,42111,,,,,,,,,,,,,,,,,,,,,,,,
0.6066718697547913,0.6066718697547913,329,42239,,,,,,,,,,,,,,,,,,,,,,,,
0.09010493010282516,0.09010493010282516,330,42367,,,,,,,,,,,,,,,,,,,,,,,,
0.1060291975736618,0.1060291975736618,331,42495,,,,,,,,,,,,,,,,,,,,,,,,
0.4752870202064514,0.4752870202064514,332,42623,,,,,,,,,,,,,,,,,,,,,,,,
0.1346438229084015,0.1346438229084015,333,42751,,,,,,,,,,,,,,,,,,,,,,,,
0.18240228295326233,0.18240228295326233,334,42879,,,,,,,,,,,,,,,,,,,,,,,,
0.09667112678289413,0.09667112678289413,335,43007,,,,,,,,,,,,,,,,,,,,,,,,
0.37138137221336365,0.37138137221336365,336,43135,,,,,,,,,,,,,,,,,,,,,,,,
0.14843426644802094,0.14843426644802094,337,43263,,,,,,,,,,,,,,,,,,,,,,,,
0.10535691678524017,0.10535691678524017,338,43391,,,,,,,,,,,,,,,,,,,,,,,,
0.16106942296028137,0.16106942296028137,339,43519,,,,,,,,,,,,,,,,,,,,,,,,
0.2448454648256302,0.2448454648256302,340,43647,,,,,,,,,,,,,,,,,,,,,,,,
0.5444619655609131,0.5444619655609131,341,43775,,,,,,,,,,,,,,,,,,,,,,,,
0.41024070978164673,0.41024070978164673,342,43903,,,,,,,,,,,,,,,,,,,,,,,,
0.2651720941066742,0.2651720941066742,343,44031,,,,,,,,,,,,,,,,,,,,,,,,
0.18689152598381042,0.18689152598381042,344,44159,,,,,,,,,,,,,,,,,,,,,,,,
0.7726840376853943,0.7726840376853943,345,44287,,,,,,,,,,,,,,,,,,,,,,,,
0.6798645853996277,0.6798645853996277,346,44415,,,,,,,,,,,,,,,,,,,,,,,,
0.4858667254447937,0.4858667254447937,347,44543,,,,,,,,,,,,,,,,,,,,,,,,
0.19136455655097961,0.19136455655097961,348,44671,,,,,,,,,,,,,,,,,,,,,,,,
0.1200454905629158,0.1200454905629158,349,44799,,,,,,,,,,,,,,,,,,,,,,,,
0.34241172671318054,0.34241172671318054,350,44927,,,,,,,,,,,,,,,,,,,,,,,,
0.41593536734580994,0.41593536734580994,351,45055,,,,,,,,,,,,,,,,,,,,,,,,
0.12772400677204132,0.12772400677204132,352,45183,,,,,,,,,,,,,,,,,,,,,,,,
0.1728869080543518,0.1728869080543518,353,45311,,,,,,,,,,,,,,,,,,,,,,,,
0.2737972140312195,0.2737972140312195,354,45439,,,,,,,,,,,,,,,,,,,,,,,,
0.13944433629512787,0.13944433629512787,355,45567,,,,,,,,,,,,,,,,,,,,,,,,
0.17012178897857666,0.17012178897857666,356,45695,,,,,,,,,,,,,,,,,,,,,,,,
0.13218581676483154,0.13218581676483154,357,45823,,,,,,,,,,,,,,,,,,,,,,,,
0.09590484946966171,0.09590484946966171,358,45951,,,,,,,,,,,,,,,,,,,,,,,,
0.09468602389097214,0.09468602389097214,359,46079,,,,,,,,,,,,,,,,,,,,,,,,
0.11047695577144623,0.11047695577144623,360,46207,,,,,,,,,,,,,,,,,,,,,,,,
0.14608703553676605,0.14608703553676605,361,46335,,,,,,,,,,,,,,,,,,,,,,,,
0.09048948436975479,0.09048948436975479,362,46463,,,,,,,,,,,,,,,,,,,,,,,,
0.2609086036682129,0.2609086036682129,363,46591,,,,,,,,,,,,,,,,,,,,,,,,
0.1328614056110382,0.1328614056110382,364,46719,,,,,,,,,,,,,,,,,,,,,,,,
0.4244922399520874,0.4244922399520874,365,46847,,,,,,,,,,,,,,,,,,,,,,,,
0.21664796769618988,0.21664796769618988,366,46975,,,,,,,,,,,,,,,,,,,,,,,,
0.1665974110364914,0.1665974110364914,367,47103,,,,,,,,,,,,,,,,,,,,,,,,
0.13930310308933258,0.13930310308933258,368,47231,,,,,,,,,,,,,,,,,,,,,,,,
0.3943626880645752,0.3943626880645752,369,47359,,,,,,,,,,,,,,,,,,,,,,,,
0.10085458308458328,0.10085458308458328,370,47487,,,,,,,,,,,,,,,,,,,,,,,,
0.20862692594528198,0.20862692594528198,371,47615,,,,,,,,,,,,,,,,,,,,,,,,
0.2142200767993927,0.2142200767993927,372,47743,,,,,,,,,,,,,,,,,,,,,,,,
0.30615055561065674,0.30615055561065674,373,47871,,,,,,,,,,,,,,,,,,,,,,,,
0.09029484540224075,0.09029484540224075,374,47999,,,,,,,,,,,,,,,,,,,,,,,,
0.08928897976875305,0.08928897976875305,375,48127,,,,,,,,,,,,,,,,,,,,,,,,
0.30196455121040344,0.30196455121040344,376,48255,,,,,,,,,,,,,,,,,,,,,,,,
0.11604877561330795,0.11604877561330795,377,48383,,,,,,,,,,,,,,,,,,,,,,,,
0.4859146475791931,0.4859146475791931,378,48511,,,,,,,,,,,,,,,,,,,,,,,,
0.08929552882909775,0.08929552882909775,379,48639,,,,,,,,,,,,,,,,,,,,,,,,
0.09014268219470978,0.09014268219470978,380,48767,,,,,,,,,,,,,,,,,,,,,,,,
0.1045025885105133,0.1045025885105133,381,48895,,,,,,,,,,,,,,,,,,,,,,,,
0.11746041476726532,0.11746041476726532,382,49023,,,,,,,,,,,,,,,,,,,,,,,,
1.2911885976791382,1.2911885976791382,383,49151,,,,,,,,,,,,,,,,,,,,,,,,
0.9446203112602234,0.9446203112602234,384,49279,,,,,,,,,,,,,,,,,,,,,,,,
0.11675635725259781,0.11675635725259781,385,49407,,,,,,,,,,,,,,,,,,,,,,,,
0.3616437613964081,0.3616437613964081,386,49535,,,,,,,,,,,,,,,,,,,,,,,,
1.1321773529052734,1.1321773529052734,387,49663,,,,,,,,,,,,,,,,,,,,,,,,
0.09734806418418884,0.09734806418418884,388,49791,,,,,,,,,,,,,,,,,,,,,,,,
0.18603567779064178,0.18603567779064178,389,49919,,,,,,,,,,,,,,,,,,,,,,,,
0.12771102786064148,0.12771102786064148,390,50047,,,,,,,,,,,,,,,,,,,,,,,,
0.8732265830039978,0.8732265830039978,391,50175,,,,,,,,,,,,,,,,,,,,,,,,
0.10658665746450424,0.10658665746450424,392,50303,,,,,,,,,,,,,,,,,,,,,,,,
0.26542437076568604,0.26542437076568604,393,50431,,,,,,,,,,,,,,,,,,,,,,,,
0.09189512580633163,0.09189512580633163,394,50559,,,,,,,,,,,,,,,,,,,,,,,,
0.21481208503246307,0.21481208503246307,395,50687,,,,,,,,,,,,,,,,,,,,,,,,
0.08769422024488449,0.08769422024488449,396,50815,,,,,,,,,,,,,,,,,,,,,,,,
0.1723630130290985,0.1723630130290985,397,50943,,,,,,,,,,,,,,,,,,,,,,,,
0.11289834976196289,0.11289834976196289,398,51071,,,,,,,,,,,,,,,,,,,,,,,,
0.6373897194862366,0.6373897194862366,399,51199,0.38547076022739735,0.3883418278323547,4.816878108591915,0.35811196918262755,0.365147180553836,4.813125693265046,0.3134953282294149,0.3244750577485833,4.805818170338984,0.2913731267190309,0.3001588720317923,4.804350953249417,0.29632928214794535,0.3040602341730254,4.812684591907212,0.3909689770828263,0.31412494006738856,30.0361047709887,10.362254059752907,0.8891317353011564,457.0768913455992,19.237410401607754,7.82953943185824,607.9202527250901
0.16857677698135376,0.16857677698135376,400,51327,,,,,,,,,,,,,,,,,,,,,,,,
0.08922538161277771,0.08922538161277771,401,51455,,,,,,,,,,,,,,,,,,,,,,,,
0.08794179558753967,0.08794179558753967,402,51583,,,,,,,,,,,,,,,,,,,,,,,,
0.18800830841064453,0.18800830841064453,403,51711,,,,,,,,,,,,,,,,,,,,,,,,
0.09400695562362671,0.09400695562362671,404,51839,,,,,,,,,,,,,,,,,,,,,,,,
0.23576265573501587,0.23576265573501587,405,51967,,,,,,,,,,,,,,,,,,,,,,,,
0.17018264532089233,0.17018264532089233,406,52095,,,,,,,,,,,,,,,,,,,,,,,,
0.3433692455291748,0.3433692455291748,407,52223,,,,,,,,,,,,,,,,,,,,,,,,
0.24684448540210724,0.24684448540210724,408,52351,,,,,,,,,,,,,,,,,,,,,,,,
0.10386878252029419,0.10386878252029419,409,52479,,,,,,,,,,,,,,,,,,,,,,,,
0.2031823843717575,0.2031823843717575,410,52607,,,,,,,,,,,,,,,,,,,,,,,,
0.2646001875400543,0.2646001875400543,411,52735,,,,,,,,,,,,,,,,,,,,,,,,
0.09756409376859665,0.09756409376859665,412,52863,,,,,,,,,,,,,,,,,,,,,,,,
0.22117029130458832,0.22117029130458832,413,52991,,,,,,,,,,,,,,,,,,,,,,,,
0.09120555967092514,0.09120555967092514,414,53119,,,,,,,,,,,,,,,,,,,,,,,,
0.0893477126955986,0.0893477126955986,415,53247,,,,,,,,,,,,,,,,,,,,,,,,
0.16452628374099731,0.16452628374099731,416,53375,,,,,,,,,,,,,,,,,,,,,,,,
0.3222125172615051,0.3222125172615051,417,53503,,,,,,,,,,,,,,,,,,,,,,,,
0.11628898978233337,0.11628898978233337,418,53631,,,,,,,,,,,,,,,,,,,,,,,,
0.08973764628171921,0.08973764628171921,419,53759,,,,,,,,,,,,,,,,,,,,,,,,
0.4486366808414459,0.4486366808414459,420,53887,,,,,,,,,,,,,,,,,,,,,,,,
0.09198600798845291,0.09198600798845291,421,54015,,,,,,,,,,,,,,,,,,,,,,,,
0.15859372913837433,0.15859372913837433,422,54143,,,,,,,,,,,,,,,,,,,,,,,,
0.28693389892578125,0.28693389892578125,423,54271,,,,,,,,,,,,,,,,,,,,,,,,
0.10419099032878876,0.10419099032878876,424,54399,,,,,,,,,,,,,,,,,,,,,,,,
0.2466152310371399,0.2466152310371399,425,54527,,,,,,,,,,,,,,,,,,,,,,,,
0.5228620171546936,0.5228620171546936,426,54655,,,,,,,,,,,,,,,,,,,,,,,,
0.1045650914311409,0.1045650914311409,427,54783,,,,,,,,,,,,,,,,,,,,,,,,
0.52854323387146,0.52854323387146,428,54911,,,,,,,,,,,,,,,,,,,,,,,,
0.36240389943122864,0.36240389943122864,429,55039,,,,,,,,,,,,,,,,,,,,,,,,
0.09249329566955566,0.09249329566955566,430,55167,,,,,,,,,,,,,,,,,,,,,,,,
0.18893855810165405,0.18893855810165405,431,55295,,,,,,,,,,,,,,,,,,,,,,,,
0.26878100633621216,0.26878100633621216,432,55423,,,,,,,,,,,,,,,,,,,,,,,,
0.09106270223855972,0.09106270223855972,433,55551,,,,,,,,,,,,,,,,,,,,,,,,
0.08985020220279694,0.08985020220279694,434,55679,,,,,,,,,,,,,,,,,,,,,,,,
0.20825432240962982,0.20825432240962982,435,55807,,,,,,,,,,,,,,,,,,,,,,,,
0.1252928078174591,0.1252928078174591,436,55935,,,,,,,,,,,,,,,,,,,,,,,,
0.39822956919670105,0.39822956919670105,437,56063,,,,,,,,,,,,,,,,,,,,,,,,
0.19160637259483337,0.19160637259483337,438,56191,,,,,,,,,,,,,,,,,,,,,,,,
0.5221989154815674,0.5221989154815674,439,56319,,,,,,,,,,,,,,,,,,,,,,,,
0.09084217995405197,0.09084217995405197,440,56447,,,,,,,,,,,,,,,,,,,,,,,,
0.3466726243495941,0.3466726243495941,441,56575,,,,,,,,,,,,,,,,,,,,,,,,
0.11414328217506409,0.11414328217506409,442,56703,,,,,,,,,,,,,,,,,,,,,,,,
0.32700011134147644,0.32700011134147644,443,56831,,,,,,,,,,,,,,,,,,,,,,,,
0.23841015994548798,0.23841015994548798,444,56959,,,,,,,,,,,,,,,,,,,,,,,,
0.26223546266555786,0.26223546266555786,445,57087,,,,,,,,,,,,,,,,,,,,,,,,
0.1154228001832962,0.1154228001832962,446,57215,,,,,,,,,,,,,,,,,,,,,,,,
0.17255181074142456,0.17255181074142456,447,57343,,,,,,,,,,,,,,,,,,,,,,,,
0.12999655306339264,0.12999655306339264,448,57471,,,,,,,,,,,,,,,,,,,,,,,,
0.09115855395793915,0.09115855395793915,449,57599,,,,,,,,,,,,,,,,,,,,,,,,
0.09620679914951324,0.09620679914951324,450,57727,,,,,,,,,,,,,,,,,,,,,,,,
0.7152121067047119,0.7152121067047119,451,57855,,,,,,,,,,,,,,,,,,,,,,,,
0.1392591893672943,0.1392591893672943,452,57983,,,,,,,,,,,,,,,,,,,,,,,,
0.09088083356618881,0.09088083356618881,453,58111,,,,,,,,,,,,,,,,,,,,,,,,
0.1813422441482544,0.1813422441482544,454,58239,,,,,,,,,,,,,,,,,,,,,,,,
0.12610822916030884,0.12610822916030884,455,58367,,,,,,,,,,,,,,,,,,,,,,,,
0.08904039859771729,0.08904039859771729,456,58495,,,,,,,,,,,,,,,,,,,,,,,,
0.16395626962184906,0.16395626962184906,457,58623,,,,,,,,,,,,,,,,,,,,,,,,
0.09147025644779205,0.09147025644779205,458,58751,,,,,,,,,,,,,,,,,,,,,,,,
0.9750845432281494,0.9750845432281494,459,58879,,,,,,,,,,,,,,,,,,,,,,,,
0.22532984614372253,0.22532984614372253,460,59007,,,,,,,,,,,,,,,,,,,,,,,,
0.09454534947872162,0.09454534947872162,461,59135,,,,,,,,,,,,,,,,,,,,,,,,
0.19789676368236542,0.19789676368236542,462,59263,,,,,,,,,,,,,,,,,,,,,,,,
0.5339857339859009,0.5339857339859009,463,59391,,,,,,,,,,,,,,,,,,,,,,,,
0.08944849669933319,0.08944849669933319,464,59519,,,,,,,,,,,,,,,,,,,,,,,,
0.23507268726825714,0.23507268726825714,465,59647,,,,,,,,,,,,,,,,,,,,,,,,
0.09269969910383224,0.09269969910383224,466,59775,,,,,,,,,,,,,,,,,,,,,,,,
0.20495356619358063,0.20495356619358063,467,59903,,,,,,,,,,,,,,,,,,,,,,,,
0.6060413718223572,0.6060413718223572,468,60031,,,,,,,,,,,,,,,,,,,,,,,,
0.14767327904701233,0.14767327904701233,469,60159,,,,,,,,,,,,,,,,,,,,,,,,
0.1499260514974594,0.1499260514974594,470,60287,,,,,,,,,,,,,,,,,,,,,,,,
0.11990324407815933,0.11990324407815933,471,60415,,,,,,,,,,,,,,,,,,,,,,,,
0.21759380400180817,0.21759380400180817,472,60543,,,,,,,,,,,,,,,,,,,,,,,,
0.15415716171264648,0.15415716171264648,473,60671,,,,,,,,,,,,,,,,,,,,,,,,
1.8565417528152466,1.8565417528152466,474,60799,,,,,,,,,,,,,,,,,,,,,,,,
0.09174428135156631,0.09174428135156631,475,60927,,,,,,,,,,,,,,,,,,,,,,,,
0.0947968140244484,0.0947968140244484,476,61055,,,,,,,,,,,,,,,,,,,,,,,,
0.11462601274251938,0.11462601274251938,477,61183,,,,,,,,,,,,,,,,,,,,,,,,
0.15253017842769623,0.15253017842769623,478,61311,,,,,,,,,,,,,,,,,,,,,,,,
0.28733402490615845,0.28733402490615845,479,61439,,,,,,,,,,,,,,,,,,,,,,,,
0.09349296241998672,0.09349296241998672,480,61567,,,,,,,,,,,,,,,,,,,,,,,,
0.7058618068695068,0.7058618068695068,481,61695,,,,,,,,,,,,,,,,,,,,,,,,
0.10009536147117615,0.10009536147117615,482,61823,,,,,,,,,,,,,,,,,,,,,,,,
0.12081365287303925,0.12081365287303925,483,61951,,,,,,,,,,,,,,,,,,,,,,,,
0.1639586240053177,0.1639586240053177,484,62079,,,,,,,,,,,,,,,,,,,,,,,,
0.21311601996421814,0.21311601996421814,485,62207,,,,,,,,,,,,,,,,,,,,,,,,
0.1902133822441101,0.1902133822441101,486,62335,,,,,,,,,,,,,,,,,,,,,,,,
0.1594236195087433,0.1594236195087433,487,62463,,,,,,,,,,,,,,,,,,,,,,,,
0.6045647263526917,0.6045647263526917,488,62591,,,,,,,,,,,,,,,,,,,,,,,,
0.20569667220115662,0.20569667220115662,489,62719,,,,,,,,,,,,,,,,,,,,,,,,
0.09130283445119858,0.09130283445119858,490,62847,,,,,,,,,,,,,,,,,,,,,,,,
0.1045164167881012,0.1045164167881012,491,62975,,,,,,,,,,,,,,,,,,,,,,,,
1.488667607307434,1.488667607307434,492,63103,,,,,,,,,,,,,,,,,,,,,,,,
0.6190400123596191,0.6190400123596191,493,63231,,,,,,,,,,,,,,,,,,,,,,,,
0.32146045565605164,0.32146045565605164,494,63359,,,,,,,,,,,,,,,,,,,,,,,,
0.09490308165550232,0.09490308165550232,495,63487,,,,,,,,,,,,,,,,,,,,,,,,
0.34648942947387695,0.34648942947387695,496,63615,,,,,,,,,,,,,,,,,,,,,,,,
0.0946725457906723,0.0946725457906723,497,63743,,,,,,,,,,,,,,,,,,,,,,,,
0.9829940795898438,0.9829940795898438,498,63871,,,,,,,,,,,,,,,,,,,,,,,,
0.11416500061750412,0.11416500061750412,499,63999,0.3844774507091222,0.38618203574344534,4.818999302583744,0.36748435185102857,0.3722479626715103,4.81635947015012,0.32591412975882345,0.33623373560996234,4.810009522086176,0.29713998886928805,0.3039402834626728,4.807607805906279,0.3020294868935763,0.3059899466625813,4.8086694619924355,0.3121706859746268,0.31368930870100353,5.020660440167634,0.9035485093544848,0.32074523238991953,83.70129725858388,0.8291713341197139,0.34107901420821773,70.2746914679877
0.121016725897789,0.121016725897789,500,64127,,,,,,,,,,,,,,,,,,,,,,,,
0.18265050649642944,0.18265050649642944,501,64255,,,,,,,,,,,,,,,,,,,,,,,,
0.10498138517141342,0.10498138517141342,502,64383,,,,,,,,,,,,,,,,,,,,,,,,
0.10550017654895782,0.10550017654895782,503,64511,,,,,,,,,,,,,,,,,,,,,,,,
0.10705829411745071,0.10705829411745071,504,64639,,,,,,,,,,,,,,,,,,,,,,,,
0.09100257605314255,0.09100257605314255,505,64767,,,,,,,,,,,,,,,,,,,,,,,,
0.2675780951976776,0.2675780951976776,506,64895,,,,,,,,,,,,,,,,,,,,,,,,
0.26798054575920105,0.26798054575920105,507,65023,,,,,,,,,,,,,,,,,,,,,,,,
1.129744291305542,1.129744291305542,508,65151,,,,,,,,,,,,,,,,,,,,,,,,
0.12012552469968796,0.12012552469968796,509,65279,,,,,,,,,,,,,,,,,,,,,,,,
1.140859603881836,1.140859603881836,510,65407,,,,,,,,,,,,,,,,,,,,,,,,
0.1069377064704895,0.1069377064704895,511,65535,,,,,,,,,,,,,,,,,,,,,,,,
0.21902690827846527,0.21902690827846527,512,65663,,,,,,,,,,,,,,,,,,,,,,,,
0.6755960583686829,0.6755960583686829,513,65791,,,,,,,,,,,,,,,,,,,,,,,,
0.08665678650140762,0.08665678650140762,514,65919,,,,,,,,,,,,,,,,,,,,,,,,
0.09343942254781723,0.09343942254781723,515,66047,,,,,,,,,,,,,,,,,,,,,,,,
0.45299097895622253,0.45299097895622253,516,66175,,,,,,,,,,,,,,,,,,,,,,,,
0.11031243205070496,0.11031243205070496,517,66303,,,,,,,,,,,,,,,,,,,,,,,,
0.23594450950622559,0.23594450950622559,518,66431,,,,,,,,,,,,,,,,,,,,,,,,
0.1454801708459854,0.1454801708459854,519,66559,,,,,,,,,,,,,,,,,,,,,,,,
0.3674353063106537,0.3674353063106537,520,66687,,,,,,,,,,,,,,,,,,,,,,,,
0.1509406566619873,0.1509406566619873,521,66815,,,,,,,,,,,,,,,,,,,,,,,,
0.1862044334411621,0.1862044334411621,522,66943,,,,,,,,,,,,,,,,,,,,,,,,
0.14467711746692657,0.14467711746692657,523,67071,,,,,,,,,,,,,,,,,,,,,,,,
0.1627872884273529,0.1627872884273529,524,67199,,,,,,,,,,,,,,,,,,,,,,,,
0.42446520924568176,0.42446520924568176,525,67327,,,,,,,,,,,,,,,,,,,,,,,,
0.17550678551197052,0.17550678551197052,526,67455,,,,,,,,,,,,,,,,,,,,,,,,
0.11597506701946259,0.11597506701946259,527,67583,,,,,,,,,,,,,,,,,,,,,,,,
0.09011232852935791,0.09011232852935791,528,67711,,,,,,,,,,,,,,,,,,,,,,,,
0.10329168289899826,0.10329168289899826,529,67839,,,,,,,,,,,,,,,,,,,,,,,,
0.17341399192810059,0.17341399192810059,530,67967,,,,,,,,,,,,,,,,,,,,,,,,
0.18028037250041962,0.18028037250041962,531,68095,,,,,,,,,,,,,,,,,,,,,,,,
0.08758434653282166,0.08758434653282166,532,68223,,,,,,,,,,,,,,,,,,,,,,,,
0.1935465931892395,0.1935465931892395,533,68351,,,,,,,,,,,,,,,,,,,,,,,,
0.33747729659080505,0.33747729659080505,534,68479,,,,,,,,,,,,,,,,,,,,,,,,
0.5318184494972229,0.5318184494972229,535,68607,,,,,,,,,,,,,,,,,,,,,,,,
0.20258428156375885,0.20258428156375885,536,68735,,,,,,,,,,,,,,,,,,,,,,,,
0.14754383265972137,0.14754383265972137,537,68863,,,,,,,,,,,,,,,,,,,,,,,,
0.5324569344520569,0.5324569344520569,538,68991,,,,,,,,,,,,,,,,,,,,,,,,
0.16324609518051147,0.16324609518051147,539,69119,,,,,,,,,,,,,,,,,,,,,,,,
0.15317359566688538,0.15317359566688538,540,69247,,,,,,,,,,,,,,,,,,,,,,,,
0.49708715081214905,0.49708715081214905,541,69375,,,,,,,,,,,,,,,,,,,,,,,,
0.08847367018461227,0.08847367018461227,542,69503,,,,,,,,,,,,,,,,,,,,,,,,
0.14532652497291565,0.14532652497291565,543,69631,,,,,,,,,,,,,,,,,,,,,,,,
0.09634924679994583,0.09634924679994583,544,69759,,,,,,,,,,,,,,,,,,,,,,,,
0.20313392579555511,0.20313392579555511,545,69887,,,,,,,,,,,,,,,,,,,,,,,,
0.0900118499994278,0.0900118499994278,546,70015,,,,,,,,,,,,,,,,,,,,,,,,
0.09479841589927673,0.09479841589927673,547,70143,,,,,,,,,,,,,,,,,,,,,,,,
0.1232721358537674,0.1232721358537674,548,70271,,,,,,,,,,,,,,,,,,,,,,,,
0.852878212928772,0.852878212928772,549,70399,,,,,,,,,,,,,,,,,,,,,,,,
0.17708000540733337,0.17708000540733337,550,70527,,,,,,,,,,,,,,,,,,,,,,,,
0.09687628597021103,0.09687628597021103,551,70655,,,,,,,,,,,,,,,,,,,,,,,,
0.22344458103179932,0.22344458103179932,552,70783,,,,,,,,,,,,,,,,,,,,,,,,
0.1347113847732544,0.1347113847732544,553,70911,,,,,,,,,,,,,,,,,,,,,,,,
0.0891069546341896,0.0891069546341896,554,71039,,,,,,,,,,,,,,,,,,,,,,,,
0.4399067163467407,0.4399067163467407,555,71167,,,,,,,,,,,,,,,,,,,,,,,,
0.09343750029802322,0.09343750029802322,556,71295,,,,,,,,,,,,,,,,,,,,,,,,
0.15196199715137482,0.15196199715137482,557,71423,,,,,,,,,,,,,,,,,,,,,,,,
0.43197575211524963,0.43197575211524963,558,71551,,,,,,,,,,,,,,,,,,,,,,,,
0.23081402480602264,0.23081402480602264,559,71679,,,,,,,,,,,,,,,,,,,,,,,,
0.09720627218484879,0.09720627218484879,560,71807,,,,,,,,,,,,,,,,,,,,,,,,
0.11283347755670547,0.11283347755670547,561,71935,,,,,,,,,,,,,,,,,,,,,,,,
0.47568845748901367,0.47568845748901367,562,72063,,,,,,,,,,,,,,,,,,,,,,,,
0.14344115555286407,0.14344115555286407,563,72191,,,,,,,,,,,,,,,,,,,,,,,,
0.2831900119781494,0.2831900119781494,564,72319,,,,,,,,,,,,,,,,,,,,,,,,
0.10460611432790756,0.10460611432790756,565,72447,,,,,,,,,,,,,,,,,,,,,,,,
0.2554449141025543,0.2554449141025543,566,72575,,,,,,,,,,,,,,,,,,,,,,,,
0.17715397477149963,0.17715397477149963,567,72703,,,,,,,,,,,,,,,,,,,,,,,,
0.08861783891916275,0.08861783891916275,568,72831,,,,,,,,,,,,,,,,,,,,,,,,
0.1179470643401146,0.1179470643401146,569,72959,,,,,,,,,,,,,,,,,,,,,,,,
0.26790961623191833,0.26790961623191833,570,73087,,,,,,,,,,,,,,,,,,,,,,,,
0.1805020421743393,0.1805020421743393,571,73215,,,,,,,,,,,,,,,,,,,,,,,,
0.6402934789657593,0.6402934789657593,572,73343,,,,,,,,,,,,,,,,,,,,,,,,
0.2665186822414398,0.2665186822414398,573,73471,,,,,,,,,,,,,,,,,,,,,,,,
0.14468581974506378,0.14468581974506378,574,73599,,,,,,,,,,,,,,,,,,,,,,,,
0.21295763552188873,0.21295763552188873,575,73727,,,,,,,,,,,,,,,,,,,,,,,,
0.0956801101565361,0.0956801101565361,576,73855,,,,,,,,,,,,,,,,,,,,,,,,
1.3064597845077515,1.3064597845077515,577,73983,,,,,,,,,,,,,,,,,,,,,,,,
0.093573197722435,0.093573197722435,578,74111,,,,,,,,,,,,,,,,,,,,,,,,
0.09525205194950104,0.09525205194950104,579,74239,,,,,,,,,,,,,,,,,,,,,,,,
0.0878298357129097,0.0878298357129097,580,74367,,,,,,,,,,,,,,,,,,,,,,,,
0.1482873260974884,0.1482873260974884,581,74495,,,,,,,,,,,,,,,,,,,,,,,,
0.9129638075828552,0.9129638075828552,582,74623,,,,,,,,,,,,,,,,,,,,,,,,
0.18648673593997955,0.18648673593997955,583,74751,,,,,,,,,,,,,,,,,,,,,,,,
0.1002938523888588,0.1002938523888588,584,74879,,,,,,,,,,,,,,,,,,,,,,,,
0.08826341480016708,0.08826341480016708,585,75007,,,,,,,,,,,,,,,,,,,,,,,,
0.21353012323379517,0.21353012323379517,586,75135,,,,,,,,,,,,,,,,,,,,,,,,
0.19580520689487457,0.19580520689487457,587,75263,,,,,,,,,,,,,,,,,,,,,,,,
0.19353103637695312,0.19353103637695312,588,75391,,,,,,,,,,,,,,,,,,,,,,,,
0.10782907158136368,0.10782907158136368,589,75519,,,,,,,,,,,,,,,,,,,,,,,,
0.11124749481678009,0.11124749481678009,590,75647,,,,,,,,,,,,,,,,,,,,,,,,
0.11896336823701859,0.11896336823701859,591,75775,,,,,,,,,,,,,,,,,,,,,,,,
0.4455151855945587,0.4455151855945587,592,75903,,,,,,,,,,,,,,,,,,,,,,,,
0.09849380701780319,0.09849380701780319,593,76031,,,,,,,,,,,,,,,,,,,,,,,,
0.1296011507511139,0.1296011507511139,594,76159,,,,,,,,,,,,,,,,,,,,,,,,
0.09166248887777328,0.09166248887777328,595,76287,,,,,,,,,,,,,,,,,,,,,,,,
0.1928028017282486,0.1928028017282486,596,76415,,,,,,,,,,,,,,,,,,,,,,,,
0.30556678771972656,0.30556678771972656,597,76543,,,,,,,,,,,,,,,,,,,,,,,,
0.18990786373615265,0.18990786373615265,598,76671,,,,,,,,,,,,,,,,,,,,,,,,
0.09072533994913101,0.09072533994913101,599,76799,0.3918670112860582,0.3978508285297084,4.817216493299571,0.3655733531186789,0.37231909541119823,4.813346582319307,0.31802603159656934,0.3314794692503913,4.805821958831796,0.28560711061912475,0.295069593140907,4.802006035312924,0.2848469285988851,0.29041353053964164,4.803360746056712,0.29199380995725704,0.2955364796074005,4.806246816686667,0.29687436334405476,0.2987525621459987,4.8205990484948735,0.31544298163989193,0.30470073693627014,5.412883903345503
