train_loss,train_elbo_loss,epoch,step,val_NRMSE_1.0,val_ND_1.0,val_CRPS_1.0,val_NRMSE_2.0,val_ND_2.0,val_CRPS_2.0,val_NRMSE_4.0,val_ND_4.0,val_CRPS_4.0,val_NRMSE_8.0,val_ND_8.0,val_CRPS_8.0,val_NRMSE_16.0,val_ND_16.0,val_CRPS_16.0,val_NRMSE_32.0,val_ND_32.0,val_CRPS_32.0
0.46802273392677307,0.46802273392677307,0,127,,,,,,,,,,,,,,,,,,
0.1331891566514969,0.1331891566514969,1,255,,,,,,,,,,,,,,,,,,
0.05420495942234993,0.05420495942234993,2,383,,,,,,,,,,,,,,,,,,
0.044081609696149826,0.044081609696149826,3,511,,,,,,,,,,,,,,,,,,
0.038489583879709244,0.038489583879709244,4,639,,,,,,,,,,,,,,,,,,
0.035029567778110504,0.035029567778110504,5,767,,,,,,,,,,,,,,,,,,
0.03117833286523819,0.03117833286523819,6,895,,,,,,,,,,,,,,,,,,
0.029196636751294136,0.029196636751294136,7,1023,,,,,,,,,,,,,,,,,,
0.02782616950571537,0.02782616950571537,8,1151,,,,,,,,,,,,,,,,,,
0.027616482228040695,0.027616482228040695,9,1279,,,,,,,,,,,,,,,,,,
0.027314193546772003,0.027314193546772003,10,1407,,,,,,,,,,,,,,,,,,
0.025578858330845833,0.025578858330845833,11,1535,,,,,,,,,,,,,,,,,,
0.02601436898112297,0.02601436898112297,12,1663,,,,,,,,,,,,,,,,,,
0.02467789687216282,0.02467789687216282,13,1791,,,,,,,,,,,,,,,,,,
0.02277667261660099,0.02277667261660099,14,1919,,,,,,,,,,,,,,,,,,
0.022333383560180664,0.022333383560180664,15,2047,,,,,,,,,,,,,,,,,,
0.02281896211206913,0.02281896211206913,16,2175,,,,,,,,,,,,,,,,,,
0.023156005889177322,0.023156005889177322,17,2303,,,,,,,,,,,,,,,,,,
0.023603180423378944,0.023603180423378944,18,2431,,,,,,,,,,,,,,,,,,
0.021534087136387825,0.021534087136387825,19,2559,,,,,,,,,,,,,,,,,,
0.02175666019320488,0.02175666019320488,20,2687,,,,,,,,,,,,,,,,,,
0.020960113033652306,0.020960113033652306,21,2815,,,,,,,,,,,,,,,,,,
0.021222924813628197,0.021222924813628197,22,2943,,,,,,,,,,,,,,,,,,
0.020984480157494545,0.020984480157494545,23,3071,,,,,,,,,,,,,,,,,,
0.020651986822485924,0.020651986822485924,24,3199,,,,,,,,,,,,,,,,,,
0.019722534343600273,0.019722534343600273,25,3327,,,,,,,,,,,,,,,,,,
0.0200973991304636,0.0200973991304636,26,3455,,,,,,,,,,,,,,,,,,
0.018662141636013985,0.018662141636013985,27,3583,,,,,,,,,,,,,,,,,,
0.020156558603048325,0.020156558603048325,28,3711,,,,,,,,,,,,,,,,,,
0.018624024465680122,0.018624024465680122,29,3839,,,,,,,,,,,,,,,,,,
0.018553614616394043,0.018553614616394043,30,3967,,,,,,,,,,,,,,,,,,
0.017800703644752502,0.017800703644752502,31,4095,,,,,,,,,,,,,,,,,,
0.01902756094932556,0.01902756094932556,32,4223,,,,,,,,,,,,,,,,,,
0.018432172015309334,0.018432172015309334,33,4351,,,,,,,,,,,,,,,,,,
0.018049366772174835,0.018049366772174835,34,4479,,,,,,,,,,,,,,,,,,
0.0186250451952219,0.0186250451952219,35,4607,,,,,,,,,,,,,,,,,,
0.017835671082139015,0.017835671082139015,36,4735,,,,,,,,,,,,,,,,,,
0.01814040169119835,0.01814040169119835,37,4863,,,,,,,,,,,,,,,,,,
0.016908910125494003,0.016908910125494003,38,4991,,,,,,,,,,,,,,,,,,
0.01693381741642952,0.01693381741642952,39,5119,,,,,,,,,,,,,,,,,,
0.01654103212058544,0.01654103212058544,40,5247,,,,,,,,,,,,,,,,,,
0.017523877322673798,0.017523877322673798,41,5375,,,,,,,,,,,,,,,,,,
0.01676081120967865,0.01676081120967865,42,5503,,,,,,,,,,,,,,,,,,
0.017632806673645973,0.017632806673645973,43,5631,,,,,,,,,,,,,,,,,,
0.01683535799384117,0.01683535799384117,44,5759,,,,,,,,,,,,,,,,,,
0.01706591434776783,0.01706591434776783,45,5887,,,,,,,,,,,,,,,,,,
0.016827093437314034,0.016827093437314034,46,6015,,,,,,,,,,,,,,,,,,
0.0171675942838192,0.0171675942838192,47,6143,,,,,,,,,,,,,,,,,,
0.016721203923225403,0.016721203923225403,48,6271,,,,,,,,,,,,,,,,,,
0.015891259536147118,0.015891259536147118,49,6399,0.04067688185314605,0.041334011042091855,0.034521146893891214,0.06080107558738417,0.060108662126787234,0.04340899549210221,0.059618795556215735,0.049972139360299636,0.04111727155653616,0.047922000361224106,0.037303722497124964,0.032438059676510804,0.043498307569142115,0.03205384455497102,0.02822264827581876,0.036602105652625526,0.025407152238743663,0.0225366524485497
0.016719605773687363,0.016719605773687363,50,6527,,,,,,,,,,,,,,,,,,
0.016582651063799858,0.016582651063799858,51,6655,,,,,,,,,,,,,,,,,,
0.01587541401386261,0.01587541401386261,52,6783,,,,,,,,,,,,,,,,,,
0.016711212694644928,0.016711212694644928,53,6911,,,,,,,,,,,,,,,,,,
0.015971733257174492,0.015971733257174492,54,7039,,,,,,,,,,,,,,,,,,
0.016136247664690018,0.016136247664690018,55,7167,,,,,,,,,,,,,,,,,,
0.01632244512438774,0.01632244512438774,56,7295,,,,,,,,,,,,,,,,,,
0.0162129495292902,0.0162129495292902,57,7423,,,,,,,,,,,,,,,,,,
0.01619848608970642,0.01619848608970642,58,7551,,,,,,,,,,,,,,,,,,
0.01636895164847374,0.01636895164847374,59,7679,,,,,,,,,,,,,,,,,,
0.015607032924890518,0.015607032924890518,60,7807,,,,,,,,,,,,,,,,,,
0.015571431256830692,0.015571431256830692,61,7935,,,,,,,,,,,,,,,,,,
0.016248850151896477,0.016248850151896477,62,8063,,,,,,,,,,,,,,,,,,
0.015582220628857613,0.015582220628857613,63,8191,,,,,,,,,,,,,,,,,,
0.015712933614850044,0.015712933614850044,64,8319,,,,,,,,,,,,,,,,,,
0.014565123245120049,0.014565123245120049,65,8447,,,,,,,,,,,,,,,,,,
0.014839168637990952,0.014839168637990952,66,8575,,,,,,,,,,,,,,,,,,
0.01583259552717209,0.01583259552717209,67,8703,,,,,,,,,,,,,,,,,,
0.014970025047659874,0.014970025047659874,68,8831,,,,,,,,,,,,,,,,,,
0.01595619134604931,0.01595619134604931,69,8959,,,,,,,,,,,,,,,,,,
0.015815768390893936,0.015815768390893936,70,9087,,,,,,,,,,,,,,,,,,
0.015818815678358078,0.015818815678358078,71,9215,,,,,,,,,,,,,,,,,,
0.015730654820799828,0.015730654820799828,72,9343,,,,,,,,,,,,,,,,,,
0.014692413620650768,0.014692413620650768,73,9471,,,,,,,,,,,,,,,,,,
0.014555723406374454,0.014555723406374454,74,9599,,,,,,,,,,,,,,,,,,
0.014658214524388313,0.014658214524388313,75,9727,,,,,,,,,,,,,,,,,,
0.014912599697709084,0.014912599697709084,76,9855,,,,,,,,,,,,,,,,,,
0.014837043359875679,0.014837043359875679,77,9983,,,,,,,,,,,,,,,,,,
0.015508211217820644,0.015508211217820644,78,10111,,,,,,,,,,,,,,,,,,
0.01507969107478857,0.01507969107478857,79,10239,,,,,,,,,,,,,,,,,,
0.014290197752416134,0.014290197752416134,80,10367,,,,,,,,,,,,,,,,,,
0.015210680663585663,0.015210680663585663,81,10495,,,,,,,,,,,,,,,,,,
0.014391492120921612,0.014391492120921612,82,10623,,,,,,,,,,,,,,,,,,
0.01516301091760397,0.01516301091760397,83,10751,,,,,,,,,,,,,,,,,,
0.014996999874711037,0.014996999874711037,84,10879,,,,,,,,,,,,,,,,,,
0.014210795983672142,0.014210795983672142,85,11007,,,,,,,,,,,,,,,,,,
0.014588209800422192,0.014588209800422192,86,11135,,,,,,,,,,,,,,,,,,
0.014471852220594883,0.014471852220594883,87,11263,,,,,,,,,,,,,,,,,,
0.014707069844007492,0.014707069844007492,88,11391,,,,,,,,,,,,,,,,,,
0.014293530024588108,0.014293530024588108,89,11519,,,,,,,,,,,,,,,,,,
0.014334959909319878,0.014334959909319878,90,11647,,,,,,,,,,,,,,,,,,
0.014358832500874996,0.014358832500874996,91,11775,,,,,,,,,,,,,,,,,,
0.014345332980155945,0.014345332980155945,92,11903,,,,,,,,,,,,,,,,,,
0.014606415294110775,0.014606415294110775,93,12031,,,,,,,,,,,,,,,,,,
0.014300204813480377,0.014300204813480377,94,12159,,,,,,,,,,,,,,,,,,
0.014525174163281918,0.014525174163281918,95,12287,,,,,,,,,,,,,,,,,,
0.014540145173668861,0.014540145173668861,96,12415,,,,,,,,,,,,,,,,,,
0.014716550707817078,0.014716550707817078,97,12543,,,,,,,,,,,,,,,,,,
0.014103149995207787,0.014103149995207787,98,12671,,,,,,,,,,,,,,,,,,
0.014244142919778824,0.014244142919778824,99,12799,0.04222231730978743,0.022010090612227726,0.02291749092318237,0.028807987104993764,0.02348513259048636,0.018362653299028333,0.03245539022131137,0.02274431763344931,0.01807507033631328,0.027289244185149657,0.01852214403438372,0.01468539229432954,0.023544112950549933,0.015635552241339674,0.012811931986342515,0.023666385559042002,0.015486116105881792,0.01301383258629046
0.013685984537005424,0.013685984537005424,100,12927,,,,,,,,,,,,,,,,,,
0.013768021948635578,0.013768021948635578,101,13055,,,,,,,,,,,,,,,,,,
0.014124478213489056,0.014124478213489056,102,13183,,,,,,,,,,,,,,,,,,
0.014117586426436901,0.014117586426436901,103,13311,,,,,,,,,,,,,,,,,,
0.013727896846830845,0.013727896846830845,104,13439,,,,,,,,,,,,,,,,,,
0.013882656581699848,0.013882656581699848,105,13567,,,,,,,,,,,,,,,,,,
0.013736858032643795,0.013736858032643795,106,13695,,,,,,,,,,,,,,,,,,
0.013747223652899265,0.013747223652899265,107,13823,,,,,,,,,,,,,,,,,,
0.014034993015229702,0.014034993015229702,108,13951,,,,,,,,,,,,,,,,,,
0.014576134271919727,0.014576134271919727,109,14079,,,,,,,,,,,,,,,,,,
0.0142945796251297,0.0142945796251297,110,14207,,,,,,,,,,,,,,,,,,
0.013985949568450451,0.013985949568450451,111,14335,,,,,,,,,,,,,,,,,,
0.014161561615765095,0.014161561615765095,112,14463,,,,,,,,,,,,,,,,,,
0.014256145805120468,0.014256145805120468,113,14591,,,,,,,,,,,,,,,,,,
0.014015736058354378,0.014015736058354378,114,14719,,,,,,,,,,,,,,,,,,
0.013253257609903812,0.013253257609903812,115,14847,,,,,,,,,,,,,,,,,,
0.014098955318331718,0.014098955318331718,116,14975,,,,,,,,,,,,,,,,,,
0.013498702086508274,0.013498702086508274,117,15103,,,,,,,,,,,,,,,,,,
0.014146029949188232,0.014146029949188232,118,15231,,,,,,,,,,,,,,,,,,
0.014252711087465286,0.014252711087465286,119,15359,,,,,,,,,,,,,,,,,,
0.013966767117381096,0.013966767117381096,120,15487,,,,,,,,,,,,,,,,,,
0.013801517896354198,0.013801517896354198,121,15615,,,,,,,,,,,,,,,,,,
0.013161102309823036,0.013161102309823036,122,15743,,,,,,,,,,,,,,,,,,
0.014235265552997589,0.014235265552997589,123,15871,,,,,,,,,,,,,,,,,,
0.01387577410787344,0.01387577410787344,124,15999,,,,,,,,,,,,,,,,,,
0.01314412709325552,0.01314412709325552,125,16127,,,,,,,,,,,,,,,,,,
0.013413622975349426,0.013413622975349426,126,16255,,,,,,,,,,,,,,,,,,
0.01431026216596365,0.01431026216596365,127,16383,,,,,,,,,,,,,,,,,,
0.013770068064332008,0.013770068064332008,128,16511,,,,,,,,,,,,,,,,,,
0.013669203035533428,0.013669203035533428,129,16639,,,,,,,,,,,,,,,,,,
0.012867840938270092,0.012867840938270092,130,16767,,,,,,,,,,,,,,,,,,
0.01395647693425417,0.01395647693425417,131,16895,,,,,,,,,,,,,,,,,,
0.01388055831193924,0.01388055831193924,132,17023,,,,,,,,,,,,,,,,,,
0.01285017654299736,0.01285017654299736,133,17151,,,,,,,,,,,,,,,,,,
0.013359881937503815,0.013359881937503815,134,17279,,,,,,,,,,,,,,,,,,
0.012871242128312588,0.012871242128312588,135,17407,,,,,,,,,,,,,,,,,,
0.013166659511625767,0.013166659511625767,136,17535,,,,,,,,,,,,,,,,,,
0.013525339774787426,0.013525339774787426,137,17663,,,,,,,,,,,,,,,,,,
0.012968509458005428,0.012968509458005428,138,17791,,,,,,,,,,,,,,,,,,
0.013716001994907856,0.013716001994907856,139,17919,,,,,,,,,,,,,,,,,,
0.013575863093137741,0.013575863093137741,140,18047,,,,,,,,,,,,,,,,,,
0.013225342147052288,0.013225342147052288,141,18175,,,,,,,,,,,,,,,,,,
0.012712455354630947,0.012712455354630947,142,18303,,,,,,,,,,,,,,,,,,
0.013805458322167397,0.013805458322167397,143,18431,,,,,,,,,,,,,,,,,,
0.013108870945870876,0.013108870945870876,144,18559,,,,,,,,,,,,,,,,,,
0.013644334860146046,0.013644334860146046,145,18687,,,,,,,,,,,,,,,,,,
0.013855958357453346,0.013855958357453346,146,18815,,,,,,,,,,,,,,,,,,
0.013634569011628628,0.013634569011628628,147,18943,,,,,,,,,,,,,,,,,,
0.013242392800748348,0.013242392800748348,148,19071,,,,,,,,,,,,,,,,,,
0.0136769600212574,0.0136769600212574,149,19199,0.03736325951230271,0.017925113351804103,0.02510557207810723,0.05498341473281582,0.046695002295614185,0.034737062595379446,0.053246890446627504,0.041829876980739325,0.033699254583228616,0.041261505604091454,0.03081900515952408,0.025380741718916806,0.035004307166856485,0.025408772938134157,0.02122503327885225,0.030495666164556186,0.02188403061460771,0.017989516259825016
0.01320546306669712,0.01320546306669712,150,19327,,,,,,,,,,,,,,,,,,
0.013223064132034779,0.013223064132034779,151,19455,,,,,,,,,,,,,,,,,,
0.012708626687526703,0.012708626687526703,152,19583,,,,,,,,,,,,,,,,,,
0.012754499912261963,0.012754499912261963,153,19711,,,,,,,,,,,,,,,,,,
0.012608995661139488,0.012608995661139488,154,19839,,,,,,,,,,,,,,,,,,
0.013494079932570457,0.013494079932570457,155,19967,,,,,,,,,,,,,,,,,,
0.013513600453734398,0.013513600453734398,156,20095,,,,,,,,,,,,,,,,,,
0.012894685380160809,0.012894685380160809,157,20223,,,,,,,,,,,,,,,,,,
0.013813119381666183,0.013813119381666183,158,20351,,,,,,,,,,,,,,,,,,
0.012999786995351315,0.012999786995351315,159,20479,,,,,,,,,,,,,,,,,,
0.01408766396343708,0.01408766396343708,160,20607,,,,,,,,,,,,,,,,,,
0.012844812124967575,0.012844812124967575,161,20735,,,,,,,,,,,,,,,,,,
0.012639641761779785,0.012639641761779785,162,20863,,,,,,,,,,,,,,,,,,
0.013030020520091057,0.013030020520091057,163,20991,,,,,,,,,,,,,,,,,,
0.013144918717443943,0.013144918717443943,164,21119,,,,,,,,,,,,,,,,,,
0.012683223932981491,0.012683223932981491,165,21247,,,,,,,,,,,,,,,,,,
0.013060813769698143,0.013060813769698143,166,21375,,,,,,,,,,,,,,,,,,
0.01317110750824213,0.01317110750824213,167,21503,,,,,,,,,,,,,,,,,,
0.012651139870285988,0.012651139870285988,168,21631,,,,,,,,,,,,,,,,,,
0.012809856794774532,0.012809856794774532,169,21759,,,,,,,,,,,,,,,,,,
0.012620685622096062,0.012620685622096062,170,21887,,,,,,,,,,,,,,,,,,
0.01292400248348713,0.01292400248348713,171,22015,,,,,,,,,,,,,,,,,,
0.01265315804630518,0.01265315804630518,172,22143,,,,,,,,,,,,,,,,,,
0.013073685579001904,0.013073685579001904,173,22271,,,,,,,,,,,,,,,,,,
0.012647725641727448,0.012647725641727448,174,22399,,,,,,,,,,,,,,,,,,
0.013220656663179398,0.013220656663179398,175,22527,,,,,,,,,,,,,,,,,,
0.012681483291089535,0.012681483291089535,176,22655,,,,,,,,,,,,,,,,,,
0.013242489658296108,0.013242489658296108,177,22783,,,,,,,,,,,,,,,,,,
0.012802080251276493,0.012802080251276493,178,22911,,,,,,,,,,,,,,,,,,
0.0129097243770957,0.0129097243770957,179,23039,,,,,,,,,,,,,,,,,,
0.012416495941579342,0.012416495941579342,180,23167,,,,,,,,,,,,,,,,,,
0.013052795082330704,0.013052795082330704,181,23295,,,,,,,,,,,,,,,,,,
0.01303874421864748,0.01303874421864748,182,23423,,,,,,,,,,,,,,,,,,
0.012400470674037933,0.012400470674037933,183,23551,,,,,,,,,,,,,,,,,,
0.013326084241271019,0.013326084241271019,184,23679,,,,,,,,,,,,,,,,,,
0.012695454061031342,0.012695454061031342,185,23807,,,,,,,,,,,,,,,,,,
0.012272674590349197,0.012272674590349197,186,23935,,,,,,,,,,,,,,,,,,
0.01252709235996008,0.01252709235996008,187,24063,,,,,,,,,,,,,,,,,,
0.01282812561839819,0.01282812561839819,188,24191,,,,,,,,,,,,,,,,,,
0.012519005686044693,0.012519005686044693,189,24319,,,,,,,,,,,,,,,,,,
0.012738627381622791,0.012738627381622791,190,24447,,,,,,,,,,,,,,,,,,
0.012684883549809456,0.012684883549809456,191,24575,,,,,,,,,,,,,,,,,,
0.01272036787122488,0.01272036787122488,192,24703,,,,,,,,,,,,,,,,,,
0.012105856090784073,0.012105856090784073,193,24831,,,,,,,,,,,,,,,,,,
0.013039391487836838,0.013039391487836838,194,24959,,,,,,,,,,,,,,,,,,
0.012268922291696072,0.012268922291696072,195,25087,,,,,,,,,,,,,,,,,,
0.012699252925813198,0.012699252925813198,196,25215,,,,,,,,,,,,,,,,,,
0.012624939903616905,0.012624939903616905,197,25343,,,,,,,,,,,,,,,,,,
0.013245170004665852,0.013245170004665852,198,25471,,,,,,,,,,,,,,,,,,
0.013110016472637653,0.013110016472637653,199,25599,0.09248967207871292,0.05952829396711243,0.04112867479358642,0.023380832428201236,0.02044742473928348,0.017173099138365705,0.024971833664034063,0.017257320950437,0.014038449673626508,0.02152709842728134,0.014339765067106085,0.0114219751430395,0.018176126492564927,0.011845724843629394,0.00981436251891725,0.017496986880589017,0.011411306047457569,0.009415241567795265
0.012393297627568245,0.012393297627568245,200,25727,,,,,,,,,,,,,,,,,,
0.013072502799332142,0.013072502799332142,201,25855,,,,,,,,,,,,,,,,,,
0.013098767027258873,0.013098767027258873,202,25983,,,,,,,,,,,,,,,,,,
0.012671122327446938,0.012671122327446938,203,26111,,,,,,,,,,,,,,,,,,
0.012365016154944897,0.012365016154944897,204,26239,,,,,,,,,,,,,,,,,,
0.013056483119726181,0.013056483119726181,205,26367,,,,,,,,,,,,,,,,,,
0.012067818082869053,0.012067818082869053,206,26495,,,,,,,,,,,,,,,,,,
0.013035334646701813,0.013035334646701813,207,26623,,,,,,,,,,,,,,,,,,
0.011700771749019623,0.011700771749019623,208,26751,,,,,,,,,,,,,,,,,,
0.012459450401365757,0.012459450401365757,209,26879,,,,,,,,,,,,,,,,,,
0.012185784988105297,0.012185784988105297,210,27007,,,,,,,,,,,,,,,,,,
0.012533497996628284,0.012533497996628284,211,27135,,,,,,,,,,,,,,,,,,
0.012253069318830967,0.012253069318830967,212,27263,,,,,,,,,,,,,,,,,,
0.012837622314691544,0.012837622314691544,213,27391,,,,,,,,,,,,,,,,,,
0.01217022817581892,0.01217022817581892,214,27519,,,,,,,,,,,,,,,,,,
0.01224686112254858,0.01224686112254858,215,27647,,,,,,,,,,,,,,,,,,
0.012187953107059002,0.012187953107059002,216,27775,,,,,,,,,,,,,,,,,,
0.01269631739705801,0.01269631739705801,217,27903,,,,,,,,,,,,,,,,,,
0.011662539094686508,0.011662539094686508,218,28031,,,,,,,,,,,,,,,,,,
0.011933516710996628,0.011933516710996628,219,28159,,,,,,,,,,,,,,,,,,
0.012406998313963413,0.012406998313963413,220,28287,,,,,,,,,,,,,,,,,,
0.012532073073089123,0.012532073073089123,221,28415,,,,,,,,,,,,,,,,,,
0.01270095445215702,0.01270095445215702,222,28543,,,,,,,,,,,,,,,,,,
0.012248382903635502,0.012248382903635502,223,28671,,,,,,,,,,,,,,,,,,
0.011903832666575909,0.011903832666575909,224,28799,,,,,,,,,,,,,,,,,,
0.012495128437876701,0.012495128437876701,225,28927,,,,,,,,,,,,,,,,,,
0.012507695704698563,0.012507695704698563,226,29055,,,,,,,,,,,,,,,,,,
0.01242157444357872,0.01242157444357872,227,29183,,,,,,,,,,,,,,,,,,
0.012527121230959892,0.012527121230959892,228,29311,,,,,,,,,,,,,,,,,,
0.01190152671188116,0.01190152671188116,229,29439,,,,,,,,,,,,,,,,,,
0.011935812421143055,0.011935812421143055,230,29567,,,,,,,,,,,,,,,,,,
0.01210002787411213,0.01210002787411213,231,29695,,,,,,,,,,,,,,,,,,
0.012044008821249008,0.012044008821249008,232,29823,,,,,,,,,,,,,,,,,,
0.011583714745938778,0.011583714745938778,233,29951,,,,,,,,,,,,,,,,,,
0.012556957080960274,0.012556957080960274,234,30079,,,,,,,,,,,,,,,,,,
0.012387195602059364,0.012387195602059364,235,30207,,,,,,,,,,,,,,,,,,
0.011500319465994835,0.011500319465994835,236,30335,,,,,,,,,,,,,,,,,,
0.012270455248653889,0.012270455248653889,237,30463,,,,,,,,,,,,,,,,,,
0.01290748082101345,0.01290748082101345,238,30591,,,,,,,,,,,,,,,,,,
0.011737387627363205,0.011737387627363205,239,30719,,,,,,,,,,,,,,,,,,
0.012076026760041714,0.012076026760041714,240,30847,,,,,,,,,,,,,,,,,,
0.012149625457823277,0.012149625457823277,241,30975,,,,,,,,,,,,,,,,,,
0.011996535584330559,0.011996535584330559,242,31103,,,,,,,,,,,,,,,,,,
0.012179430574178696,0.012179430574178696,243,31231,,,,,,,,,,,,,,,,,,
0.012420750223100185,0.012420750223100185,244,31359,,,,,,,,,,,,,,,,,,
0.012299349531531334,0.012299349531531334,245,31487,,,,,,,,,,,,,,,,,,
0.011814719997346401,0.011814719997346401,246,31615,,,,,,,,,,,,,,,,,,
0.012865610420703888,0.012865610420703888,247,31743,,,,,,,,,,,,,,,,,,
0.012223388999700546,0.012223388999700546,248,31871,,,,,,,,,,,,,,,,,,
0.01231690589338541,0.01231690589338541,249,31999,0.10670866707604397,0.059528313789864784,0.047918973170943395,0.02255824618036408,0.019555122523633273,0.017463802377680412,0.026264257753364047,0.019058878652681764,0.015206146812779212,0.024930308036692078,0.016489815802032473,0.013119492285450465,0.020350679933568303,0.014331958595995477,0.011343120505116353,0.020304453802127358,0.013553813405438226,0.011006540103266297
0.012348884716629982,0.012348884716629982,250,32127,,,,,,,,,,,,,,,,,,
0.012247852049767971,0.012247852049767971,251,32255,,,,,,,,,,,,,,,,,,
0.011657584458589554,0.011657584458589554,252,32383,,,,,,,,,,,,,,,,,,
0.012384472414851189,0.012384472414851189,253,32511,,,,,,,,,,,,,,,,,,
0.01195653434842825,0.01195653434842825,254,32639,,,,,,,,,,,,,,,,,,
0.01180134154856205,0.01180134154856205,255,32767,,,,,,,,,,,,,,,,,,
0.012415346689522266,0.012415346689522266,256,32895,,,,,,,,,,,,,,,,,,
0.011923277750611305,0.011923277750611305,257,33023,,,,,,,,,,,,,,,,,,
0.011823189444839954,0.011823189444839954,258,33151,,,,,,,,,,,,,,,,,,
0.012334420345723629,0.012334420345723629,259,33279,,,,,,,,,,,,,,,,,,
0.01201576180756092,0.01201576180756092,260,33407,,,,,,,,,,,,,,,,,,
0.01208935771137476,0.01208935771137476,261,33535,,,,,,,,,,,,,,,,,,
0.012260513380169868,0.012260513380169868,262,33663,,,,,,,,,,,,,,,,,,
0.01175694353878498,0.01175694353878498,263,33791,,,,,,,,,,,,,,,,,,
0.012042984366416931,0.012042984366416931,264,33919,,,,,,,,,,,,,,,,,,
0.011527907103300095,0.011527907103300095,265,34047,,,,,,,,,,,,,,,,,,
0.012324499897658825,0.012324499897658825,266,34175,,,,,,,,,,,,,,,,,,
0.012213734909892082,0.012213734909892082,267,34303,,,,,,,,,,,,,,,,,,
0.012267406098544598,0.012267406098544598,268,34431,,,,,,,,,,,,,,,,,,
0.01258737314492464,0.01258737314492464,269,34559,,,,,,,,,,,,,,,,,,
0.011527393944561481,0.011527393944561481,270,34687,,,,,,,,,,,,,,,,,,
0.012070557102560997,0.012070557102560997,271,34815,,,,,,,,,,,,,,,,,,
0.012119836173951626,0.012119836173951626,272,34943,,,,,,,,,,,,,,,,,,
0.012167264707386494,0.012167264707386494,273,35071,,,,,,,,,,,,,,,,,,
0.011777165345847607,0.011777165345847607,274,35199,,,,,,,,,,,,,,,,,,
0.011999715119600296,0.011999715119600296,275,35327,,,,,,,,,,,,,,,,,,
0.012310263700783253,0.012310263700783253,276,35455,,,,,,,,,,,,,,,,,,
0.011448455043137074,0.011448455043137074,277,35583,,,,,,,,,,,,,,,,,,
0.012426425702869892,0.012426425702869892,278,35711,,,,,,,,,,,,,,,,,,
0.011892951093614101,0.011892951093614101,279,35839,,,,,,,,,,,,,,,,,,
0.012077637948095798,0.012077637948095798,280,35967,,,,,,,,,,,,,,,,,,
0.011715658940374851,0.011715658940374851,281,36095,,,,,,,,,,,,,,,,,,
0.012149753049015999,0.012149753049015999,282,36223,,,,,,,,,,,,,,,,,,
0.01196171436458826,0.01196171436458826,283,36351,,,,,,,,,,,,,,,,,,
0.011717932298779488,0.011717932298779488,284,36479,,,,,,,,,,,,,,,,,,
0.011726276949048042,0.011726276949048042,285,36607,,,,,,,,,,,,,,,,,,
0.012117359787225723,0.012117359787225723,286,36735,,,,,,,,,,,,,,,,,,
0.011907604523003101,0.011907604523003101,287,36863,,,,,,,,,,,,,,,,,,
0.011706010438501835,0.011706010438501835,288,36991,,,,,,,,,,,,,,,,,,
0.011656299233436584,0.011656299233436584,289,37119,,,,,,,,,,,,,,,,,,
0.012416231445968151,0.012416231445968151,290,37247,,,,,,,,,,,,,,,,,,
0.011858495883643627,0.011858495883643627,291,37375,,,,,,,,,,,,,,,,,,
0.011970673687756062,0.011970673687756062,292,37503,,,,,,,,,,,,,,,,,,
0.01205973606556654,0.01205973606556654,293,37631,,,,,,,,,,,,,,,,,,
0.012104170396924019,0.012104170396924019,294,37759,,,,,,,,,,,,,,,,,,
0.011652762070298195,0.011652762070298195,295,37887,,,,,,,,,,,,,,,,,,
0.012083867564797401,0.012083867564797401,296,38015,,,,,,,,,,,,,,,,,,
0.011695226654410362,0.011695226654410362,297,38143,,,,,,,,,,,,,,,,,,
0.012419919483363628,0.012419919483363628,298,38271,,,,,,,,,,,,,,,,,,
0.011538452468812466,0.011538452468812466,299,38399,0.13310859194323663,0.09067849012622364,0.0608591990619467,0.02135554310541468,0.03058141976670013,0.025466937982190727,0.03557159404020032,0.031243987533382176,0.023631186947876987,0.0309492327719682,0.021946869856765732,0.018075088022626713,0.029154534700137836,0.020672544927058487,0.016875358173394465,0.030045996445103782,0.02077797243738539,0.016720920521227145
0.011682771146297455,0.011682771146297455,300,38527,,,,,,,,,,,,,,,,,,
0.01158811990171671,0.01158811990171671,301,38655,,,,,,,,,,,,,,,,,,
0.011811522766947746,0.011811522766947746,302,38783,,,,,,,,,,,,,,,,,,
0.012082615867257118,0.012082615867257118,303,38911,,,,,,,,,,,,,,,,,,
0.011768494732677937,0.011768494732677937,304,39039,,,,,,,,,,,,,,,,,,
0.011615686118602753,0.011615686118602753,305,39167,,,,,,,,,,,,,,,,,,
0.011527915485203266,0.011527915485203266,306,39295,,,,,,,,,,,,,,,,,,
0.012228334322571754,0.012228334322571754,307,39423,,,,,,,,,,,,,,,,,,
0.01186942309141159,0.01186942309141159,308,39551,,,,,,,,,,,,,,,,,,
0.012377554550766945,0.012377554550766945,309,39679,,,,,,,,,,,,,,,,,,
0.011292248032987118,0.011292248032987118,310,39807,,,,,,,,,,,,,,,,,,
0.011979879811406136,0.011979879811406136,311,39935,,,,,,,,,,,,,,,,,,
0.011467699892818928,0.011467699892818928,312,40063,,,,,,,,,,,,,,,,,,
0.011384231969714165,0.011384231969714165,313,40191,,,,,,,,,,,,,,,,,,
0.011728844605386257,0.011728844605386257,314,40319,,,,,,,,,,,,,,,,,,
0.012043293565511703,0.012043293565511703,315,40447,,,,,,,,,,,,,,,,,,
0.012153271585702896,0.012153271585702896,316,40575,,,,,,,,,,,,,,,,,,
0.011974988505244255,0.011974988505244255,317,40703,,,,,,,,,,,,,,,,,,
0.011267823167145252,0.011267823167145252,318,40831,,,,,,,,,,,,,,,,,,
0.012307245284318924,0.012307245284318924,319,40959,,,,,,,,,,,,,,,,,,
0.011685078963637352,0.011685078963637352,320,41087,,,,,,,,,,,,,,,,,,
0.011619141325354576,0.011619141325354576,321,41215,,,,,,,,,,,,,,,,,,
0.01143418438732624,0.01143418438732624,322,41343,,,,,,,,,,,,,,,,,,
0.012036997824907303,0.012036997824907303,323,41471,,,,,,,,,,,,,,,,,,
0.01194154191762209,0.01194154191762209,324,41599,,,,,,,,,,,,,,,,,,
0.011456997133791447,0.011456997133791447,325,41727,,,,,,,,,,,,,,,,,,
0.011370441876351833,0.011370441876351833,326,41855,,,,,,,,,,,,,,,,,,
0.011715112254023552,0.011715112254023552,327,41983,,,,,,,,,,,,,,,,,,
0.011548005975782871,0.011548005975782871,328,42111,,,,,,,,,,,,,,,,,,
0.012474960647523403,0.012474960647523403,329,42239,,,,,,,,,,,,,,,,,,
0.011585078202188015,0.011585078202188015,330,42367,,,,,,,,,,,,,,,,,,
0.011604920029640198,0.011604920029640198,331,42495,,,,,,,,,,,,,,,,,,
0.011374124325811863,0.011374124325811863,332,42623,,,,,,,,,,,,,,,,,,
0.012062075547873974,0.012062075547873974,333,42751,,,,,,,,,,,,,,,,,,
0.011505615897476673,0.011505615897476673,334,42879,,,,,,,,,,,,,,,,,,
0.011582445353269577,0.011582445353269577,335,43007,,,,,,,,,,,,,,,,,,
0.011341102421283722,0.011341102421283722,336,43135,,,,,,,,,,,,,,,,,,
0.012115842662751675,0.012115842662751675,337,43263,,,,,,,,,,,,,,,,,,
0.011489659547805786,0.011489659547805786,338,43391,,,,,,,,,,,,,,,,,,
0.011604202911257744,0.011604202911257744,339,43519,,,,,,,,,,,,,,,,,,
0.01195802167057991,0.01195802167057991,340,43647,,,,,,,,,,,,,,,,,,
0.011764593422412872,0.011764593422412872,341,43775,,,,,,,,,,,,,,,,,,
0.011751044541597366,0.011751044541597366,342,43903,,,,,,,,,,,,,,,,,,
0.011886867694556713,0.011886867694556713,343,44031,,,,,,,,,,,,,,,,,,
0.011545312590897083,0.011545312590897083,344,44159,,,,,,,,,,,,,,,,,,
0.011688359081745148,0.011688359081745148,345,44287,,,,,,,,,,,,,,,,,,
0.011751393787562847,0.011751393787562847,346,44415,,,,,,,,,,,,,,,,,,
0.011374805122613907,0.011374805122613907,347,44543,,,,,,,,,,,,,,,,,,
0.01207763608545065,0.01207763608545065,348,44671,,,,,,,,,,,,,,,,,,
0.011608949862420559,0.011608949862420559,349,44799,0.1852811026798975,0.1572480348243033,0.08915907237349124,0.0224330388066271,0.01960926634400854,0.021930052764718065,0.02369317791008465,0.01857534646878459,0.015424856390098614,0.02051605132965478,0.01266904513091245,0.010872982809755873,0.018279609626168116,0.011823203264764999,0.00951386408599627,0.016418995777095376,0.010930216312222322,0.008967771015408136
0.01162905152887106,0.01162905152887106,350,44927,,,,,,,,,,,,,,,,,,
0.011653564870357513,0.011653564870357513,351,45055,,,,,,,,,,,,,,,,,,
0.011392975226044655,0.011392975226044655,352,45183,,,,,,,,,,,,,,,,,,
0.011780725792050362,0.011780725792050362,353,45311,,,,,,,,,,,,,,,,,,
0.011705199256539345,0.011705199256539345,354,45439,,,,,,,,,,,,,,,,,,
0.011581938713788986,0.011581938713788986,355,45567,,,,,,,,,,,,,,,,,,
0.012195046991109848,0.012195046991109848,356,45695,,,,,,,,,,,,,,,,,,
0.011204943992197514,0.011204943992197514,357,45823,,,,,,,,,,,,,,,,,,
0.011276953853666782,0.011276953853666782,358,45951,,,,,,,,,,,,,,,,,,
0.01144057884812355,0.01144057884812355,359,46079,,,,,,,,,,,,,,,,,,
0.01159494835883379,0.01159494835883379,360,46207,,,,,,,,,,,,,,,,,,
0.011858340352773666,0.011858340352773666,361,46335,,,,,,,,,,,,,,,,,,
0.011938933283090591,0.011938933283090591,362,46463,,,,,,,,,,,,,,,,,,
0.011381049640476704,0.011381049640476704,363,46591,,,,,,,,,,,,,,,,,,
0.011452450416982174,0.011452450416982174,364,46719,,,,,,,,,,,,,,,,,,
0.011348825879395008,0.011348825879395008,365,46847,,,,,,,,,,,,,,,,,,
0.011313610710203648,0.011313610710203648,366,46975,,,,,,,,,,,,,,,,,,
0.011866435408592224,0.011866435408592224,367,47103,,,,,,,,,,,,,,,,,,
0.011347606778144836,0.011347606778144836,368,47231,,,,,,,,,,,,,,,,,,
0.011634309776127338,0.011634309776127338,369,47359,,,,,,,,,,,,,,,,,,
0.011429782025516033,0.011429782025516033,370,47487,,,,,,,,,,,,,,,,,,
0.011373340152204037,0.011373340152204037,371,47615,,,,,,,,,,,,,,,,,,
0.011183137074112892,0.011183137074112892,372,47743,,,,,,,,,,,,,,,,,,
0.011701738461852074,0.011701738461852074,373,47871,,,,,,,,,,,,,,,,,,
0.01147567480802536,0.01147567480802536,374,47999,,,,,,,,,,,,,,,,,,
0.011920087039470673,0.011920087039470673,375,48127,,,,,,,,,,,,,,,,,,
0.011113871820271015,0.011113871820271015,376,48255,,,,,,,,,,,,,,,,,,
0.011109468527138233,0.011109468527138233,377,48383,,,,,,,,,,,,,,,,,,
0.011882621794939041,0.011882621794939041,378,48511,,,,,,,,,,,,,,,,,,
0.011779557913541794,0.011779557913541794,379,48639,,,,,,,,,,,,,,,,,,
0.011764253489673138,0.011764253489673138,380,48767,,,,,,,,,,,,,,,,,,
0.011968744918704033,0.011968744918704033,381,48895,,,,,,,,,,,,,,,,,,
0.011248327791690826,0.011248327791690826,382,49023,,,,,,,,,,,,,,,,,,
0.011024548672139645,0.011024548672139645,383,49151,,,,,,,,,,,,,,,,,,
0.011974114924669266,0.011974114924669266,384,49279,,,,,,,,,,,,,,,,,,
0.011537555605173111,0.011537555605173111,385,49407,,,,,,,,,,,,,,,,,,
0.011602789163589478,0.011602789163589478,386,49535,,,,,,,,,,,,,,,,,,
0.011362901888787746,0.011362901888787746,387,49663,,,,,,,,,,,,,,,,,,
0.011330105364322662,0.011330105364322662,388,49791,,,,,,,,,,,,,,,,,,
0.011074721813201904,0.011074721813201904,389,49919,,,,,,,,,,,,,,,,,,
0.011339671909809113,0.011339671909809113,390,50047,,,,,,,,,,,,,,,,,,
0.011832155287265778,0.011832155287265778,391,50175,,,,,,,,,,,,,,,,,,
0.011557057499885559,0.011557057499885559,392,50303,,,,,,,,,,,,,,,,,,
0.011158047243952751,0.011158047243952751,393,50431,,,,,,,,,,,,,,,,,,
0.011759336106479168,0.011759336106479168,394,50559,,,,,,,,,,,,,,,,,,
0.011809843592345715,0.011809843592345715,395,50687,,,,,,,,,,,,,,,,,,
0.011422619223594666,0.011422619223594666,396,50815,,,,,,,,,,,,,,,,,,
0.011337135918438435,0.011337135918438435,397,50943,,,,,,,,,,,,,,,,,,
0.010974415577948093,0.010974415577948093,398,51071,,,,,,,,,,,,,,,,,,
0.012012082152068615,0.012012082152068615,399,51199,0.1499576718725813,0.10205041184180058,0.06756336570309146,0.021208637650211415,0.023084371606663347,0.022563588340748668,0.027446814163385937,0.021440762125694606,0.01717203068635814,0.02219664019250957,0.014896752260507684,0.01231026951772278,0.018349143551639878,0.012813745796036467,0.010321470207330234,0.01816070948913093,0.011064534283269523,0.009266898419657625
0.011640484444797039,0.011640484444797039,400,51327,,,,,,,,,,,,,,,,,,
0.011540185660123825,0.011540185660123825,401,51455,,,,,,,,,,,,,,,,,,
0.011213178746402264,0.011213178746402264,402,51583,,,,,,,,,,,,,,,,,,
0.011809608899056911,0.011809608899056911,403,51711,,,,,,,,,,,,,,,,,,
0.01136290468275547,0.01136290468275547,404,51839,,,,,,,,,,,,,,,,,,
0.011224796064198017,0.011224796064198017,405,51967,,,,,,,,,,,,,,,,,,
0.011688864789903164,0.011688864789903164,406,52095,,,,,,,,,,,,,,,,,,
0.011920811608433723,0.011920811608433723,407,52223,,,,,,,,,,,,,,,,,,
0.011331784538924694,0.011331784538924694,408,52351,,,,,,,,,,,,,,,,,,
0.011379274539649487,0.011379274539649487,409,52479,,,,,,,,,,,,,,,,,,
0.01123332791030407,0.01123332791030407,410,52607,,,,,,,,,,,,,,,,,,
0.011568458750844002,0.011568458750844002,411,52735,,,,,,,,,,,,,,,,,,
0.011213247664272785,0.011213247664272785,412,52863,,,,,,,,,,,,,,,,,,
0.011147246696054935,0.011147246696054935,413,52991,,,,,,,,,,,,,,,,,,
0.011789278127253056,0.011789278127253056,414,53119,,,,,,,,,,,,,,,,,,
0.011348533444106579,0.011348533444106579,415,53247,,,,,,,,,,,,,,,,,,
0.011417830362915993,0.011417830362915993,416,53375,,,,,,,,,,,,,,,,,,
0.01088235154747963,0.01088235154747963,417,53503,,,,,,,,,,,,,,,,,,
0.010772406123578548,0.010772406123578548,418,53631,,,,,,,,,,,,,,,,,,
0.01148475706577301,0.01148475706577301,419,53759,,,,,,,,,,,,,,,,,,
0.011560443788766861,0.011560443788766861,420,53887,,,,,,,,,,,,,,,,,,
0.011416380293667316,0.011416380293667316,421,54015,,,,,,,,,,,,,,,,,,
0.011435396037995815,0.011435396037995815,422,54143,,,,,,,,,,,,,,,,,,
0.01160474494099617,0.01160474494099617,423,54271,,,,,,,,,,,,,,,,,,
0.011388533748686314,0.011388533748686314,424,54399,,,,,,,,,,,,,,,,,,
0.01115645281970501,0.01115645281970501,425,54527,,,,,,,,,,,,,,,,,,
0.011496120132505894,0.011496120132505894,426,54655,,,,,,,,,,,,,,,,,,
0.011145830154418945,0.011145830154418945,427,54783,,,,,,,,,,,,,,,,,,
0.011270263232290745,0.011270263232290745,428,54911,,,,,,,,,,,,,,,,,,
0.011266092769801617,0.011266092769801617,429,55039,,,,,,,,,,,,,,,,,,
0.011065769009292126,0.011065769009292126,430,55167,,,,,,,,,,,,,,,,,,
0.011287492699921131,0.011287492699921131,431,55295,,,,,,,,,,,,,,,,,,
0.011511403135955334,0.011511403135955334,432,55423,,,,,,,,,,,,,,,,,,
0.0111905038356781,0.0111905038356781,433,55551,,,,,,,,,,,,,,,,,,
0.011297425255179405,0.011297425255179405,434,55679,,,,,,,,,,,,,,,,,,
0.011288106441497803,0.011288106441497803,435,55807,,,,,,,,,,,,,,,,,,
0.010873043909668922,0.010873043909668922,436,55935,,,,,,,,,,,,,,,,,,
0.011315864510834217,0.011315864510834217,437,56063,,,,,,,,,,,,,,,,,,
0.01165572740137577,0.01165572740137577,438,56191,,,,,,,,,,,,,,,,,,
0.011144066229462624,0.011144066229462624,439,56319,,,,,,,,,,,,,,,,,,
0.010952250100672245,0.010952250100672245,440,56447,,,,,,,,,,,,,,,,,,
0.011070124804973602,0.011070124804973602,441,56575,,,,,,,,,,,,,,,,,,
0.011829636059701443,0.011829636059701443,442,56703,,,,,,,,,,,,,,,,,,
0.010818473063409328,0.010818473063409328,443,56831,,,,,,,,,,,,,,,,,,
0.01070436742156744,0.01070436742156744,444,56959,,,,,,,,,,,,,,,,,,
0.01176361832767725,0.01176361832767725,445,57087,,,,,,,,,,,,,,,,,,
0.01142233144491911,0.01142233144491911,446,57215,,,,,,,,,,,,,,,,,,
0.011123943142592907,0.011123943142592907,447,57343,,,,,,,,,,,,,,,,,,
0.011306735686957836,0.011306735686957836,448,57471,,,,,,,,,,,,,,,,,,
0.011234394274652004,0.011234394274652004,449,57599,0.20973720229148216,0.1722658746579174,0.1042699768216561,0.03729305833284843,0.013131316596819436,0.01939087577025592,0.019716678709589812,0.015716847656021424,0.012643641705627293,0.018170490236621737,0.01272417277874274,0.010039125279034746,0.01704049699301114,0.011337395762263934,0.009211882001564415,0.018974263512958896,0.01156473208834739,0.0097221490638262
0.01055839192122221,0.01055839192122221,450,57727,,,,,,,,,,,,,,,,,,
0.011316207237541676,0.011316207237541676,451,57855,,,,,,,,,,,,,,,,,,
0.011251336894929409,0.011251336894929409,452,57983,,,,,,,,,,,,,,,,,,
0.011202670633792877,0.011202670633792877,453,58111,,,,,,,,,,,,,,,,,,
0.011047681793570518,0.011047681793570518,454,58239,,,,,,,,,,,,,,,,,,
0.011331605724990368,0.011331605724990368,455,58367,,,,,,,,,,,,,,,,,,
0.01114584319293499,0.01114584319293499,456,58495,,,,,,,,,,,,,,,,,,
0.01173323206603527,0.01173323206603527,457,58623,,,,,,,,,,,,,,,,,,
0.011454790830612183,0.011454790830612183,458,58751,,,,,,,,,,,,,,,,,,
0.011177887208759785,0.011177887208759785,459,58879,,,,,,,,,,,,,,,,,,
0.011428499594330788,0.011428499594330788,460,59007,,,,,,,,,,,,,,,,,,
0.011331922374665737,0.011331922374665737,461,59135,,,,,,,,,,,,,,,,,,
0.011458057910203934,0.011458057910203934,462,59263,,,,,,,,,,,,,,,,,,
0.01135176420211792,0.01135176420211792,463,59391,,,,,,,,,,,,,,,,,,
0.011068882420659065,0.011068882420659065,464,59519,,,,,,,,,,,,,,,,,,
0.011028997600078583,0.011028997600078583,465,59647,,,,,,,,,,,,,,,,,,
0.011396147310733795,0.011396147310733795,466,59775,,,,,,,,,,,,,,,,,,
0.011389259248971939,0.011389259248971939,467,59903,,,,,,,,,,,,,,,,,,
0.011074405163526535,0.011074405163526535,468,60031,,,,,,,,,,,,,,,,,,
0.011168555356562138,0.011168555356562138,469,60159,,,,,,,,,,,,,,,,,,
0.011298845522105694,0.011298845522105694,470,60287,,,,,,,,,,,,,,,,,,
0.011787653900682926,0.011787653900682926,471,60415,,,,,,,,,,,,,,,,,,
0.011502966284751892,0.011502966284751892,472,60543,,,,,,,,,,,,,,,,,,
0.01100472453981638,0.01100472453981638,473,60671,,,,,,,,,,,,,,,,,,
0.011250454932451248,0.011250454932451248,474,60799,,,,,,,,,,,,,,,,,,
0.01133215706795454,0.01133215706795454,475,60927,,,,,,,,,,,,,,,,,,
0.011040705256164074,0.011040705256164074,476,61055,,,,,,,,,,,,,,,,,,
0.010975062847137451,0.010975062847137451,477,61183,,,,,,,,,,,,,,,,,,
0.011610784567892551,0.011610784567892551,478,61311,,,,,,,,,,,,,,,,,,
0.010936255566775799,0.010936255566775799,479,61439,,,,,,,,,,,,,,,,,,
0.011203283444046974,0.011203283444046974,480,61567,,,,,,,,,,,,,,,,,,
0.011004338972270489,0.011004338972270489,481,61695,,,,,,,,,,,,,,,,,,
0.011039845645427704,0.011039845645427704,482,61823,,,,,,,,,,,,,,,,,,
0.011243240907788277,0.011243240907788277,483,61951,,,,,,,,,,,,,,,,,,
0.011235603131353855,0.011235603131353855,484,62079,,,,,,,,,,,,,,,,,,
0.011448369361460209,0.011448369361460209,485,62207,,,,,,,,,,,,,,,,,,
0.011073524132370949,0.011073524132370949,486,62335,,,,,,,,,,,,,,,,,,
0.01115507073700428,0.01115507073700428,487,62463,,,,,,,,,,,,,,,,,,
0.011112776584923267,0.011112776584923267,488,62591,,,,,,,,,,,,,,,,,,
0.011117694899439812,0.011117694899439812,489,62719,,,,,,,,,,,,,,,,,,
0.010859164409339428,0.010859164409339428,490,62847,,,,,,,,,,,,,,,,,,
0.010974264703691006,0.010974264703691006,491,62975,,,,,,,,,,,,,,,,,,
0.011152560822665691,0.011152560822665691,492,63103,,,,,,,,,,,,,,,,,,
0.011004593223333359,0.011004593223333359,493,63231,,,,,,,,,,,,,,,,,,
0.011511559598147869,0.011511559598147869,494,63359,,,,,,,,,,,,,,,,,,
0.011078939773142338,0.011078939773142338,495,63487,,,,,,,,,,,,,,,,,,
0.01125449687242508,0.01125449687242508,496,63615,,,,,,,,,,,,,,,,,,
0.010771318338811398,0.010771318338811398,497,63743,,,,,,,,,,,,,,,,,,
0.011495872400701046,0.011495872400701046,498,63871,,,,,,,,,,,,,,,,,,
0.010709837079048157,0.010709837079048157,499,63999,0.18966782161816167,0.1562529689990347,0.09246053832036899,0.03709014860393254,0.011686972081477327,0.01713368419365539,0.018580793644734615,0.013960552043589139,0.011414768072715518,0.01890639900677955,0.01302009307262077,0.010514221653407964,0.016471254327030546,0.010938350022442799,0.008964397324960119,0.01863063272994495,0.012583655498194582,0.010305108675242607
0.011424088850617409,0.011424088850617409,500,64127,,,,,,,,,,,,,,,,,,
0.011249304749071598,0.011249304749071598,501,64255,,,,,,,,,,,,,,,,,,
0.010903206653892994,0.010903206653892994,502,64383,,,,,,,,,,,,,,,,,,
0.010943921282887459,0.010943921282887459,503,64511,,,,,,,,,,,,,,,,,,
0.011055870912969112,0.011055870912969112,504,64639,,,,,,,,,,,,,,,,,,
0.011111633852124214,0.011111633852124214,505,64767,,,,,,,,,,,,,,,,,,
0.011017444543540478,0.011017444543540478,506,64895,,,,,,,,,,,,,,,,,,
0.011249569244682789,0.011249569244682789,507,65023,,,,,,,,,,,,,,,,,,
0.010945877991616726,0.010945877991616726,508,65151,,,,,,,,,,,,,,,,,,
0.010835782624781132,0.010835782624781132,509,65279,,,,,,,,,,,,,,,,,,
0.011842422187328339,0.011842422187328339,510,65407,,,,,,,,,,,,,,,,,,
0.011053941212594509,0.011053941212594509,511,65535,,,,,,,,,,,,,,,,,,
0.010892746038734913,0.010892746038734913,512,65663,,,,,,,,,,,,,,,,,,
0.01076115109026432,0.01076115109026432,513,65791,,,,,,,,,,,,,,,,,,
0.011292229406535625,0.011292229406535625,514,65919,,,,,,,,,,,,,,,,,,
0.01074451208114624,0.01074451208114624,515,66047,,,,,,,,,,,,,,,,,,
0.010830894112586975,0.010830894112586975,516,66175,,,,,,,,,,,,,,,,,,
0.011825860477983952,0.011825860477983952,517,66303,,,,,,,,,,,,,,,,,,
0.011055787093937397,0.011055787093937397,518,66431,,,,,,,,,,,,,,,,,,
0.01131818350404501,0.01131818350404501,519,66559,,,,,,,,,,,,,,,,,,
0.010879899375140667,0.010879899375140667,520,66687,,,,,,,,,,,,,,,,,,
0.010866119526326656,0.010866119526326656,521,66815,,,,,,,,,,,,,,,,,,
0.01124291867017746,0.01124291867017746,522,66943,,,,,,,,,,,,,,,,,,
0.010914118029177189,0.010914118029177189,523,67071,,,,,,,,,,,,,,,,,,
0.011179298162460327,0.011179298162460327,524,67199,,,,,,,,,,,,,,,,,,
0.011346809566020966,0.011346809566020966,525,67327,,,,,,,,,,,,,,,,,,
0.010886779054999352,0.010886779054999352,526,67455,,,,,,,,,,,,,,,,,,
0.010972991585731506,0.010972991585731506,527,67583,,,,,,,,,,,,,,,,,,
0.01047271303832531,0.01047271303832531,528,67711,,,,,,,,,,,,,,,,,,
0.011458921246230602,0.011458921246230602,529,67839,,,,,,,,,,,,,,,,,,
0.01127490121871233,0.01127490121871233,530,67967,,,,,,,,,,,,,,,,,,
0.010706211440265179,0.010706211440265179,531,68095,,,,,,,,,,,,,,,,,,
0.011343306861817837,0.011343306861817837,532,68223,,,,,,,,,,,,,,,,,,
0.010791975073516369,0.010791975073516369,533,68351,,,,,,,,,,,,,,,,,,
0.011064279824495316,0.011064279824495316,534,68479,,,,,,,,,,,,,,,,,,
0.011079191230237484,0.011079191230237484,535,68607,,,,,,,,,,,,,,,,,,
0.01114091370254755,0.01114091370254755,536,68735,,,,,,,,,,,,,,,,,,
0.010914224199950695,0.010914224199950695,537,68863,,,,,,,,,,,,,,,,,,
0.011132776737213135,0.011132776737213135,538,68991,,,,,,,,,,,,,,,,,,
0.011036493815481663,0.011036493815481663,539,69119,,,,,,,,,,,,,,,,,,
0.010483408346772194,0.010483408346772194,540,69247,,,,,,,,,,,,,,,,,,
0.011424848809838295,0.011424848809838295,541,69375,,,,,,,,,,,,,,,,,,
0.011220664717257023,0.011220664717257023,542,69503,,,,,,,,,,,,,,,,,,
0.010768524371087551,0.010768524371087551,543,69631,,,,,,,,,,,,,,,,,,
0.011432289145886898,0.011432289145886898,544,69759,,,,,,,,,,,,,,,,,,
0.01094062626361847,0.01094062626361847,545,69887,,,,,,,,,,,,,,,,,,
0.010883243754506111,0.010883243754506111,546,70015,,,,,,,,,,,,,,,,,,
0.011205666698515415,0.011205666698515415,547,70143,,,,,,,,,,,,,,,,,,
0.011468225158751011,0.011468225158751011,548,70271,,,,,,,,,,,,,,,,,,
0.010862329974770546,0.010862329974770546,549,70399,0.20549896934972195,0.1656383345126759,0.10072252847521265,0.02518571845536967,0.020019836144266254,0.02365566596890463,0.029348933036564915,0.025208452532223112,0.01976531703188399,0.0323111964275138,0.022598107861830117,0.018229683339796493,0.02745105236386203,0.019190228719187383,0.01542098630914876,0.026656949358887794,0.01711627150247212,0.014212805803680771
0.010967163369059563,0.010967163369059563,550,70527,,,,,,,,,,,,,,,,,,
0.010718706995248795,0.010718706995248795,551,70655,,,,,,,,,,,,,,,,,,
0.011436248198151588,0.011436248198151588,552,70783,,,,,,,,,,,,,,,,,,
0.011009711772203445,0.011009711772203445,553,70911,,,,,,,,,,,,,,,,,,
0.010945121757686138,0.010945121757686138,554,71039,,,,,,,,,,,,,,,,,,
0.011478140950202942,0.011478140950202942,555,71167,,,,,,,,,,,,,,,,,,
0.01138023566454649,0.01138023566454649,556,71295,,,,,,,,,,,,,,,,,,
0.010611056350171566,0.010611056350171566,557,71423,,,,,,,,,,,,,,,,,,
0.010872680693864822,0.010872680693864822,558,71551,,,,,,,,,,,,,,,,,,
0.01109275035560131,0.01109275035560131,559,71679,,,,,,,,,,,,,,,,,,
0.010720789432525635,0.010720789432525635,560,71807,,,,,,,,,,,,,,,,,,
0.010159788653254509,0.010159788653254509,561,71935,,,,,,,,,,,,,,,,,,
0.011224151588976383,0.011224151588976383,562,72063,,,,,,,,,,,,,,,,,,
0.01102427113801241,0.01102427113801241,563,72191,,,,,,,,,,,,,,,,,,
0.011042853817343712,0.011042853817343712,564,72319,,,,,,,,,,,,,,,,,,
0.010381738655269146,0.010381738655269146,565,72447,,,,,,,,,,,,,,,,,,
0.011059419251978397,0.011059419251978397,566,72575,,,,,,,,,,,,,,,,,,
0.01072518527507782,0.01072518527507782,567,72703,,,,,,,,,,,,,,,,,,
0.010697578079998493,0.010697578079998493,568,72831,,,,,,,,,,,,,,,,,,
0.010766878724098206,0.010766878724098206,569,72959,,,,,,,,,,,,,,,,,,
0.011098220013082027,0.011098220013082027,570,73087,,,,,,,,,,,,,,,,,,
0.010620092041790485,0.010620092041790485,571,73215,,,,,,,,,,,,,,,,,,
0.011320915073156357,0.011320915073156357,572,73343,,,,,,,,,,,,,,,,,,
0.01053308043628931,0.01053308043628931,573,73471,,,,,,,,,,,,,,,,,,
0.010929633863270283,0.010929633863270283,574,73599,,,,,,,,,,,,,,,,,,
0.010656669735908508,0.010656669735908508,575,73727,,,,,,,,,,,,,,,,,,
0.01106483954936266,0.01106483954936266,576,73855,,,,,,,,,,,,,,,,,,
0.010895563289523125,0.010895563289523125,577,73983,,,,,,,,,,,,,,,,,,
0.011515369638800621,0.011515369638800621,578,74111,,,,,,,,,,,,,,,,,,
0.010916569270193577,0.010916569270193577,579,74239,,,,,,,,,,,,,,,,,,
0.010331042110919952,0.010331042110919952,580,74367,,,,,,,,,,,,,,,,,,
0.011134333908557892,0.011134333908557892,581,74495,,,,,,,,,,,,,,,,,,
0.011970117688179016,0.011970117688179016,582,74623,,,,,,,,,,,,,,,,,,
0.010752721689641476,0.010752721689641476,583,74751,,,,,,,,,,,,,,,,,,
0.01077615562826395,0.01077615562826395,584,74879,,,,,,,,,,,,,,,,,,
0.010974938049912453,0.010974938049912453,585,75007,,,,,,,,,,,,,,,,,,
0.01116655021905899,0.01116655021905899,586,75135,,,,,,,,,,,,,,,,,,
0.010814289562404156,0.010814289562404156,587,75263,,,,,,,,,,,,,,,,,,
0.01049803290516138,0.01049803290516138,588,75391,,,,,,,,,,,,,,,,,,
0.01099881436675787,0.01099881436675787,589,75519,,,,,,,,,,,,,,,,,,
0.010793148539960384,0.010793148539960384,590,75647,,,,,,,,,,,,,,,,,,
0.010902456939220428,0.010902456939220428,591,75775,,,,,,,,,,,,,,,,,,
0.011007268913090229,0.011007268913090229,592,75903,,,,,,,,,,,,,,,,,,
0.010412951000034809,0.010412951000034809,593,76031,,,,,,,,,,,,,,,,,,
0.010945498943328857,0.010945498943328857,594,76159,,,,,,,,,,,,,,,,,,
0.011290986090898514,0.011290986090898514,595,76287,,,,,,,,,,,,,,,,,,
0.01090316940099001,0.01090316940099001,596,76415,,,,,,,,,,,,,,,,,,
0.010818632319569588,0.010818632319569588,597,76543,,,,,,,,,,,,,,,,,,
0.010889122262597084,0.010889122262597084,598,76671,,,,,,,,,,,,,,,,,,
0.010204949416220188,0.010204949416220188,599,76799,0.22380702796955898,0.18695921814323047,0.11385302904181921,0.038221889062564594,0.014383081800513906,0.022344754040253982,0.018017236899549344,0.016346571665912864,0.014352205964131568,0.018382696353005493,0.012621210553270826,0.01038349479636654,0.017504654163788998,0.012223638818498458,0.00993168957889129,0.018849390861705305,0.012052579663924545,0.010243286092359867
0.011368403211236,0.011368403211236,600,76927,,,,,,,,,,,,,,,,,,
0.010830963030457497,0.010830963030457497,601,77055,,,,,,,,,,,,,,,,,,
0.01086973026394844,0.01086973026394844,602,77183,,,,,,,,,,,,,,,,,,
0.011016042903065681,0.011016042903065681,603,77311,,,,,,,,,,,,,,,,,,
0.010799527168273926,0.010799527168273926,604,77439,,,,,,,,,,,,,,,,,,
0.010704020038247108,0.010704020038247108,605,77567,,,,,,,,,,,,,,,,,,
0.01102815568447113,0.01102815568447113,606,77695,,,,,,,,,,,,,,,,,,
0.011035885661840439,0.011035885661840439,607,77823,,,,,,,,,,,,,,,,,,
0.010819027200341225,0.010819027200341225,608,77951,,,,,,,,,,,,,,,,,,
0.010536019690334797,0.010536019690334797,609,78079,,,,,,,,,,,,,,,,,,
0.010987488552927971,0.010987488552927971,610,78207,,,,,,,,,,,,,,,,,,
0.011276355013251305,0.011276355013251305,611,78335,,,,,,,,,,,,,,,,,,
0.010359168983995914,0.010359168983995914,612,78463,,,,,,,,,,,,,,,,,,
0.010909853503108025,0.010909853503108025,613,78591,,,,,,,,,,,,,,,,,,
0.011123922653496265,0.011123922653496265,614,78719,,,,,,,,,,,,,,,,,,
0.010392256081104279,0.010392256081104279,615,78847,,,,,,,,,,,,,,,,,,
0.010888424701988697,0.010888424701988697,616,78975,,,,,,,,,,,,,,,,,,
0.01084494311362505,0.01084494311362505,617,79103,,,,,,,,,,,,,,,,,,
0.010811293497681618,0.010811293497681618,618,79231,,,,,,,,,,,,,,,,,,
0.01030020322650671,0.01030020322650671,619,79359,,,,,,,,,,,,,,,,,,
0.011485776863992214,0.011485776863992214,620,79487,,,,,,,,,,,,,,,,,,
0.010842266492545605,0.010842266492545605,621,79615,,,,,,,,,,,,,,,,,,
0.01129202265292406,0.01129202265292406,622,79743,,,,,,,,,,,,,,,,,,
0.011031411588191986,0.011031411588191986,623,79871,,,,,,,,,,,,,,,,,,
0.01104044821113348,0.01104044821113348,624,79999,,,,,,,,,,,,,,,,,,
0.010962235741317272,0.010962235741317272,625,80127,,,,,,,,,,,,,,,,,,
0.010656763799488544,0.010656763799488544,626,80255,,,,,,,,,,,,,,,,,,
0.01109927799552679,0.01109927799552679,627,80383,,,,,,,,,,,,,,,,,,
0.011121846735477448,0.011121846735477448,628,80511,,,,,,,,,,,,,,,,,,
0.010535670444369316,0.010535670444369316,629,80639,,,,,,,,,,,,,,,,,,
0.011082921177148819,0.011082921177148819,630,80767,,,,,,,,,,,,,,,,,,
0.01091024186462164,0.01091024186462164,631,80895,,,,,,,,,,,,,,,,,,
0.011241793632507324,0.011241793632507324,632,81023,,,,,,,,,,,,,,,,,,
0.010451536625623703,0.010451536625623703,633,81151,,,,,,,,,,,,,,,,,,
0.011447933502495289,0.011447933502495289,634,81279,,,,,,,,,,,,,,,,,,
0.01081370934844017,0.01081370934844017,635,81407,,,,,,,,,,,,,,,,,,
0.01103690080344677,0.01103690080344677,636,81535,,,,,,,,,,,,,,,,,,
0.011023023165762424,0.011023023165762424,637,81663,,,,,,,,,,,,,,,,,,
0.010338662192225456,0.010338662192225456,638,81791,,,,,,,,,,,,,,,,,,
0.010760831646621227,0.010760831646621227,639,81919,,,,,,,,,,,,,,,,,,
0.010885961353778839,0.010885961353778839,640,82047,,,,,,,,,,,,,,,,,,
0.010787946172058582,0.010787946172058582,641,82175,,,,,,,,,,,,,,,,,,
0.010336973704397678,0.010336973704397678,642,82303,,,,,,,,,,,,,,,,,,
0.010570723563432693,0.010570723563432693,643,82431,,,,,,,,,,,,,,,,,,
0.010906265117228031,0.010906265117228031,644,82559,,,,,,,,,,,,,,,,,,
0.010653986595571041,0.010653986595571041,645,82687,,,,,,,,,,,,,,,,,,
0.01075919158756733,0.01075919158756733,646,82815,,,,,,,,,,,,,,,,,,
0.011054019443690777,0.011054019443690777,647,82943,,,,,,,,,,,,,,,,,,
0.010665006935596466,0.010665006935596466,648,83071,,,,,,,,,,,,,,,,,,
0.010945049114525318,0.010945049114525318,649,83199,0.21139885236600367,0.17618333491994245,0.10710211247855728,0.024248201949606148,0.019697977937849456,0.02506578062005729,0.032806838073351254,0.028706002583578027,0.02237512985529556,0.031840791882736454,0.023561912889997982,0.019011571409003107,0.031740148473936344,0.023239077323911485,0.018912742462572327,0.034257661811313296,0.024345438463047632,0.020077320846476145
0.010808929800987244,0.010808929800987244,650,83327,,,,,,,,,,,,,,,,,,
0.010832473635673523,0.010832473635673523,651,83455,,,,,,,,,,,,,,,,,,
0.01080278865993023,0.01080278865993023,652,83583,,,,,,,,,,,,,,,,,,
0.010895776562392712,0.010895776562392712,653,83711,,,,,,,,,,,,,,,,,,
0.011033122427761555,0.011033122427761555,654,83839,,,,,,,,,,,,,,,,,,
0.010891498066484928,0.010891498066484928,655,83967,,,,,,,,,,,,,,,,,,
0.010782104916870594,0.010782104916870594,656,84095,,,,,,,,,,,,,,,,,,
0.011235972866415977,0.011235972866415977,657,84223,,,,,,,,,,,,,,,,,,
0.010809491388499737,0.010809491388499737,658,84351,,,,,,,,,,,,,,,,,,
0.011060625314712524,0.011060625314712524,659,84479,,,,,,,,,,,,,,,,,,
0.010469387285411358,0.010469387285411358,660,84607,,,,,,,,,,,,,,,,,,
0.010932289063930511,0.010932289063930511,661,84735,,,,,,,,,,,,,,,,,,
0.01032915897667408,0.01032915897667408,662,84863,,,,,,,,,,,,,,,,,,
0.010796144604682922,0.010796144604682922,663,84991,,,,,,,,,,,,,,,,,,
0.010910378769040108,0.010910378769040108,664,85119,,,,,,,,,,,,,,,,,,
0.011096540838479996,0.011096540838479996,665,85247,,,,,,,,,,,,,,,,,,
0.010517602786421776,0.010517602786421776,666,85375,,,,,,,,,,,,,,,,,,
0.01057231891900301,0.01057231891900301,667,85503,,,,,,,,,,,,,,,,,,
0.010668979957699776,0.010668979957699776,668,85631,,,,,,,,,,,,,,,,,,
0.010958248749375343,0.010958248749375343,669,85759,,,,,,,,,,,,,,,,,,
0.010409962385892868,0.010409962385892868,670,85887,,,,,,,,,,,,,,,,,,
0.011045346967875957,0.011045346967875957,671,86015,,,,,,,,,,,,,,,,,,
0.010726689361035824,0.010726689361035824,672,86143,,,,,,,,,,,,,,,,,,
0.010700450278818607,0.010700450278818607,673,86271,,,,,,,,,,,,,,,,,,
0.01083317305892706,0.01083317305892706,674,86399,,,,,,,,,,,,,,,,,,
0.010736193507909775,0.010736193507909775,675,86527,,,,,,,,,,,,,,,,,,
0.010342126712203026,0.010342126712203026,676,86655,,,,,,,,,,,,,,,,,,
0.010999102145433426,0.010999102145433426,677,86783,,,,,,,,,,,,,,,,,,
0.010371972806751728,0.010371972806751728,678,86911,,,,,,,,,,,,,,,,,,
0.010733607225120068,0.010733607225120068,679,87039,,,,,,,,,,,,,,,,,,
0.011019513942301273,0.011019513942301273,680,87167,,,,,,,,,,,,,,,,,,
0.011282301507890224,0.011282301507890224,681,87295,,,,,,,,,,,,,,,,,,
0.010808986611664295,0.010808986611664295,682,87423,,,,,,,,,,,,,,,,,,
0.011092210188508034,0.011092210188508034,683,87551,,,,,,,,,,,,,,,,,,
0.010248214937746525,0.010248214937746525,684,87679,,,,,,,,,,,,,,,,,,
0.010910003446042538,0.010910003446042538,685,87807,,,,,,,,,,,,,,,,,,
0.01065964438021183,0.01065964438021183,686,87935,,,,,,,,,,,,,,,,,,
0.010434135794639587,0.010434135794639587,687,88063,,,,,,,,,,,,,,,,,,
0.010792523622512817,0.010792523622512817,688,88191,,,,,,,,,,,,,,,,,,
0.010935959406197071,0.010935959406197071,689,88319,,,,,,,,,,,,,,,,,,
0.010524667799472809,0.010524667799472809,690,88447,,,,,,,,,,,,,,,,,,
0.010827332735061646,0.010827332735061646,691,88575,,,,,,,,,,,,,,,,,,
0.010573568753898144,0.010573568753898144,692,88703,,,,,,,,,,,,,,,,,,
0.010548627935349941,0.010548627935349941,693,88831,,,,,,,,,,,,,,,,,,
0.010896015912294388,0.010896015912294388,694,88959,,,,,,,,,,,,,,,,,,
0.010863592848181725,0.010863592848181725,695,89087,,,,,,,,,,,,,,,,,,
0.010645887814462185,0.010645887814462185,696,89215,,,,,,,,,,,,,,,,,,
0.01079645287245512,0.01079645287245512,697,89343,,,,,,,,,,,,,,,,,,
0.010527539066970348,0.010527539066970348,698,89471,,,,,,,,,,,,,,,,,,
0.010987911373376846,0.010987911373376846,699,89599,0.22413965966405128,0.18876509066481653,0.11246095561744901,0.03808699965540648,0.013322786872669891,0.02182387197803896,0.01919713774984362,0.015752042789130113,0.013655296076685572,0.019923915927342415,0.014036671722098033,0.011466040847713525,0.021422414353410857,0.014933822731136883,0.012035692324986608,0.021125826703207017,0.014470557240826796,0.011850718031888629
0.010734617710113525,0.010734617710113525,700,89727,,,,,,,,,,,,,,,,,,
0.010352618992328644,0.010352618992328644,701,89855,,,,,,,,,,,,,,,,,,
0.010991164483129978,0.010991164483129978,702,89983,,,,,,,,,,,,,,,,,,
0.010652665980160236,0.010652665980160236,703,90111,,,,,,,,,,,,,,,,,,
0.010657995007932186,0.010657995007932186,704,90239,,,,,,,,,,,,,,,,,,
0.010799634270370007,0.010799634270370007,705,90367,,,,,,,,,,,,,,,,,,
0.010623754933476448,0.010623754933476448,706,90495,,,,,,,,,,,,,,,,,,
0.01086701825261116,0.01086701825261116,707,90623,,,,,,,,,,,,,,,,,,
0.010913601145148277,0.010913601145148277,708,90751,,,,,,,,,,,,,,,,,,
0.01050505880266428,0.01050505880266428,709,90879,,,,,,,,,,,,,,,,,,
0.01080669742077589,0.01080669742077589,710,91007,,,,,,,,,,,,,,,,,,
0.010518680326640606,0.010518680326640606,711,91135,,,,,,,,,,,,,,,,,,
0.010673674754798412,0.010673674754798412,712,91263,,,,,,,,,,,,,,,,,,
0.010505763813853264,0.010505763813853264,713,91391,,,,,,,,,,,,,,,,,,
0.010690861381590366,0.010690861381590366,714,91519,,,,,,,,,,,,,,,,,,
0.010033502243459225,0.010033502243459225,715,91647,,,,,,,,,,,,,,,,,,
0.010870848782360554,0.010870848782360554,716,91775,,,,,,,,,,,,,,,,,,
0.010668360628187656,0.010668360628187656,717,91903,,,,,,,,,,,,,,,,,,
0.01039404422044754,0.01039404422044754,718,92031,,,,,,,,,,,,,,,,,,
0.01108994148671627,0.01108994148671627,719,92159,,,,,,,,,,,,,,,,,,
0.010733189061284065,0.010733189061284065,720,92287,,,,,,,,,,,,,,,,,,
0.010394870303571224,0.010394870303571224,721,92415,,,,,,,,,,,,,,,,,,
0.010633322410285473,0.010633322410285473,722,92543,,,,,,,,,,,,,,,,,,
0.011179251596331596,0.011179251596331596,723,92671,,,,,,,,,,,,,,,,,,
0.010787365958094597,0.010787365958094597,724,92799,,,,,,,,,,,,,,,,,,
0.010649715550243855,0.010649715550243855,725,92927,,,,,,,,,,,,,,,,,,
0.010519275441765785,0.010519275441765785,726,93055,,,,,,,,,,,,,,,,,,
0.010618463158607483,0.010618463158607483,727,93183,,,,,,,,,,,,,,,,,,
0.010579234920442104,0.010579234920442104,728,93311,,,,,,,,,,,,,,,,,,
0.010755378752946854,0.010755378752946854,729,93439,,,,,,,,,,,,,,,,,,
0.01047422830015421,0.01047422830015421,730,93567,,,,,,,,,,,,,,,,,,
0.01042890828102827,0.01042890828102827,731,93695,,,,,,,,,,,,,,,,,,
0.010887057520449162,0.010887057520449162,732,93823,,,,,,,,,,,,,,,,,,
0.010360564105212688,0.010360564105212688,733,93951,,,,,,,,,,,,,,,,,,
0.010731831192970276,0.010731831192970276,734,94079,,,,,,,,,,,,,,,,,,
0.01087330561131239,0.01087330561131239,735,94207,,,,,,,,,,,,,,,,,,
0.010866510681807995,0.010866510681807995,736,94335,,,,,,,,,,,,,,,,,,
0.010647591203451157,0.010647591203451157,737,94463,,,,,,,,,,,,,,,,,,
0.010724473744630814,0.010724473744630814,738,94591,,,,,,,,,,,,,,,,,,
0.010703938081860542,0.010703938081860542,739,94719,,,,,,,,,,,,,,,,,,
0.010113178752362728,0.010113178752362728,740,94847,,,,,,,,,,,,,,,,,,
0.010593253187835217,0.010593253187835217,741,94975,,,,,,,,,,,,,,,,,,
0.010332472622394562,0.010332472622394562,742,95103,,,,,,,,,,,,,,,,,,
0.010639947839081287,0.010639947839081287,743,95231,,,,,,,,,,,,,,,,,,
0.01049788948148489,0.01049788948148489,744,95359,,,,,,,,,,,,,,,,,,
0.010150166228413582,0.010150166228413582,745,95487,,,,,,,,,,,,,,,,,,
0.011429165489971638,0.011429165489971638,746,95615,,,,,,,,,,,,,,,,,,
0.01051533967256546,0.01051533967256546,747,95743,,,,,,,,,,,,,,,,,,
0.010612677782773972,0.010612677782773972,748,95871,,,,,,,,,,,,,,,,,,
0.010275652632117271,0.010275652632117271,749,95999,0.1866244853387746,0.1431943702335507,0.0876517128317902,0.02569690802139559,0.03517522301912753,0.03393873012789085,0.06140915432026388,0.054561933061382246,0.04114892294013496,0.05027853149209401,0.038566037049399406,0.03143471991064178,0.04702248706181289,0.03594282970925241,0.03017104108608004,0.049720772241525144,0.036852204573264984,0.03193460169240298
0.010685238987207413,0.010685238987207413,750,96127,,,,,,,,,,,,,,,,,,
0.01077436376363039,0.01077436376363039,751,96255,,,,,,,,,,,,,,,,,,
0.010656310245394707,0.010656310245394707,752,96383,,,,,,,,,,,,,,,,,,
0.010719157755374908,0.010719157755374908,753,96511,,,,,,,,,,,,,,,,,,
0.010892847552895546,0.010892847552895546,754,96639,,,,,,,,,,,,,,,,,,
0.010560735128819942,0.010560735128819942,755,96767,,,,,,,,,,,,,,,,,,
0.011481057852506638,0.011481057852506638,756,96895,,,,,,,,,,,,,,,,,,
0.01063770242035389,0.01063770242035389,757,97023,,,,,,,,,,,,,,,,,,
0.010682602412998676,0.010682602412998676,758,97151,,,,,,,,,,,,,,,,,,
0.010774586349725723,0.010774586349725723,759,97279,,,,,,,,,,,,,,,,,,
0.010594265535473824,0.010594265535473824,760,97407,,,,,,,,,,,,,,,,,,
0.01093395333737135,0.01093395333737135,761,97535,,,,,,,,,,,,,,,,,,
0.010567838326096535,0.010567838326096535,762,97663,,,,,,,,,,,,,,,,,,
0.010783580131828785,0.010783580131828785,763,97791,,,,,,,,,,,,,,,,,,
0.010206511244177818,0.010206511244177818,764,97919,,,,,,,,,,,,,,,,,,
0.010706063359975815,0.010706063359975815,765,98047,,,,,,,,,,,,,,,,,,
0.010724101215600967,0.010724101215600967,766,98175,,,,,,,,,,,,,,,,,,
0.011073571629822254,0.011073571629822254,767,98303,,,,,,,,,,,,,,,,,,
0.011124635115265846,0.011124635115265846,768,98431,,,,,,,,,,,,,,,,,,
0.010683213360607624,0.010683213360607624,769,98559,,,,,,,,,,,,,,,,,,
0.010730440728366375,0.010730440728366375,770,98687,,,,,,,,,,,,,,,,,,
0.01061252411454916,0.01061252411454916,771,98815,,,,,,,,,,,,,,,,,,
0.01067320816218853,0.01067320816218853,772,98943,,,,,,,,,,,,,,,,,,
0.010955248959362507,0.010955248959362507,773,99071,,,,,,,,,,,,,,,,,,
0.010165663436055183,0.010165663436055183,774,99199,,,,,,,,,,,,,,,,,,
0.01089932769536972,0.01089932769536972,775,99327,,,,,,,,,,,,,,,,,,
0.01093091256916523,0.01093091256916523,776,99455,,,,,,,,,,,,,,,,,,
0.010156786069273949,0.010156786069273949,777,99583,,,,,,,,,,,,,,,,,,
0.010745514184236526,0.010745514184236526,778,99711,,,,,,,,,,,,,,,,,,
0.010804479941725731,0.010804479941725731,779,99839,,,,,,,,,,,,,,,,,,
0.010294674895703793,0.010294674895703793,780,99967,,,,,,,,,,,,,,,,,,
0.01095957588404417,0.01095957588404417,781,100095,,,,,,,,,,,,,,,,,,
0.010359447449445724,0.010359447449445724,782,100223,,,,,,,,,,,,,,,,,,
0.010167323052883148,0.010167323052883148,783,100351,,,,,,,,,,,,,,,,,,
0.010850809514522552,0.010850809514522552,784,100479,,,,,,,,,,,,,,,,,,
0.01102916244417429,0.01102916244417429,785,100607,,,,,,,,,,,,,,,,,,
0.011108841747045517,0.011108841747045517,786,100735,,,,,,,,,,,,,,,,,,
0.010053073987364769,0.010053073987364769,787,100863,,,,,,,,,,,,,,,,,,
0.010485362261533737,0.010485362261533737,788,100991,,,,,,,,,,,,,,,,,,
0.01061885803937912,0.01061885803937912,789,101119,,,,,,,,,,,,,,,,,,
0.010547935031354427,0.010547935031354427,790,101247,,,,,,,,,,,,,,,,,,
0.01047087088227272,0.01047087088227272,791,101375,,,,,,,,,,,,,,,,,,
0.01065075397491455,0.01065075397491455,792,101503,,,,,,,,,,,,,,,,,,
0.010511741042137146,0.010511741042137146,793,101631,,,,,,,,,,,,,,,,,,
0.010833805426955223,0.010833805426955223,794,101759,,,,,,,,,,,,,,,,,,
0.010860630311071873,0.010860630311071873,795,101887,,,,,,,,,,,,,,,,,,
0.010657375678420067,0.010657375678420067,796,102015,,,,,,,,,,,,,,,,,,
0.010739016346633434,0.010739016346633434,797,102143,,,,,,,,,,,,,,,,,,
0.011091775260865688,0.011091775260865688,798,102271,,,,,,,,,,,,,,,,,,
0.010596910491585732,0.010596910491585732,799,102399,0.25362864380928946,0.20670525080597937,0.13019902163549596,0.06364186969445851,0.016992653247350883,0.02171959739672004,0.017569725679136464,0.00982054097139373,0.009576524163344976,0.01324807621192266,0.009593305177372651,0.007822119783914762,0.012600149596936271,0.009504669938766436,0.007472306447778114,0.015900391329664983,0.011037031075873347,0.008873337479682587
0.010431548580527306,0.010431548580527306,800,102527,,,,,,,,,,,,,,,,,,
0.009818235412240028,0.009818235412240028,801,102655,,,,,,,,,,,,,,,,,,
0.010960753075778484,0.010960753075778484,802,102783,,,,,,,,,,,,,,,,,,
0.010681922547519207,0.010681922547519207,803,102911,,,,,,,,,,,,,,,,,,
0.010554695501923561,0.010554695501923561,804,103039,,,,,,,,,,,,,,,,,,
0.010772617533802986,0.010772617533802986,805,103167,,,,,,,,,,,,,,,,,,
0.010562054812908173,0.010562054812908173,806,103295,,,,,,,,,,,,,,,,,,
0.010599545203149319,0.010599545203149319,807,103423,,,,,,,,,,,,,,,,,,
0.01065705344080925,0.01065705344080925,808,103551,,,,,,,,,,,,,,,,,,
0.01067547407001257,0.01067547407001257,809,103679,,,,,,,,,,,,,,,,,,
0.010649774223566055,0.010649774223566055,810,103807,,,,,,,,,,,,,,,,,,
0.010614033788442612,0.010614033788442612,811,103935,,,,,,,,,,,,,,,,,,
0.010542884469032288,0.010542884469032288,812,104063,,,,,,,,,,,,,,,,,,
0.010942087508738041,0.010942087508738041,813,104191,,,,,,,,,,,,,,,,,,
0.010319307446479797,0.010319307446479797,814,104319,,,,,,,,,,,,,,,,,,
0.010435103438794613,0.010435103438794613,815,104447,,,,,,,,,,,,,,,,,,
0.01091951597481966,0.01091951597481966,816,104575,,,,,,,,,,,,,,,,,,
0.010583925060927868,0.010583925060927868,817,104703,,,,,,,,,,,,,,,,,,
0.01009316649287939,0.01009316649287939,818,104831,,,,,,,,,,,,,,,,,,
0.010464934632182121,0.010464934632182121,819,104959,,,,,,,,,,,,,,,,,,
0.01074571255594492,0.01074571255594492,820,105087,,,,,,,,,,,,,,,,,,
0.01055410597473383,0.01055410597473383,821,105215,,,,,,,,,,,,,,,,,,
0.010191385634243488,0.010191385634243488,822,105343,,,,,,,,,,,,,,,,,,
0.010368024930357933,0.010368024930357933,823,105471,,,,,,,,,,,,,,,,,,
0.010490593500435352,0.010490593500435352,824,105599,,,,,,,,,,,,,,,,,,
0.010836675763130188,0.010836675763130188,825,105727,,,,,,,,,,,,,,,,,,
0.010565784759819508,0.010565784759819508,826,105855,,,,,,,,,,,,,,,,,,
0.010208599269390106,0.010208599269390106,827,105983,,,,,,,,,,,,,,,,,,
0.010989632457494736,0.010989632457494736,828,106111,,,,,,,,,,,,,,,,,,
0.010353215970098972,0.010353215970098972,829,106239,,,,,,,,,,,,,,,,,,
0.010554160922765732,0.010554160922765732,830,106367,,,,,,,,,,,,,,,,,,
0.01009459514170885,0.01009459514170885,831,106495,,,,,,,,,,,,,,,,,,
0.010419749654829502,0.010419749654829502,832,106623,,,,,,,,,,,,,,,,,,
0.010615815408527851,0.010615815408527851,833,106751,,,,,,,,,,,,,,,,,,
0.010370921343564987,0.010370921343564987,834,106879,,,,,,,,,,,,,,,,,,
0.010746600106358528,0.010746600106358528,835,107007,,,,,,,,,,,,,,,,,,
0.010296996682882309,0.010296996682882309,836,107135,,,,,,,,,,,,,,,,,,
0.01074607577174902,0.01074607577174902,837,107263,,,,,,,,,,,,,,,,,,
0.01065958570688963,0.01065958570688963,838,107391,,,,,,,,,,,,,,,,,,
0.010247956030070782,0.010247956030070782,839,107519,,,,,,,,,,,,,,,,,,
0.010252741165459156,0.010252741165459156,840,107647,,,,,,,,,,,,,,,,,,
0.010750191286206245,0.010750191286206245,841,107775,,,,,,,,,,,,,,,,,,
0.010290246456861496,0.010290246456861496,842,107903,,,,,,,,,,,,,,,,,,
0.010511230677366257,0.010511230677366257,843,108031,,,,,,,,,,,,,,,,,,
0.010587509721517563,0.010587509721517563,844,108159,,,,,,,,,,,,,,,,,,
0.01047360710799694,0.01047360710799694,845,108287,,,,,,,,,,,,,,,,,,
0.010163269937038422,0.010163269937038422,846,108415,,,,,,,,,,,,,,,,,,
0.010574988089501858,0.010574988089501858,847,108543,,,,,,,,,,,,,,,,,,
0.010440029203891754,0.010440029203891754,848,108671,,,,,,,,,,,,,,,,,,
0.010499684140086174,0.010499684140086174,849,108799,0.22836687149451548,0.1868488446231932,0.11270740970232114,0.04202276192391497,0.016701481263788436,0.0230484451041119,0.020032281499793466,0.01537984149968637,0.01369840609560135,0.01558017222904755,0.010719747728896743,0.00890716014877249,0.015217324578135141,0.009608265068038767,0.008025342030873113,0.013572053055265603,0.009244344411375775,0.007560385334360053
0.010298339650034904,0.010298339650034904,850,108927,,,,,,,,,,,,,,,,,,
0.010408149100840092,0.010408149100840092,851,109055,,,,,,,,,,,,,,,,,,
0.010594291612505913,0.010594291612505913,852,109183,,,,,,,,,,,,,,,,,,
0.010866641066968441,0.010866641066968441,853,109311,,,,,,,,,,,,,,,,,,
0.00995703600347042,0.00995703600347042,854,109439,,,,,,,,,,,,,,,,,,
0.010678448714315891,0.010678448714315891,855,109567,,,,,,,,,,,,,,,,,,
0.010808541439473629,0.010808541439473629,856,109695,,,,,,,,,,,,,,,,,,
0.010330474004149437,0.010330474004149437,857,109823,,,,,,,,,,,,,,,,,,
0.010102299973368645,0.010102299973368645,858,109951,,,,,,,,,,,,,,,,,,
0.010411673225462437,0.010411673225462437,859,110079,,,,,,,,,,,,,,,,,,
0.010376292280852795,0.010376292280852795,860,110207,,,,,,,,,,,,,,,,,,
0.010838680900633335,0.010838680900633335,861,110335,,,,,,,,,,,,,,,,,,
0.010536129586398602,0.010536129586398602,862,110463,,,,,,,,,,,,,,,,,,
0.010292398743331432,0.010292398743331432,863,110591,,,,,,,,,,,,,,,,,,
0.010624509304761887,0.010624509304761887,864,110719,,,,,,,,,,,,,,,,,,
0.01051376760005951,0.01051376760005951,865,110847,,,,,,,,,,,,,,,,,,
0.010617168620228767,0.010617168620228767,866,110975,,,,,,,,,,,,,,,,,,
0.01036504190415144,0.01036504190415144,867,111103,,,,,,,,,,,,,,,,,,
0.01031686831265688,0.01031686831265688,868,111231,,,,,,,,,,,,,,,,,,
0.01021168939769268,0.01021168939769268,869,111359,,,,,,,,,,,,,,,,,,
0.010215193964540958,0.010215193964540958,870,111487,,,,,,,,,,,,,,,,,,
0.010426650755107403,0.010426650755107403,871,111615,,,,,,,,,,,,,,,,,,
0.010518929921090603,0.010518929921090603,872,111743,,,,,,,,,,,,,,,,,,
0.010956553742289543,0.010956553742289543,873,111871,,,,,,,,,,,,,,,,,,
0.010232048109173775,0.010232048109173775,874,111999,,,,,,,,,,,,,,,,,,
0.010479185730218887,0.010479185730218887,875,112127,,,,,,,,,,,,,,,,,,
0.010676172561943531,0.010676172561943531,876,112255,,,,,,,,,,,,,,,,,,
0.01067302841693163,0.01067302841693163,877,112383,,,,,,,,,,,,,,,,,,
0.010340404696762562,0.010340404696762562,878,112511,,,,,,,,,,,,,,,,,,
0.010584167204797268,0.010584167204797268,879,112639,,,,,,,,,,,,,,,,,,
0.010489633306860924,0.010489633306860924,880,112767,,,,,,,,,,,,,,,,,,
0.01036964450031519,0.01036964450031519,881,112895,,,,,,,,,,,,,,,,,,
0.010746592655777931,0.010746592655777931,882,113023,,,,,,,,,,,,,,,,,,
0.010618433356285095,0.010618433356285095,883,113151,,,,,,,,,,,,,,,,,,
0.010788765735924244,0.010788765735924244,884,113279,,,,,,,,,,,,,,,,,,
0.010912486352026463,0.010912486352026463,885,113407,,,,,,,,,,,,,,,,,,
0.010248043574392796,0.010248043574392796,886,113535,,,,,,,,,,,,,,,,,,
0.010566863231360912,0.010566863231360912,887,113663,,,,,,,,,,,,,,,,,,
0.010697297751903534,0.010697297751903534,888,113791,,,,,,,,,,,,,,,,,,
0.010331953875720501,0.010331953875720501,889,113919,,,,,,,,,,,,,,,,,,
0.010496390983462334,0.010496390983462334,890,114047,,,,,,,,,,,,,,,,,,
0.010206160135567188,0.010206160135567188,891,114175,,,,,,,,,,,,,,,,,,
0.010525181889533997,0.010525181889533997,892,114303,,,,,,,,,,,,,,,,,,
0.010522282682359219,0.010522282682359219,893,114431,,,,,,,,,,,,,,,,,,
0.01015771459788084,0.01015771459788084,894,114559,,,,,,,,,,,,,,,,,,
0.01038839016109705,0.01038839016109705,895,114687,,,,,,,,,,,,,,,,,,
0.010801814496517181,0.010801814496517181,896,114815,,,,,,,,,,,,,,,,,,
0.010553468018770218,0.010553468018770218,897,114943,,,,,,,,,,,,,,,,,,
0.01120395865291357,0.01120395865291357,898,115071,,,,,,,,,,,,,,,,,,
0.010070959106087685,0.010070959106087685,899,115199,0.2719791000683894,0.22633620883301514,0.1508352707106281,0.07533550161340986,0.02372264196024711,0.024093782532898036,0.023115159022178804,0.013698043205514992,0.010787971433521254,0.01672933394606192,0.012763616198914474,0.009268711973837081,0.01626160137286112,0.012117097719952041,0.00915360562663238,0.013808827989565994,0.011139642781553842,0.008280140042251662
0.010272522456943989,0.010272522456943989,900,115327,,,,,,,,,,,,,,,,,,
0.010782148689031601,0.010782148689031601,901,115455,,,,,,,,,,,,,,,,,,
0.010898199863731861,0.010898199863731861,902,115583,,,,,,,,,,,,,,,,,,
0.010469888336956501,0.010469888336956501,903,115711,,,,,,,,,,,,,,,,,,
0.010936864651739597,0.010936864651739597,904,115839,,,,,,,,,,,,,,,,,,
0.010061096400022507,0.010061096400022507,905,115967,,,,,,,,,,,,,,,,,,
0.010112959891557693,0.010112959891557693,906,116095,,,,,,,,,,,,,,,,,,
0.009985916316509247,0.009985916316509247,907,116223,,,,,,,,,,,,,,,,,,
0.010790097527205944,0.010790097527205944,908,116351,,,,,,,,,,,,,,,,,,
0.010205496102571487,0.010205496102571487,909,116479,,,,,,,,,,,,,,,,,,
0.010115417651832104,0.010115417651832104,910,116607,,,,,,,,,,,,,,,,,,
0.01043202169239521,0.01043202169239521,911,116735,,,,,,,,,,,,,,,,,,
0.010397332720458508,0.010397332720458508,912,116863,,,,,,,,,,,,,,,,,,
0.010511057451367378,0.010511057451367378,913,116991,,,,,,,,,,,,,,,,,,
0.010076197795569897,0.010076197795569897,914,117119,,,,,,,,,,,,,,,,,,
0.010619827546179295,0.010619827546179295,915,117247,,,,,,,,,,,,,,,,,,
0.010780541226267815,0.010780541226267815,916,117375,,,,,,,,,,,,,,,,,,
0.010229261592030525,0.010229261592030525,917,117503,,,,,,,,,,,,,,,,,,
0.01032842043787241,0.01032842043787241,918,117631,,,,,,,,,,,,,,,,,,
0.010348174721002579,0.010348174721002579,919,117759,,,,,,,,,,,,,,,,,,
0.010601620189845562,0.010601620189845562,920,117887,,,,,,,,,,,,,,,,,,
0.009908968582749367,0.009908968582749367,921,118015,,,,,,,,,,,,,,,,,,
0.010054340586066246,0.010054340586066246,922,118143,,,,,,,,,,,,,,,,,,
0.010639496147632599,0.010639496147632599,923,118271,,,,,,,,,,,,,,,,,,
0.010371377691626549,0.010371377691626549,924,118399,,,,,,,,,,,,,,,,,,
0.010608123615384102,0.010608123615384102,925,118527,,,,,,,,,,,,,,,,,,
0.01065528579056263,0.01065528579056263,926,118655,,,,,,,,,,,,,,,,,,
0.010083594359457493,0.010083594359457493,927,118783,,,,,,,,,,,,,,,,,,
0.010198762640357018,0.010198762640357018,928,118911,,,,,,,,,,,,,,,,,,
0.010268880054354668,0.010268880054354668,929,119039,,,,,,,,,,,,,,,,,,
0.010618976317346096,0.010618976317346096,930,119167,,,,,,,,,,,,,,,,,,
0.010205862112343311,0.010205862112343311,931,119295,,,,,,,,,,,,,,,,,,
0.010688316076993942,0.010688316076993942,932,119423,,,,,,,,,,,,,,,,,,
0.010587404482066631,0.010587404482066631,933,119551,,,,,,,,,,,,,,,,,,
0.010045075789093971,0.010045075789093971,934,119679,,,,,,,,,,,,,,,,,,
0.010770531371235847,0.010770531371235847,935,119807,,,,,,,,,,,,,,,,,,
0.009940577670931816,0.009940577670931816,936,119935,,,,,,,,,,,,,,,,,,
0.010415779426693916,0.010415779426693916,937,120063,,,,,,,,,,,,,,,,,,
0.010437458753585815,0.010437458753585815,938,120191,,,,,,,,,,,,,,,,,,
0.010488723404705524,0.010488723404705524,939,120319,,,,,,,,,,,,,,,,,,
0.010566524229943752,0.010566524229943752,940,120447,,,,,,,,,,,,,,,,,,
0.009903901256620884,0.009903901256620884,941,120575,,,,,,,,,,,,,,,,,,
0.010059322230517864,0.010059322230517864,942,120703,,,,,,,,,,,,,,,,,,
0.010237001813948154,0.010237001813948154,943,120831,,,,,,,,,,,,,,,,,,
0.010181198827922344,0.010181198827922344,944,120959,,,,,,,,,,,,,,,,,,
0.010473436675965786,0.010473436675965786,945,121087,,,,,,,,,,,,,,,,,,
0.010331159457564354,0.010331159457564354,946,121215,,,,,,,,,,,,,,,,,,
0.010803748853504658,0.010803748853504658,947,121343,,,,,,,,,,,,,,,,,,
0.010407630354166031,0.010407630354166031,948,121471,,,,,,,,,,,,,,,,,,
0.010352796874940395,0.010352796874940395,949,121599,0.23742983041404153,0.19845795679282627,0.11875221808216224,0.03823870053919475,0.017771719658204923,0.022585341840042027,0.024305985504215154,0.02112671163304438,0.017103035873852493,0.02659707228031612,0.018950939309280247,0.014930957291173564,0.0255754991735626,0.017263683358533274,0.014192949694749787,0.027347925686767013,0.019846883718495516,0.016425293530161852
0.01052169781178236,0.01052169781178236,950,121727,,,,,,,,,,,,,,,,,,
0.010708718560636044,0.010708718560636044,951,121855,,,,,,,,,,,,,,,,,,
0.010431526228785515,0.010431526228785515,952,121983,,,,,,,,,,,,,,,,,,
0.010324261151254177,0.010324261151254177,953,122111,,,,,,,,,,,,,,,,,,
0.010145753622055054,0.010145753622055054,954,122239,,,,,,,,,,,,,,,,,,
0.010237010195851326,0.010237010195851326,955,122367,,,,,,,,,,,,,,,,,,
0.010061392560601234,0.010061392560601234,956,122495,,,,,,,,,,,,,,,,,,
0.010301805101335049,0.010301805101335049,957,122623,,,,,,,,,,,,,,,,,,
0.010816526599228382,0.010816526599228382,958,122751,,,,,,,,,,,,,,,,,,
0.009919300675392151,0.009919300675392151,959,122879,,,,,,,,,,,,,,,,,,
0.010604901239275932,0.010604901239275932,960,123007,,,,,,,,,,,,,,,,,,
0.010049106553196907,0.010049106553196907,961,123135,,,,,,,,,,,,,,,,,,
0.010465060360729694,0.010465060360729694,962,123263,,,,,,,,,,,,,,,,,,
0.010012850165367126,0.010012850165367126,963,123391,,,,,,,,,,,,,,,,,,
0.010416249744594097,0.010416249744594097,964,123519,,,,,,,,,,,,,,,,,,
0.010388202965259552,0.010388202965259552,965,123647,,,,,,,,,,,,,,,,,,
0.010829797014594078,0.010829797014594078,966,123775,,,,,,,,,,,,,,,,,,
0.010463177226483822,0.010463177226483822,967,123903,,,,,,,,,,,,,,,,,,
0.010936755686998367,0.010936755686998367,968,124031,,,,,,,,,,,,,,,,,,
0.010506258346140385,0.010506258346140385,969,124159,,,,,,,,,,,,,,,,,,
0.010186734609305859,0.010186734609305859,970,124287,,,,,,,,,,,,,,,,,,
0.010176555253565311,0.010176555253565311,971,124415,,,,,,,,,,,,,,,,,,
0.009816989302635193,0.009816989302635193,972,124543,,,,,,,,,,,,,,,,,,
0.010327709838747978,0.010327709838747978,973,124671,,,,,,,,,,,,,,,,,,
0.010110583156347275,0.010110583156347275,974,124799,,,,,,,,,,,,,,,,,,
0.010277675464749336,0.010277675464749336,975,124927,,,,,,,,,,,,,,,,,,
0.010520768351852894,0.010520768351852894,976,125055,,,,,,,,,,,,,,,,,,
0.010372553952038288,0.010372553952038288,977,125183,,,,,,,,,,,,,,,,,,
0.010246829129755497,0.010246829129755497,978,125311,,,,,,,,,,,,,,,,,,
0.010104188695549965,0.010104188695549965,979,125439,,,,,,,,,,,,,,,,,,
0.010629271157085896,0.010629271157085896,980,125567,,,,,,,,,,,,,,,,,,
0.01020968146622181,0.01020968146622181,981,125695,,,,,,,,,,,,,,,,,,
0.010622317902743816,0.010622317902743816,982,125823,,,,,,,,,,,,,,,,,,
0.010612019337713718,0.010612019337713718,983,125951,,,,,,,,,,,,,,,,,,
0.010239465162158012,0.010239465162158012,984,126079,,,,,,,,,,,,,,,,,,
0.01068465132266283,0.01068465132266283,985,126207,,,,,,,,,,,,,,,,,,
0.010052976198494434,0.010052976198494434,986,126335,,,,,,,,,,,,,,,,,,
0.010331814177334309,0.010331814177334309,987,126463,,,,,,,,,,,,,,,,,,
0.010691405273973942,0.010691405273973942,988,126591,,,,,,,,,,,,,,,,,,
0.010436324402689934,0.010436324402689934,989,126719,,,,,,,,,,,,,,,,,,
0.010489366017282009,0.010489366017282009,990,126847,,,,,,,,,,,,,,,,,,
0.010023178532719612,0.010023178532719612,991,126975,,,,,,,,,,,,,,,,,,
0.010525595396757126,0.010525595396757126,992,127103,,,,,,,,,,,,,,,,,,
0.010557749308645725,0.010557749308645725,993,127231,,,,,,,,,,,,,,,,,,
0.010303553193807602,0.010303553193807602,994,127359,,,,,,,,,,,,,,,,,,
0.009983867406845093,0.009983867406845093,995,127487,,,,,,,,,,,,,,,,,,
0.010200219228863716,0.010200219228863716,996,127615,,,,,,,,,,,,,,,,,,
0.010303971357643604,0.010303971357643604,997,127743,,,,,,,,,,,,,,,,,,
0.010591668076813221,0.010591668076813221,998,127871,,,,,,,,,,,,,,,,,,
0.010595601052045822,0.010595601052045822,999,127999,0.22549725765990758,0.17122770432815163,0.10941517453386101,0.04044883220151369,0.013906747796879048,0.01814020935145592,0.016192705606281294,0.012647814634554288,0.011345766479291176,0.013319026726195629,0.00902351511464561,0.0077415611848279525,0.013728599405099691,0.008516223181429796,0.0074902436841176034,0.015425498040605001,0.010799206407253738,0.008468793455445676
