train_loss,train_elbo_loss,epoch,step,val_ND_8.0,val_CRPS_8.0,val_NRMSE_8.0,val_ND_16.0,val_CRPS_16.0,val_NRMSE_16.0,val_ND_24.0,val_CRPS_24.0,val_NRMSE_24.0,val_ND_32.0,val_CRPS_32.0,val_NRMSE_32.0,val_ND_48.0,val_CRPS_48.0,val_NRMSE_48.0,val_ND_64.0,val_CRPS_64.0,val_NRMSE_64.0
0.42051026225090027,0.42051026225090027,0,127,,,,,,,,,,,,,,,,,,
0.2082650363445282,0.2082650363445282,1,255,,,,,,,,,,,,,,,,,,
0.1695365458726883,0.1695365458726883,2,383,,,,,,,,,,,,,,,,,,
0.14671187102794647,0.14671187102794647,3,511,,,,,,,,,,,,,,,,,,
0.12941832840442657,0.12941832840442657,4,639,,,,,,,,,,,,,,,,,,
0.11996779590845108,0.11996779590845108,5,767,,,,,,,,,,,,,,,,,,
0.10735665261745453,0.10735665261745453,6,895,,,,,,,,,,,,,,,,,,
0.10372195392847061,0.10372195392847061,7,1023,,,,,,,,,,,,,,,,,,
0.1013406291604042,0.1013406291604042,8,1151,,,,,,,,,,,,,,,,,,
0.09968401491641998,0.09968401491641998,9,1279,,,,,,,,,,,,,,,,,,
0.09620055556297302,0.09620055556297302,10,1407,,,,,,,,,,,,,,,,,,
0.09393071383237839,0.09393071383237839,11,1535,,,,,,,,,,,,,,,,,,
0.09324557334184647,0.09324557334184647,12,1663,,,,,,,,,,,,,,,,,,
0.09054046124219894,0.09054046124219894,13,1791,,,,,,,,,,,,,,,,,,
0.08494390547275543,0.08494390547275543,14,1919,,,,,,,,,,,,,,,,,,
0.08623719215393066,0.08623719215393066,15,2047,,,,,,,,,,,,,,,,,,
0.08617761731147766,0.08617761731147766,16,2175,,,,,,,,,,,,,,,,,,
0.08664502203464508,0.08664502203464508,17,2303,,,,,,,,,,,,,,,,,,
0.08782029151916504,0.08782029151916504,18,2431,,,,,,,,,,,,,,,,,,
0.08310814201831818,0.08310814201831818,19,2559,,,,,,,,,,,,,,,,,,
0.08476298302412033,0.08476298302412033,20,2687,,,,,,,,,,,,,,,,,,
0.08168977499008179,0.08168977499008179,21,2815,,,,,,,,,,,,,,,,,,
0.08384641259908676,0.08384641259908676,22,2943,,,,,,,,,,,,,,,,,,
0.08391527831554413,0.08391527831554413,23,3071,,,,,,,,,,,,,,,,,,
0.0827188491821289,0.0827188491821289,24,3199,,,,,,,,,,,,,,,,,,
0.07928122580051422,0.07928122580051422,25,3327,,,,,,,,,,,,,,,,,,
0.08080261200666428,0.08080261200666428,26,3455,,,,,,,,,,,,,,,,,,
0.07716789096593857,0.07716789096593857,27,3583,,,,,,,,,,,,,,,,,,
0.07780736684799194,0.07780736684799194,28,3711,,,,,,,,,,,,,,,,,,
0.0753791481256485,0.0753791481256485,29,3839,,,,,,,,,,,,,,,,,,
0.0754847303032875,0.0754847303032875,30,3967,,,,,,,,,,,,,,,,,,
0.07298775017261505,0.07298775017261505,31,4095,,,,,,,,,,,,,,,,,,
0.07680835574865341,0.07680835574865341,32,4223,,,,,,,,,,,,,,,,,,
0.07446516305208206,0.07446516305208206,33,4351,,,,,,,,,,,,,,,,,,
0.0751088485121727,0.0751088485121727,34,4479,,,,,,,,,,,,,,,,,,
0.07608220726251602,0.07608220726251602,35,4607,,,,,,,,,,,,,,,,,,
0.0731121301651001,0.0731121301651001,36,4735,,,,,,,,,,,,,,,,,,
0.07333207875490189,0.07333207875490189,37,4863,,,,,,,,,,,,,,,,,,
0.07103408128023148,0.07103408128023148,38,4991,,,,,,,,,,,,,,,,,,
0.07220727205276489,0.07220727205276489,39,5119,,,,,,,,,,,,,,,,,,
0.0707470253109932,0.0707470253109932,40,5247,,,,,,,,,,,,,,,,,,
0.0739997923374176,0.0739997923374176,41,5375,,,,,,,,,,,,,,,,,,
0.06904422491788864,0.06904422491788864,42,5503,,,,,,,,,,,,,,,,,,
0.07239232957363129,0.07239232957363129,43,5631,,,,,,,,,,,,,,,,,,
0.0730287954211235,0.0730287954211235,44,5759,,,,,,,,,,,,,,,,,,
0.07193543761968613,0.07193543761968613,45,5887,,,,,,,,,,,,,,,,,,
0.07210522145032883,0.07210522145032883,46,6015,,,,,,,,,,,,,,,,,,
0.07065889239311218,0.07065889239311218,47,6143,,,,,,,,,,,,,,,,,,
0.07145645469427109,0.07145645469427109,48,6271,,,,,,,,,,,,,,,,,,
0.06908845156431198,0.06908845156431198,49,6399,0.14841359343021374,0.14400148199403154,0.4066804176872614,0.14969318700140483,0.14571647519602396,0.40173052986638175,0.1499293412136695,0.14678697799890006,0.40186749325185567,0.1500018557795413,0.147127104455239,0.40257039400997535,0.1498792900304861,0.14688838416322345,0.40485652276913775,0.1495808466606762,0.1464043979838805,0.4073776111239892
0.06980020552873611,0.06980020552873611,50,6527,,,,,,,,,,,,,,,,,,
0.07255706936120987,0.07255706936120987,51,6655,,,,,,,,,,,,,,,,,,
0.06848351657390594,0.06848351657390594,52,6783,,,,,,,,,,,,,,,,,,
0.07013104856014252,0.07013104856014252,53,6911,,,,,,,,,,,,,,,,,,
0.06895387172698975,0.06895387172698975,54,7039,,,,,,,,,,,,,,,,,,
0.06893391907215118,0.06893391907215118,55,7167,,,,,,,,,,,,,,,,,,
0.07042334228754044,0.07042334228754044,56,7295,,,,,,,,,,,,,,,,,,
0.07013293355703354,0.07013293355703354,57,7423,,,,,,,,,,,,,,,,,,
0.06907206028699875,0.06907206028699875,58,7551,,,,,,,,,,,,,,,,,,
0.06756940484046936,0.06756940484046936,59,7679,,,,,,,,,,,,,,,,,,
0.07359310239553452,0.07359310239553452,60,7807,,,,,,,,,,,,,,,,,,
0.0694974735379219,0.0694974735379219,61,7935,,,,,,,,,,,,,,,,,,
0.06853585690259933,0.06853585690259933,62,8063,,,,,,,,,,,,,,,,,,
0.067135751247406,0.067135751247406,63,8191,,,,,,,,,,,,,,,,,,
0.06935186684131622,0.06935186684131622,64,8319,,,,,,,,,,,,,,,,,,
0.06766897439956665,0.06766897439956665,65,8447,,,,,,,,,,,,,,,,,,
0.06768710166215897,0.06768710166215897,66,8575,,,,,,,,,,,,,,,,,,
0.0689682736992836,0.0689682736992836,67,8703,,,,,,,,,,,,,,,,,,
0.06870118528604507,0.06870118528604507,68,8831,,,,,,,,,,,,,,,,,,
0.06944335997104645,0.06944335997104645,69,8959,,,,,,,,,,,,,,,,,,
0.06611157208681107,0.06611157208681107,70,9087,,,,,,,,,,,,,,,,,,
0.06615667045116425,0.06615667045116425,71,9215,,,,,,,,,,,,,,,,,,
0.06689918786287308,0.06689918786287308,72,9343,,,,,,,,,,,,,,,,,,
0.06671248376369476,0.06671248376369476,73,9471,,,,,,,,,,,,,,,,,,
0.06572189182043076,0.06572189182043076,74,9599,,,,,,,,,,,,,,,,,,
0.0665292963385582,0.0665292963385582,75,9727,,,,,,,,,,,,,,,,,,
0.06446166336536407,0.06446166336536407,76,9855,,,,,,,,,,,,,,,,,,
0.06558622419834137,0.06558622419834137,77,9983,,,,,,,,,,,,,,,,,,
0.06853560358285904,0.06853560358285904,78,10111,,,,,,,,,,,,,,,,,,
0.06392405927181244,0.06392405927181244,79,10239,,,,,,,,,,,,,,,,,,
0.0676860436797142,0.0676860436797142,80,10367,,,,,,,,,,,,,,,,,,
0.06751418858766556,0.06751418858766556,81,10495,,,,,,,,,,,,,,,,,,
0.06693477928638458,0.06693477928638458,82,10623,,,,,,,,,,,,,,,,,,
0.06694061309099197,0.06694061309099197,83,10751,,,,,,,,,,,,,,,,,,
0.06371860951185226,0.06371860951185226,84,10879,,,,,,,,,,,,,,,,,,
0.06683874130249023,0.06683874130249023,85,11007,,,,,,,,,,,,,,,,,,
0.06275472044944763,0.06275472044944763,86,11135,,,,,,,,,,,,,,,,,,
0.06563105434179306,0.06563105434179306,87,11263,,,,,,,,,,,,,,,,,,
0.06665076315402985,0.06665076315402985,88,11391,,,,,,,,,,,,,,,,,,
0.06494531780481339,0.06494531780481339,89,11519,,,,,,,,,,,,,,,,,,
0.06507135927677155,0.06507135927677155,90,11647,,,,,,,,,,,,,,,,,,
0.06384047120809555,0.06384047120809555,91,11775,,,,,,,,,,,,,,,,,,
0.06410893052816391,0.06410893052816391,92,11903,,,,,,,,,,,,,,,,,,
0.06716261059045792,0.06716261059045792,93,12031,,,,,,,,,,,,,,,,,,
0.06455899775028229,0.06455899775028229,94,12159,,,,,,,,,,,,,,,,,,
0.0631592720746994,0.0631592720746994,95,12287,,,,,,,,,,,,,,,,,,
0.06370450556278229,0.06370450556278229,96,12415,,,,,,,,,,,,,,,,,,
0.06243307515978813,0.06243307515978813,97,12543,,,,,,,,,,,,,,,,,,
0.06344407051801682,0.06344407051801682,98,12671,,,,,,,,,,,,,,,,,,
0.06531674414873123,0.06531674414873123,99,12799,0.12404141581238384,0.11684238342151347,0.3703006368370147,0.12570371092171786,0.11924422949087515,0.37030993505729604,0.1261411978951528,0.11990832411952956,0.3710976259372686,0.12639548567363412,0.1196218412863563,0.37158050344119425,0.12692132359708064,0.11834467388045095,0.3726136332181598,0.12755807186493542,0.11718190810659442,0.3745844745425553
0.06452742964029312,0.06452742964029312,100,12927,,,,,,,,,,,,,,,,,,
0.06440061330795288,0.06440061330795288,101,13055,,,,,,,,,,,,,,,,,,
0.06474493443965912,0.06474493443965912,102,13183,,,,,,,,,,,,,,,,,,
0.06356338411569595,0.06356338411569595,103,13311,,,,,,,,,,,,,,,,,,
0.0643492192029953,0.0643492192029953,104,13439,,,,,,,,,,,,,,,,,,
0.061894286423921585,0.061894286423921585,105,13567,,,,,,,,,,,,,,,,,,
0.06311530619859695,0.06311530619859695,106,13695,,,,,,,,,,,,,,,,,,
0.0643509030342102,0.0643509030342102,107,13823,,,,,,,,,,,,,,,,,,
0.06375136226415634,0.06375136226415634,108,13951,,,,,,,,,,,,,,,,,,
0.06485375761985779,0.06485375761985779,109,14079,,,,,,,,,,,,,,,,,,
0.0646982342004776,0.0646982342004776,110,14207,,,,,,,,,,,,,,,,,,
0.06361471861600876,0.06361471861600876,111,14335,,,,,,,,,,,,,,,,,,
0.06378348171710968,0.06378348171710968,112,14463,,,,,,,,,,,,,,,,,,
0.061240844428539276,0.061240844428539276,113,14591,,,,,,,,,,,,,,,,,,
0.062099479138851166,0.062099479138851166,114,14719,,,,,,,,,,,,,,,,,,
0.06147969514131546,0.06147969514131546,115,14847,,,,,,,,,,,,,,,,,,
0.061530083417892456,0.061530083417892456,116,14975,,,,,,,,,,,,,,,,,,
0.06584882736206055,0.06584882736206055,117,15103,,,,,,,,,,,,,,,,,,
0.062296271324157715,0.062296271324157715,118,15231,,,,,,,,,,,,,,,,,,
0.06364551186561584,0.06364551186561584,119,15359,,,,,,,,,,,,,,,,,,
0.06051089987158775,0.06051089987158775,120,15487,,,,,,,,,,,,,,,,,,
0.06219583377242088,0.06219583377242088,121,15615,,,,,,,,,,,,,,,,,,
0.05951295420527458,0.05951295420527458,122,15743,,,,,,,,,,,,,,,,,,
0.06309802830219269,0.06309802830219269,123,15871,,,,,,,,,,,,,,,,,,
0.062436383217573166,0.062436383217573166,124,15999,,,,,,,,,,,,,,,,,,
0.061059582978487015,0.061059582978487015,125,16127,,,,,,,,,,,,,,,,,,
0.06125423684716225,0.06125423684716225,126,16255,,,,,,,,,,,,,,,,,,
0.06169043108820915,0.06169043108820915,127,16383,,,,,,,,,,,,,,,,,,
0.06198495626449585,0.06198495626449585,128,16511,,,,,,,,,,,,,,,,,,
0.06202800199389458,0.06202800199389458,129,16639,,,,,,,,,,,,,,,,,,
0.06452885270118713,0.06452885270118713,130,16767,,,,,,,,,,,,,,,,,,
0.06362491846084595,0.06362491846084595,131,16895,,,,,,,,,,,,,,,,,,
0.0614500418305397,0.0614500418305397,132,17023,,,,,,,,,,,,,,,,,,
0.06196802109479904,0.06196802109479904,133,17151,,,,,,,,,,,,,,,,,,
0.062061283737421036,0.062061283737421036,134,17279,,,,,,,,,,,,,,,,,,
0.0638035386800766,0.0638035386800766,135,17407,,,,,,,,,,,,,,,,,,
0.06140175461769104,0.06140175461769104,136,17535,,,,,,,,,,,,,,,,,,
0.060174185782670975,0.060174185782670975,137,17663,,,,,,,,,,,,,,,,,,
0.062175996601581573,0.062175996601581573,138,17791,,,,,,,,,,,,,,,,,,
0.06325677782297134,0.06325677782297134,139,17919,,,,,,,,,,,,,,,,,,
0.060408707708120346,0.060408707708120346,140,18047,,,,,,,,,,,,,,,,,,
0.061117980629205704,0.061117980629205704,141,18175,,,,,,,,,,,,,,,,,,
0.061755795031785965,0.061755795031785965,142,18303,,,,,,,,,,,,,,,,,,
0.06057855486869812,0.06057855486869812,143,18431,,,,,,,,,,,,,,,,,,
0.06143952161073685,0.06143952161073685,144,18559,,,,,,,,,,,,,,,,,,
0.0627642273902893,0.0627642273902893,145,18687,,,,,,,,,,,,,,,,,,
0.060288675129413605,0.060288675129413605,146,18815,,,,,,,,,,,,,,,,,,
0.06109057366847992,0.06109057366847992,147,18943,,,,,,,,,,,,,,,,,,
0.06054799631237984,0.06054799631237984,148,19071,,,,,,,,,,,,,,,,,,
0.06203732267022133,0.06203732267022133,149,19199,0.13062672397770653,0.12635518898593448,0.3868446377345559,0.13280115323844208,0.12955067516582713,0.38879675022061094,0.1329535074167192,0.13048177961893423,0.39033779191688167,0.1325099953412715,0.13038595014545654,0.3912084998116358,0.1314432471290703,0.12948795700925983,0.39205536968496607,0.13048102257569422,0.1286810174374178,0.392577778163132
0.05882226303219795,0.05882226303219795,150,19327,,,,,,,,,,,,,,,,,,
0.060910001397132874,0.060910001397132874,151,19455,,,,,,,,,,,,,,,,,,
0.06063066050410271,0.06063066050410271,152,19583,,,,,,,,,,,,,,,,,,
0.05932009220123291,0.05932009220123291,153,19711,,,,,,,,,,,,,,,,,,
0.06001599133014679,0.06001599133014679,154,19839,,,,,,,,,,,,,,,,,,
0.061667848378419876,0.061667848378419876,155,19967,,,,,,,,,,,,,,,,,,
0.06020592525601387,0.06020592525601387,156,20095,,,,,,,,,,,,,,,,,,
0.059704218059778214,0.059704218059778214,157,20223,,,,,,,,,,,,,,,,,,
0.0622585192322731,0.0622585192322731,158,20351,,,,,,,,,,,,,,,,,,
0.05951883643865585,0.05951883643865585,159,20479,,,,,,,,,,,,,,,,,,
0.06204494833946228,0.06204494833946228,160,20607,,,,,,,,,,,,,,,,,,
0.0619041882455349,0.0619041882455349,161,20735,,,,,,,,,,,,,,,,,,
0.059561338275671005,0.059561338275671005,162,20863,,,,,,,,,,,,,,,,,,
0.061121243983507156,0.061121243983507156,163,20991,,,,,,,,,,,,,,,,,,
0.060086678713560104,0.060086678713560104,164,21119,,,,,,,,,,,,,,,,,,
0.05936036258935928,0.05936036258935928,165,21247,,,,,,,,,,,,,,,,,,
0.06050654500722885,0.06050654500722885,166,21375,,,,,,,,,,,,,,,,,,
0.06034742295742035,0.06034742295742035,167,21503,,,,,,,,,,,,,,,,,,
0.05978977680206299,0.05978977680206299,168,21631,,,,,,,,,,,,,,,,,,
0.05939106270670891,0.05939106270670891,169,21759,,,,,,,,,,,,,,,,,,
0.06164255365729332,0.06164255365729332,170,21887,,,,,,,,,,,,,,,,,,
0.059817276895046234,0.059817276895046234,171,22015,,,,,,,,,,,,,,,,,,
0.05814411863684654,0.05814411863684654,172,22143,,,,,,,,,,,,,,,,,,
0.060165178030729294,0.060165178030729294,173,22271,,,,,,,,,,,,,,,,,,
0.05966475233435631,0.05966475233435631,174,22399,,,,,,,,,,,,,,,,,,
0.059605129063129425,0.059605129063129425,175,22527,,,,,,,,,,,,,,,,,,
0.060490649193525314,0.060490649193525314,176,22655,,,,,,,,,,,,,,,,,,
0.0595678873360157,0.0595678873360157,177,22783,,,,,,,,,,,,,,,,,,
0.05987810716032982,0.05987810716032982,178,22911,,,,,,,,,,,,,,,,,,
0.057741452008485794,0.057741452008485794,179,23039,,,,,,,,,,,,,,,,,,
0.05944309011101723,0.05944309011101723,180,23167,,,,,,,,,,,,,,,,,,
0.05931748449802399,0.05931748449802399,181,23295,,,,,,,,,,,,,,,,,,
0.05974074453115463,0.05974074453115463,182,23423,,,,,,,,,,,,,,,,,,
0.059151679277420044,0.059151679277420044,183,23551,,,,,,,,,,,,,,,,,,
0.0569804348051548,0.0569804348051548,184,23679,,,,,,,,,,,,,,,,,,
0.0572158582508564,0.0572158582508564,185,23807,,,,,,,,,,,,,,,,,,
0.059841275215148926,0.059841275215148926,186,23935,,,,,,,,,,,,,,,,,,
0.058249276131391525,0.058249276131391525,187,24063,,,,,,,,,,,,,,,,,,
0.05887685343623161,0.05887685343623161,188,24191,,,,,,,,,,,,,,,,,,
0.06095961481332779,0.06095961481332779,189,24319,,,,,,,,,,,,,,,,,,
0.06172775477170944,0.06172775477170944,190,24447,,,,,,,,,,,,,,,,,,
0.05809629708528519,0.05809629708528519,191,24575,,,,,,,,,,,,,,,,,,
0.06187380477786064,0.06187380477786064,192,24703,,,,,,,,,,,,,,,,,,
0.0579940490424633,0.0579940490424633,193,24831,,,,,,,,,,,,,,,,,,
0.058242104947566986,0.058242104947566986,194,24959,,,,,,,,,,,,,,,,,,
0.06115644797682762,0.06115644797682762,195,25087,,,,,,,,,,,,,,,,,,
0.058134254068136215,0.058134254068136215,196,25215,,,,,,,,,,,,,,,,,,
0.06071481108665466,0.06071481108665466,197,25343,,,,,,,,,,,,,,,,,,
0.058237917721271515,0.058237917721271515,198,25471,,,,,,,,,,,,,,,,,,
0.05890857055783272,0.05890857055783272,199,25599,0.11888440000752981,0.11351697179960683,0.3767657686083689,0.1210311812090891,0.11695381987477783,0.37841199378950074,0.12159486359154947,0.1181123779594614,0.3802045334600619,0.12156779683119659,0.11819984165366934,0.3815533422362503,0.12116720618099662,0.11756299708648552,0.38349261255984635,0.12063872625903421,0.1168733655577671,0.3856071696276742
0.058044347912073135,0.058044347912073135,200,25727,,,,,,,,,,,,,,,,,,
0.06038237735629082,0.06038237735629082,201,25855,,,,,,,,,,,,,,,,,,
0.05921201407909393,0.05921201407909393,202,25983,,,,,,,,,,,,,,,,,,
0.060236696153879166,0.060236696153879166,203,26111,,,,,,,,,,,,,,,,,,
0.05802467092871666,0.05802467092871666,204,26239,,,,,,,,,,,,,,,,,,
0.05729763209819794,0.05729763209819794,205,26367,,,,,,,,,,,,,,,,,,
0.05731765553355217,0.05731765553355217,206,26495,,,,,,,,,,,,,,,,,,
0.057981234043836594,0.057981234043836594,207,26623,,,,,,,,,,,,,,,,,,
0.05825864523649216,0.05825864523649216,208,26751,,,,,,,,,,,,,,,,,,
0.05748778209090233,0.05748778209090233,209,26879,,,,,,,,,,,,,,,,,,
0.06074611842632294,0.06074611842632294,210,27007,,,,,,,,,,,,,,,,,,
0.05848017707467079,0.05848017707467079,211,27135,,,,,,,,,,,,,,,,,,
0.05655974894762039,0.05655974894762039,212,27263,,,,,,,,,,,,,,,,,,
0.057784225791692734,0.057784225791692734,213,27391,,,,,,,,,,,,,,,,,,
0.0576542504131794,0.0576542504131794,214,27519,,,,,,,,,,,,,,,,,,
0.05765799805521965,0.05765799805521965,215,27647,,,,,,,,,,,,,,,,,,
0.05874098464846611,0.05874098464846611,216,27775,,,,,,,,,,,,,,,,,,
0.05872923880815506,0.05872923880815506,217,27903,,,,,,,,,,,,,,,,,,
0.05837305635213852,0.05837305635213852,218,28031,,,,,,,,,,,,,,,,,,
0.05614618957042694,0.05614618957042694,219,28159,,,,,,,,,,,,,,,,,,
0.05887407064437866,0.05887407064437866,220,28287,,,,,,,,,,,,,,,,,,
0.05671583116054535,0.05671583116054535,221,28415,,,,,,,,,,,,,,,,,,
0.05836780369281769,0.05836780369281769,222,28543,,,,,,,,,,,,,,,,,,
0.057820625603199005,0.057820625603199005,223,28671,,,,,,,,,,,,,,,,,,
0.06099289283156395,0.06099289283156395,224,28799,,,,,,,,,,,,,,,,,,
0.059085663408041,0.059085663408041,225,28927,,,,,,,,,,,,,,,,,,
0.05950060486793518,0.05950060486793518,226,29055,,,,,,,,,,,,,,,,,,
0.05844791978597641,0.05844791978597641,227,29183,,,,,,,,,,,,,,,,,,
0.057607900351285934,0.057607900351285934,228,29311,,,,,,,,,,,,,,,,,,
0.05738132447004318,0.05738132447004318,229,29439,,,,,,,,,,,,,,,,,,
0.05818904936313629,0.05818904936313629,230,29567,,,,,,,,,,,,,,,,,,
0.05647294223308563,0.05647294223308563,231,29695,,,,,,,,,,,,,,,,,,
0.05839753895998001,0.05839753895998001,232,29823,,,,,,,,,,,,,,,,,,
0.05688698962330818,0.05688698962330818,233,29951,,,,,,,,,,,,,,,,,,
0.057287707924842834,0.057287707924842834,234,30079,,,,,,,,,,,,,,,,,,
0.05819366127252579,0.05819366127252579,235,30207,,,,,,,,,,,,,,,,,,
0.05896471068263054,0.05896471068263054,236,30335,,,,,,,,,,,,,,,,,,
0.057011302560567856,0.057011302560567856,237,30463,,,,,,,,,,,,,,,,,,
0.056504372507333755,0.056504372507333755,238,30591,,,,,,,,,,,,,,,,,,
0.058922622352838516,0.058922622352838516,239,30719,,,,,,,,,,,,,,,,,,
0.05657742917537689,0.05657742917537689,240,30847,,,,,,,,,,,,,,,,,,
0.05615800619125366,0.05615800619125366,241,30975,,,,,,,,,,,,,,,,,,
0.05812226980924606,0.05812226980924606,242,31103,,,,,,,,,,,,,,,,,,
0.05606980249285698,0.05606980249285698,243,31231,,,,,,,,,,,,,,,,,,
0.0585823655128479,0.0585823655128479,244,31359,,,,,,,,,,,,,,,,,,
0.058941688388586044,0.058941688388586044,245,31487,,,,,,,,,,,,,,,,,,
0.05675665661692619,0.05675665661692619,246,31615,,,,,,,,,,,,,,,,,,
0.05836435407400131,0.05836435407400131,247,31743,,,,,,,,,,,,,,,,,,
0.05682042986154556,0.05682042986154556,248,31871,,,,,,,,,,,,,,,,,,
0.05727342516183853,0.05727342516183853,249,31999,0.1422208634862775,0.13737410377773157,0.42132485339809883,0.14450695734502134,0.140386178945947,0.42452827169204665,0.1451057925717132,0.1412384941141311,0.42623684003776874,0.14514660998747503,0.14104350717122338,0.4272235702374207,0.14463319505148067,0.13966714558756776,0.4284393743822568,0.1435058007696675,0.13804061812511892,0.42957595699581386
0.058005448430776596,0.058005448430776596,250,32127,,,,,,,,,,,,,,,,,,
0.056346770375967026,0.056346770375967026,251,32255,,,,,,,,,,,,,,,,,,
0.0569356232881546,0.0569356232881546,252,32383,,,,,,,,,,,,,,,,,,
0.0574701726436615,0.0574701726436615,253,32511,,,,,,,,,,,,,,,,,,
0.057719793170690536,0.057719793170690536,254,32639,,,,,,,,,,,,,,,,,,
0.05503958463668823,0.05503958463668823,255,32767,,,,,,,,,,,,,,,,,,
0.057528674602508545,0.057528674602508545,256,32895,,,,,,,,,,,,,,,,,,
0.057355575263500214,0.057355575263500214,257,33023,,,,,,,,,,,,,,,,,,
0.058193836361169815,0.058193836361169815,258,33151,,,,,,,,,,,,,,,,,,
0.056152086704969406,0.056152086704969406,259,33279,,,,,,,,,,,,,,,,,,
0.05596715956926346,0.05596715956926346,260,33407,,,,,,,,,,,,,,,,,,
0.05491796135902405,0.05491796135902405,261,33535,,,,,,,,,,,,,,,,,,
0.058094143867492676,0.058094143867492676,262,33663,,,,,,,,,,,,,,,,,,
0.05674125626683235,0.05674125626683235,263,33791,,,,,,,,,,,,,,,,,,
0.05877924710512161,0.05877924710512161,264,33919,,,,,,,,,,,,,,,,,,
0.05703160539269447,0.05703160539269447,265,34047,,,,,,,,,,,,,,,,,,
0.05483456328511238,0.05483456328511238,266,34175,,,,,,,,,,,,,,,,,,
0.055792272090911865,0.055792272090911865,267,34303,,,,,,,,,,,,,,,,,,
0.05600546672940254,0.05600546672940254,268,34431,,,,,,,,,,,,,,,,,,
0.05487692356109619,0.05487692356109619,269,34559,,,,,,,,,,,,,,,,,,
0.05471905320882797,0.05471905320882797,270,34687,,,,,,,,,,,,,,,,,,
0.057760387659072876,0.057760387659072876,271,34815,,,,,,,,,,,,,,,,,,
0.0558629147708416,0.0558629147708416,272,34943,,,,,,,,,,,,,,,,,,
0.05569199100136757,0.05569199100136757,273,35071,,,,,,,,,,,,,,,,,,
0.05724054202437401,0.05724054202437401,274,35199,,,,,,,,,,,,,,,,,,
0.05678790062665939,0.05678790062665939,275,35327,,,,,,,,,,,,,,,,,,
0.055172715336084366,0.055172715336084366,276,35455,,,,,,,,,,,,,,,,,,
0.05515231937170029,0.05515231937170029,277,35583,,,,,,,,,,,,,,,,,,
0.055838875472545624,0.055838875472545624,278,35711,,,,,,,,,,,,,,,,,,
0.056176844984292984,0.056176844984292984,279,35839,,,,,,,,,,,,,,,,,,
0.055301688611507416,0.055301688611507416,280,35967,,,,,,,,,,,,,,,,,,
0.057805728167295456,0.057805728167295456,281,36095,,,,,,,,,,,,,,,,,,
0.05582501366734505,0.05582501366734505,282,36223,,,,,,,,,,,,,,,,,,
0.05757265165448189,0.05757265165448189,283,36351,,,,,,,,,,,,,,,,,,
0.057336073368787766,0.057336073368787766,284,36479,,,,,,,,,,,,,,,,,,
0.057088688015937805,0.057088688015937805,285,36607,,,,,,,,,,,,,,,,,,
0.05465075001120567,0.05465075001120567,286,36735,,,,,,,,,,,,,,,,,,
0.05833545699715614,0.05833545699715614,287,36863,,,,,,,,,,,,,,,,,,
0.05794970318675041,0.05794970318675041,288,36991,,,,,,,,,,,,,,,,,,
0.057367295026779175,0.057367295026779175,289,37119,,,,,,,,,,,,,,,,,,
0.05712965875864029,0.05712965875864029,290,37247,,,,,,,,,,,,,,,,,,
0.05570138618350029,0.05570138618350029,291,37375,,,,,,,,,,,,,,,,,,
0.05605161190032959,0.05605161190032959,292,37503,,,,,,,,,,,,,,,,,,
0.05672256276011467,0.05672256276011467,293,37631,,,,,,,,,,,,,,,,,,
0.05636899545788765,0.05636899545788765,294,37759,,,,,,,,,,,,,,,,,,
0.05440286174416542,0.05440286174416542,295,37887,,,,,,,,,,,,,,,,,,
0.05522503703832626,0.05522503703832626,296,38015,,,,,,,,,,,,,,,,,,
0.05608011409640312,0.05608011409640312,297,38143,,,,,,,,,,,,,,,,,,
0.05426113307476044,0.05426113307476044,298,38271,,,,,,,,,,,,,,,,,,
0.056698281317949295,0.056698281317949295,299,38399,0.13868781136060068,0.13377325114091312,0.4125385429559948,0.13907869940388767,0.1350707567298868,0.41245457950108233,0.1391019460082877,0.1351122951314168,0.4129520269163277,0.13874641407850005,0.13430299056162698,0.4133152658126924,0.13752204130658172,0.13189613551634444,0.4134240731554489,0.13589664209868568,0.12946288885289103,0.41335380645940123
0.055982109159231186,0.055982109159231186,300,38527,,,,,,,,,,,,,,,,,,
0.0577571801841259,0.0577571801841259,301,38655,,,,,,,,,,,,,,,,,,
0.05307306721806526,0.05307306721806526,302,38783,,,,,,,,,,,,,,,,,,
0.05617702379822731,0.05617702379822731,303,38911,,,,,,,,,,,,,,,,,,
0.055918559432029724,0.055918559432029724,304,39039,,,,,,,,,,,,,,,,,,
0.055943336337804794,0.055943336337804794,305,39167,,,,,,,,,,,,,,,,,,
0.05658069998025894,0.05658069998025894,306,39295,,,,,,,,,,,,,,,,,,
0.05542968958616257,0.05542968958616257,307,39423,,,,,,,,,,,,,,,,,,
0.05567294359207153,0.05567294359207153,308,39551,,,,,,,,,,,,,,,,,,
0.055978499352931976,0.055978499352931976,309,39679,,,,,,,,,,,,,,,,,,
0.05523766949772835,0.05523766949772835,310,39807,,,,,,,,,,,,,,,,,,
0.05545583739876747,0.05545583739876747,311,39935,,,,,,,,,,,,,,,,,,
0.054151564836502075,0.054151564836502075,312,40063,,,,,,,,,,,,,,,,,,
0.056377898901700974,0.056377898901700974,313,40191,,,,,,,,,,,,,,,,,,
0.05508989468216896,0.05508989468216896,314,40319,,,,,,,,,,,,,,,,,,
0.05772022530436516,0.05772022530436516,315,40447,,,,,,,,,,,,,,,,,,
0.057764098048210144,0.057764098048210144,316,40575,,,,,,,,,,,,,,,,,,
0.05386294424533844,0.05386294424533844,317,40703,,,,,,,,,,,,,,,,,,
0.05673113837838173,0.05673113837838173,318,40831,,,,,,,,,,,,,,,,,,
0.056220535188913345,0.056220535188913345,319,40959,,,,,,,,,,,,,,,,,,
0.055165745317935944,0.055165745317935944,320,41087,,,,,,,,,,,,,,,,,,
0.0567859522998333,0.0567859522998333,321,41215,,,,,,,,,,,,,,,,,,
0.055694352835416794,0.055694352835416794,322,41343,,,,,,,,,,,,,,,,,,
0.056999571621418,0.056999571621418,323,41471,,,,,,,,,,,,,,,,,,
0.05318309739232063,0.05318309739232063,324,41599,,,,,,,,,,,,,,,,,,
0.05609804764389992,0.05609804764389992,325,41727,,,,,,,,,,,,,,,,,,
0.05534597113728523,0.05534597113728523,326,41855,,,,,,,,,,,,,,,,,,
0.05573444440960884,0.05573444440960884,327,41983,,,,,,,,,,,,,,,,,,
0.054224226623773575,0.054224226623773575,328,42111,,,,,,,,,,,,,,,,,,
0.056252531707286835,0.056252531707286835,329,42239,,,,,,,,,,,,,,,,,,
0.05584808811545372,0.05584808811545372,330,42367,,,,,,,,,,,,,,,,,,
0.05464866757392883,0.05464866757392883,331,42495,,,,,,,,,,,,,,,,,,
0.05450013652443886,0.05450013652443886,332,42623,,,,,,,,,,,,,,,,,,
0.05599133297801018,0.05599133297801018,333,42751,,,,,,,,,,,,,,,,,,
0.05503895878791809,0.05503895878791809,334,42879,,,,,,,,,,,,,,,,,,
0.05513725057244301,0.05513725057244301,335,43007,,,,,,,,,,,,,,,,,,
0.056399863213300705,0.056399863213300705,336,43135,,,,,,,,,,,,,,,,,,
0.05705922096967697,0.05705922096967697,337,43263,,,,,,,,,,,,,,,,,,
0.056879106909036636,0.056879106909036636,338,43391,,,,,,,,,,,,,,,,,,
0.05399274826049805,0.05399274826049805,339,43519,,,,,,,,,,,,,,,,,,
0.05688503757119179,0.05688503757119179,340,43647,,,,,,,,,,,,,,,,,,
0.05700530856847763,0.05700530856847763,341,43775,,,,,,,,,,,,,,,,,,
0.055462948977947235,0.055462948977947235,342,43903,,,,,,,,,,,,,,,,,,
0.056112583726644516,0.056112583726644516,343,44031,,,,,,,,,,,,,,,,,,
0.05499492585659027,0.05499492585659027,344,44159,,,,,,,,,,,,,,,,,,
0.057300254702568054,0.057300254702568054,345,44287,,,,,,,,,,,,,,,,,,
0.05319928005337715,0.05319928005337715,346,44415,,,,,,,,,,,,,,,,,,
0.05499037355184555,0.05499037355184555,347,44543,,,,,,,,,,,,,,,,,,
0.055806711316108704,0.055806711316108704,348,44671,,,,,,,,,,,,,,,,,,
0.05496338754892349,0.05496338754892349,349,44799,0.18104514224390972,0.17979266856958467,0.46403657362301176,0.178913056270618,0.1780293297750595,0.461428949605409,0.17788530027716393,0.17752199269769828,0.4608675491447272,0.17645605329011188,0.1767104337840791,0.46066496744787017,0.17353136549108844,0.1747282237114531,0.46017101670220234,0.17058099184872613,0.17274617875511342,0.45949065618181334
0.05338529124855995,0.05338529124855995,350,44927,,,,,,,,,,,,,,,,,,
0.05453873053193092,0.05453873053193092,351,45055,,,,,,,,,,,,,,,,,,
0.056084681302309036,0.056084681302309036,352,45183,,,,,,,,,,,,,,,,,,
0.05525548383593559,0.05525548383593559,353,45311,,,,,,,,,,,,,,,,,,
0.054330673068761826,0.054330673068761826,354,45439,,,,,,,,,,,,,,,,,,
0.05518895387649536,0.05518895387649536,355,45567,,,,,,,,,,,,,,,,,,
0.056968361139297485,0.056968361139297485,356,45695,,,,,,,,,,,,,,,,,,
0.0549469068646431,0.0549469068646431,357,45823,,,,,,,,,,,,,,,,,,
0.055318914353847504,0.055318914353847504,358,45951,,,,,,,,,,,,,,,,,,
0.05368756875395775,0.05368756875395775,359,46079,,,,,,,,,,,,,,,,,,
0.05461347475647926,0.05461347475647926,360,46207,,,,,,,,,,,,,,,,,,
0.056692901998758316,0.056692901998758316,361,46335,,,,,,,,,,,,,,,,,,
0.05375615507364273,0.05375615507364273,362,46463,,,,,,,,,,,,,,,,,,
0.053921084851026535,0.053921084851026535,363,46591,,,,,,,,,,,,,,,,,,
0.05444846674799919,0.05444846674799919,364,46719,,,,,,,,,,,,,,,,,,
0.05624956265091896,0.05624956265091896,365,46847,,,,,,,,,,,,,,,,,,
0.0552007257938385,0.0552007257938385,366,46975,,,,,,,,,,,,,,,,,,
0.0569874607026577,0.0569874607026577,367,47103,,,,,,,,,,,,,,,,,,
0.05360327661037445,0.05360327661037445,368,47231,,,,,,,,,,,,,,,,,,
0.05431210249662399,0.05431210249662399,369,47359,,,,,,,,,,,,,,,,,,
0.05485129728913307,0.05485129728913307,370,47487,,,,,,,,,,,,,,,,,,
0.05381407588720322,0.05381407588720322,371,47615,,,,,,,,,,,,,,,,,,
0.05616176873445511,0.05616176873445511,372,47743,,,,,,,,,,,,,,,,,,
0.0557996928691864,0.0557996928691864,373,47871,,,,,,,,,,,,,,,,,,
0.05694493651390076,0.05694493651390076,374,47999,,,,,,,,,,,,,,,,,,
0.05414000153541565,0.05414000153541565,375,48127,,,,,,,,,,,,,,,,,,
0.05502261221408844,0.05502261221408844,376,48255,,,,,,,,,,,,,,,,,,
0.056939780712127686,0.056939780712127686,377,48383,,,,,,,,,,,,,,,,,,
0.05456739291548729,0.05456739291548729,378,48511,,,,,,,,,,,,,,,,,,
0.054281413555145264,0.054281413555145264,379,48639,,,,,,,,,,,,,,,,,,
0.0557669959962368,0.0557669959962368,380,48767,,,,,,,,,,,,,,,,,,
0.055532701313495636,0.055532701313495636,381,48895,,,,,,,,,,,,,,,,,,
0.056321240961551666,0.056321240961551666,382,49023,,,,,,,,,,,,,,,,,,
0.05310659483075142,0.05310659483075142,383,49151,,,,,,,,,,,,,,,,,,
0.05531322583556175,0.05531322583556175,384,49279,,,,,,,,,,,,,,,,,,
0.052862949669361115,0.052862949669361115,385,49407,,,,,,,,,,,,,,,,,,
0.05393330752849579,0.05393330752849579,386,49535,,,,,,,,,,,,,,,,,,
0.055052731186151505,0.055052731186151505,387,49663,,,,,,,,,,,,,,,,,,
0.05518973246216774,0.05518973246216774,388,49791,,,,,,,,,,,,,,,,,,
0.05416346341371536,0.05416346341371536,389,49919,,,,,,,,,,,,,,,,,,
0.05508871003985405,0.05508871003985405,390,50047,,,,,,,,,,,,,,,,,,
0.05545180290937424,0.05545180290937424,391,50175,,,,,,,,,,,,,,,,,,
0.05335778370499611,0.05335778370499611,392,50303,,,,,,,,,,,,,,,,,,
0.053704410791397095,0.053704410791397095,393,50431,,,,,,,,,,,,,,,,,,
0.054106567054986954,0.054106567054986954,394,50559,,,,,,,,,,,,,,,,,,
0.05538220703601837,0.05538220703601837,395,50687,,,,,,,,,,,,,,,,,,
0.05561043322086334,0.05561043322086334,396,50815,,,,,,,,,,,,,,,,,,
0.05453656613826752,0.05453656613826752,397,50943,,,,,,,,,,,,,,,,,,
0.05468714237213135,0.05468714237213135,398,51071,,,,,,,,,,,,,,,,,,
0.055669154971838,0.055669154971838,399,51199,0.1394620452505784,0.13526662324562735,0.41990239024129317,0.14032350551737835,0.13685810479262533,0.4198468355181738,0.14048092536547865,0.13725318237510598,0.42013984244281893,0.14016186213065931,0.13685229655513986,0.42041087936987426,0.13926284794313168,0.13540395692489726,0.42042206405880056,0.13793036874479367,0.13381930254545019,0.41994661829331936
0.055781684815883636,0.055781684815883636,400,51327,,,,,,,,,,,,,,,,,,
0.055055275559425354,0.055055275559425354,401,51455,,,,,,,,,,,,,,,,,,
0.05422113463282585,0.05422113463282585,402,51583,,,,,,,,,,,,,,,,,,
0.05478983744978905,0.05478983744978905,403,51711,,,,,,,,,,,,,,,,,,
0.05404229089617729,0.05404229089617729,404,51839,,,,,,,,,,,,,,,,,,
0.055546823889017105,0.055546823889017105,405,51967,,,,,,,,,,,,,,,,,,
0.05695414915680885,0.05695414915680885,406,52095,,,,,,,,,,,,,,,,,,
0.05235760286450386,0.05235760286450386,407,52223,,,,,,,,,,,,,,,,,,
0.053832169622182846,0.053832169622182846,408,52351,,,,,,,,,,,,,,,,,,
0.05393429100513458,0.05393429100513458,409,52479,,,,,,,,,,,,,,,,,,
0.053701985627412796,0.053701985627412796,410,52607,,,,,,,,,,,,,,,,,,
0.054750438779592514,0.054750438779592514,411,52735,,,,,,,,,,,,,,,,,,
0.05656292289495468,0.05656292289495468,412,52863,,,,,,,,,,,,,,,,,,
0.05605536699295044,0.05605536699295044,413,52991,,,,,,,,,,,,,,,,,,
0.05478899925947189,0.05478899925947189,414,53119,,,,,,,,,,,,,,,,,,
0.05421397462487221,0.05421397462487221,415,53247,,,,,,,,,,,,,,,,,,
0.05395649001002312,0.05395649001002312,416,53375,,,,,,,,,,,,,,,,,,
0.05474754050374031,0.05474754050374031,417,53503,,,,,,,,,,,,,,,,,,
0.0525662787258625,0.0525662787258625,418,53631,,,,,,,,,,,,,,,,,,
0.054597921669483185,0.054597921669483185,419,53759,,,,,,,,,,,,,,,,,,
0.05243191123008728,0.05243191123008728,420,53887,,,,,,,,,,,,,,,,,,
0.0554790236055851,0.0554790236055851,421,54015,,,,,,,,,,,,,,,,,,
0.053217850625514984,0.053217850625514984,422,54143,,,,,,,,,,,,,,,,,,
0.05524901673197746,0.05524901673197746,423,54271,,,,,,,,,,,,,,,,,,
0.05407295748591423,0.05407295748591423,424,54399,,,,,,,,,,,,,,,,,,
0.05293774977326393,0.05293774977326393,425,54527,,,,,,,,,,,,,,,,,,
0.05374722182750702,0.05374722182750702,426,54655,,,,,,,,,,,,,,,,,,
0.0540042482316494,0.0540042482316494,427,54783,,,,,,,,,,,,,,,,,,
0.053465742617845535,0.053465742617845535,428,54911,,,,,,,,,,,,,,,,,,
0.055899471044540405,0.055899471044540405,429,55039,,,,,,,,,,,,,,,,,,
0.057263631373643875,0.057263631373643875,430,55167,,,,,,,,,,,,,,,,,,
0.054164983332157135,0.054164983332157135,431,55295,,,,,,,,,,,,,,,,,,
0.053133275359869,0.053133275359869,432,55423,,,,,,,,,,,,,,,,,,
0.05352003499865532,0.05352003499865532,433,55551,,,,,,,,,,,,,,,,,,
0.05273452028632164,0.05273452028632164,434,55679,,,,,,,,,,,,,,,,,,
0.05545411258935928,0.05545411258935928,435,55807,,,,,,,,,,,,,,,,,,
0.05358538031578064,0.05358538031578064,436,55935,,,,,,,,,,,,,,,,,,
0.05357315018773079,0.05357315018773079,437,56063,,,,,,,,,,,,,,,,,,
0.0551689974963665,0.0551689974963665,438,56191,,,,,,,,,,,,,,,,,,
0.05310109630227089,0.05310109630227089,439,56319,,,,,,,,,,,,,,,,,,
0.054052285850048065,0.054052285850048065,440,56447,,,,,,,,,,,,,,,,,,
0.05470355227589607,0.05470355227589607,441,56575,,,,,,,,,,,,,,,,,,
0.053107667714357376,0.053107667714357376,442,56703,,,,,,,,,,,,,,,,,,
0.05548768490552902,0.05548768490552902,443,56831,,,,,,,,,,,,,,,,,,
0.05319489166140556,0.05319489166140556,444,56959,,,,,,,,,,,,,,,,,,
0.0533653199672699,0.0533653199672699,445,57087,,,,,,,,,,,,,,,,,,
0.05538541078567505,0.05538541078567505,446,57215,,,,,,,,,,,,,,,,,,
0.0559171661734581,0.0559171661734581,447,57343,,,,,,,,,,,,,,,,,,
0.053047917783260345,0.053047917783260345,448,57471,,,,,,,,,,,,,,,,,,
0.0552927702665329,0.0552927702665329,449,57599,0.131542704829345,0.12218196258332809,0.39850171215170804,0.13018156340809164,0.12292479095986707,0.3981018960408056,0.13018405470243974,0.12315203029732963,0.3986255925853383,0.13022243873503106,0.12246331061084328,0.398926600314174,0.13026402151729152,0.12020899608318415,0.39897110866376906,0.1301321717592261,0.11792780897504171,0.3988186385305426
0.05388021096587181,0.05388021096587181,450,57727,,,,,,,,,,,,,,,,,,
0.051958825439214706,0.051958825439214706,451,57855,,,,,,,,,,,,,,,,,,
0.05415501445531845,0.05415501445531845,452,57983,,,,,,,,,,,,,,,,,,
0.05303055793046951,0.05303055793046951,453,58111,,,,,,,,,,,,,,,,,,
0.05539638549089432,0.05539638549089432,454,58239,,,,,,,,,,,,,,,,,,
0.05360822752118111,0.05360822752118111,455,58367,,,,,,,,,,,,,,,,,,
0.054392389953136444,0.054392389953136444,456,58495,,,,,,,,,,,,,,,,,,
0.05536331236362457,0.05536331236362457,457,58623,,,,,,,,,,,,,,,,,,
0.05385103449225426,0.05385103449225426,458,58751,,,,,,,,,,,,,,,,,,
0.05251501128077507,0.05251501128077507,459,58879,,,,,,,,,,,,,,,,,,
0.05387626215815544,0.05387626215815544,460,59007,,,,,,,,,,,,,,,,,,
0.05425890162587166,0.05425890162587166,461,59135,,,,,,,,,,,,,,,,,,
0.055587541311979294,0.055587541311979294,462,59263,,,,,,,,,,,,,,,,,,
0.05433913692831993,0.05433913692831993,463,59391,,,,,,,,,,,,,,,,,,
0.053783491253852844,0.053783491253852844,464,59519,,,,,,,,,,,,,,,,,,
0.05195765197277069,0.05195765197277069,465,59647,,,,,,,,,,,,,,,,,,
0.052066169679164886,0.052066169679164886,466,59775,,,,,,,,,,,,,,,,,,
0.053085971623659134,0.053085971623659134,467,59903,,,,,,,,,,,,,,,,,,
0.05400331690907478,0.05400331690907478,468,60031,,,,,,,,,,,,,,,,,,
0.05233517289161682,0.05233517289161682,469,60159,,,,,,,,,,,,,,,,,,
0.05323443189263344,0.05323443189263344,470,60287,,,,,,,,,,,,,,,,,,
0.051916565746068954,0.051916565746068954,471,60415,,,,,,,,,,,,,,,,,,
0.05361272767186165,0.05361272767186165,472,60543,,,,,,,,,,,,,,,,,,
0.05195825919508934,0.05195825919508934,473,60671,,,,,,,,,,,,,,,,,,
0.05176769942045212,0.05176769942045212,474,60799,,,,,,,,,,,,,,,,,,
0.052852608263492584,0.052852608263492584,475,60927,,,,,,,,,,,,,,,,,,
0.054016098380088806,0.054016098380088806,476,61055,,,,,,,,,,,,,,,,,,
0.05274200066924095,0.05274200066924095,477,61183,,,,,,,,,,,,,,,,,,
0.051460616290569305,0.051460616290569305,478,61311,,,,,,,,,,,,,,,,,,
0.05456388741731644,0.05456388741731644,479,61439,,,,,,,,,,,,,,,,,,
0.05426183342933655,0.05426183342933655,480,61567,,,,,,,,,,,,,,,,,,
0.05215534567832947,0.05215534567832947,481,61695,,,,,,,,,,,,,,,,,,
0.054007746279239655,0.054007746279239655,482,61823,,,,,,,,,,,,,,,,,,
0.05367806926369667,0.05367806926369667,483,61951,,,,,,,,,,,,,,,,,,
0.053330421447753906,0.053330421447753906,484,62079,,,,,,,,,,,,,,,,,,
0.05556195229291916,0.05556195229291916,485,62207,,,,,,,,,,,,,,,,,,
0.0548197403550148,0.0548197403550148,486,62335,,,,,,,,,,,,,,,,,,
0.05386390537023544,0.05386390537023544,487,62463,,,,,,,,,,,,,,,,,,
0.05294619873166084,0.05294619873166084,488,62591,,,,,,,,,,,,,,,,,,
0.05193275585770607,0.05193275585770607,489,62719,,,,,,,,,,,,,,,,,,
0.05479443073272705,0.05479443073272705,490,62847,,,,,,,,,,,,,,,,,,
0.05158005282282829,0.05158005282282829,491,62975,,,,,,,,,,,,,,,,,,
0.05225512385368347,0.05225512385368347,492,63103,,,,,,,,,,,,,,,,,,
0.05436982214450836,0.05436982214450836,493,63231,,,,,,,,,,,,,,,,,,
0.05350138247013092,0.05350138247013092,494,63359,,,,,,,,,,,,,,,,,,
0.051794447004795074,0.051794447004795074,495,63487,,,,,,,,,,,,,,,,,,
0.05174387991428375,0.05174387991428375,496,63615,,,,,,,,,,,,,,,,,,
0.05255911871790886,0.05255911871790886,497,63743,,,,,,,,,,,,,,,,,,
0.054452430456876755,0.054452430456876755,498,63871,,,,,,,,,,,,,,,,,,
0.05412374064326286,0.05412374064326286,499,63999,0.15434882167488514,0.15283411650105932,0.4393585064145123,0.15130427668661464,0.14972083718802187,0.4329968559632873,0.15025069854456619,0.14903844054117923,0.4315480475325131,0.149123958623153,0.148344793375654,0.4311640445701584,0.14743194582231114,0.14723002194279722,0.43110824855580715,0.14639610004360487,0.1466969262538242,0.4311829922781753
0.05312063917517662,0.05312063917517662,500,64127,,,,,,,,,,,,,,,,,,
0.05315808951854706,0.05315808951854706,501,64255,,,,,,,,,,,,,,,,,,
0.0517682284116745,0.0517682284116745,502,64383,,,,,,,,,,,,,,,,,,
0.051962826400995255,0.051962826400995255,503,64511,,,,,,,,,,,,,,,,,,
0.053724467754364014,0.053724467754364014,504,64639,,,,,,,,,,,,,,,,,,
0.053662288933992386,0.053662288933992386,505,64767,,,,,,,,,,,,,,,,,,
0.0528179369866848,0.0528179369866848,506,64895,,,,,,,,,,,,,,,,,,
0.05197784677147865,0.05197784677147865,507,65023,,,,,,,,,,,,,,,,,,
0.05332915112376213,0.05332915112376213,508,65151,,,,,,,,,,,,,,,,,,
0.05272296071052551,0.05272296071052551,509,65279,,,,,,,,,,,,,,,,,,
0.05203781649470329,0.05203781649470329,510,65407,,,,,,,,,,,,,,,,,,
0.053312141448259354,0.053312141448259354,511,65535,,,,,,,,,,,,,,,,,,
0.05340340733528137,0.05340340733528137,512,65663,,,,,,,,,,,,,,,,,,
0.05247731879353523,0.05247731879353523,513,65791,,,,,,,,,,,,,,,,,,
0.05257146432995796,0.05257146432995796,514,65919,,,,,,,,,,,,,,,,,,
0.05282800644636154,0.05282800644636154,515,66047,,,,,,,,,,,,,,,,,,
0.051961787045001984,0.051961787045001984,516,66175,,,,,,,,,,,,,,,,,,
0.05238749459385872,0.05238749459385872,517,66303,,,,,,,,,,,,,,,,,,
0.05425678566098213,0.05425678566098213,518,66431,,,,,,,,,,,,,,,,,,
0.05529262498021126,0.05529262498021126,519,66559,,,,,,,,,,,,,,,,,,
0.05303161218762398,0.05303161218762398,520,66687,,,,,,,,,,,,,,,,,,
0.05272127687931061,0.05272127687931061,521,66815,,,,,,,,,,,,,,,,,,
0.053897008299827576,0.053897008299827576,522,66943,,,,,,,,,,,,,,,,,,
0.05282518267631531,0.05282518267631531,523,67071,,,,,,,,,,,,,,,,,,
0.05416468530893326,0.05416468530893326,524,67199,,,,,,,,,,,,,,,,,,
0.05255064368247986,0.05255064368247986,525,67327,,,,,,,,,,,,,,,,,,
0.05431485176086426,0.05431485176086426,526,67455,,,,,,,,,,,,,,,,,,
0.0532226487994194,0.0532226487994194,527,67583,,,,,,,,,,,,,,,,,,
0.054669592529535294,0.054669592529535294,528,67711,,,,,,,,,,,,,,,,,,
0.05371411517262459,0.05371411517262459,529,67839,,,,,,,,,,,,,,,,,,
0.055076099932193756,0.055076099932193756,530,67967,,,,,,,,,,,,,,,,,,
0.05228903144598007,0.05228903144598007,531,68095,,,,,,,,,,,,,,,,,,
0.05540904402732849,0.05540904402732849,532,68223,,,,,,,,,,,,,,,,,,
0.05375782027840614,0.05375782027840614,533,68351,,,,,,,,,,,,,,,,,,
0.05017891898751259,0.05017891898751259,534,68479,,,,,,,,,,,,,,,,,,
0.05219442397356033,0.05219442397356033,535,68607,,,,,,,,,,,,,,,,,,
0.05381655693054199,0.05381655693054199,536,68735,,,,,,,,,,,,,,,,,,
0.05268527567386627,0.05268527567386627,537,68863,,,,,,,,,,,,,,,,,,
0.05217041075229645,0.05217041075229645,538,68991,,,,,,,,,,,,,,,,,,
0.05053495243191719,0.05053495243191719,539,69119,,,,,,,,,,,,,,,,,,
0.05206898972392082,0.05206898972392082,540,69247,,,,,,,,,,,,,,,,,,
0.051785681396722794,0.051785681396722794,541,69375,,,,,,,,,,,,,,,,,,
0.05173353850841522,0.05173353850841522,542,69503,,,,,,,,,,,,,,,,,,
0.05237097293138504,0.05237097293138504,543,69631,,,,,,,,,,,,,,,,,,
0.052621904760599136,0.052621904760599136,544,69759,,,,,,,,,,,,,,,,,,
0.05389091745018959,0.05389091745018959,545,69887,,,,,,,,,,,,,,,,,,
0.053391747176647186,0.053391747176647186,546,70015,,,,,,,,,,,,,,,,,,
0.053751636296510696,0.053751636296510696,547,70143,,,,,,,,,,,,,,,,,,
0.0540124848484993,0.0540124848484993,548,70271,,,,,,,,,,,,,,,,,,
0.05187814310193062,0.05187814310193062,549,70399,0.14476233943662234,0.14082708172787173,0.4303940700825501,0.14539011627053755,0.1425899830827685,0.4300106647478432,0.14554422541534837,0.14323477013922442,0.4302445562682085,0.14534645120753745,0.14322950244141872,0.4305694847169716,0.14483252144799064,0.1426698453866883,0.43085446252506066,0.1445466803252441,0.14243108661662665,0.43124791917297534
0.0527229867875576,0.0527229867875576,550,70527,,,,,,,,,,,,,,,,,,
0.05343715101480484,0.05343715101480484,551,70655,,,,,,,,,,,,,,,,,,
0.05295727774500847,0.05295727774500847,552,70783,,,,,,,,,,,,,,,,,,
0.0531371608376503,0.0531371608376503,553,70911,,,,,,,,,,,,,,,,,,
0.05381166934967041,0.05381166934967041,554,71039,,,,,,,,,,,,,,,,,,
0.054511990398168564,0.054511990398168564,555,71167,,,,,,,,,,,,,,,,,,
0.0532614067196846,0.0532614067196846,556,71295,,,,,,,,,,,,,,,,,,
0.052439238876104355,0.052439238876104355,557,71423,,,,,,,,,,,,,,,,,,
0.05243474245071411,0.05243474245071411,558,71551,,,,,,,,,,,,,,,,,,
0.05397306755185127,0.05397306755185127,559,71679,,,,,,,,,,,,,,,,,,
0.05207362771034241,0.05207362771034241,560,71807,,,,,,,,,,,,,,,,,,
0.052200429141521454,0.052200429141521454,561,71935,,,,,,,,,,,,,,,,,,
0.054037850350141525,0.054037850350141525,562,72063,,,,,,,,,,,,,,,,,,
0.051022302359342575,0.051022302359342575,563,72191,,,,,,,,,,,,,,,,,,
0.053228721022605896,0.053228721022605896,564,72319,,,,,,,,,,,,,,,,,,
0.05366649478673935,0.05366649478673935,565,72447,,,,,,,,,,,,,,,,,,
0.051506366580724716,0.051506366580724716,566,72575,,,,,,,,,,,,,,,,,,
0.05392736941576004,0.05392736941576004,567,72703,,,,,,,,,,,,,,,,,,
0.05413467437028885,0.05413467437028885,568,72831,,,,,,,,,,,,,,,,,,
0.05256563425064087,0.05256563425064087,569,72959,,,,,,,,,,,,,,,,,,
0.05275677889585495,0.05275677889585495,570,73087,,,,,,,,,,,,,,,,,,
0.05267374962568283,0.05267374962568283,571,73215,,,,,,,,,,,,,,,,,,
0.05144977942109108,0.05144977942109108,572,73343,,,,,,,,,,,,,,,,,,
0.05241354927420616,0.05241354927420616,573,73471,,,,,,,,,,,,,,,,,,
0.05177987366914749,0.05177987366914749,574,73599,,,,,,,,,,,,,,,,,,
0.05173959583044052,0.05173959583044052,575,73727,,,,,,,,,,,,,,,,,,
0.05282996594905853,0.05282996594905853,576,73855,,,,,,,,,,,,,,,,,,
0.0520523376762867,0.0520523376762867,577,73983,,,,,,,,,,,,,,,,,,
0.052884798496961594,0.052884798496961594,578,74111,,,,,,,,,,,,,,,,,,
0.05268559977412224,0.05268559977412224,579,74239,,,,,,,,,,,,,,,,,,
0.05136394128203392,0.05136394128203392,580,74367,,,,,,,,,,,,,,,,,,
0.05169086903333664,0.05169086903333664,581,74495,,,,,,,,,,,,,,,,,,
0.053961433470249176,0.053961433470249176,582,74623,,,,,,,,,,,,,,,,,,
0.0505182147026062,0.0505182147026062,583,74751,,,,,,,,,,,,,,,,,,
0.05139654874801636,0.05139654874801636,584,74879,,,,,,,,,,,,,,,,,,
0.05456382781267166,0.05456382781267166,585,75007,,,,,,,,,,,,,,,,,,
0.05375748127698898,0.05375748127698898,586,75135,,,,,,,,,,,,,,,,,,
0.05175604298710823,0.05175604298710823,587,75263,,,,,,,,,,,,,,,,,,
0.053759921342134476,0.053759921342134476,588,75391,,,,,,,,,,,,,,,,,,
0.05088398605585098,0.05088398605585098,589,75519,,,,,,,,,,,,,,,,,,
0.05491223558783531,0.05491223558783531,590,75647,,,,,,,,,,,,,,,,,,
0.05457950755953789,0.05457950755953789,591,75775,,,,,,,,,,,,,,,,,,
0.054834652692079544,0.054834652692079544,592,75903,,,,,,,,,,,,,,,,,,
0.054424747824668884,0.054424747824668884,593,76031,,,,,,,,,,,,,,,,,,
0.052759356796741486,0.052759356796741486,594,76159,,,,,,,,,,,,,,,,,,
0.05299993231892586,0.05299993231892586,595,76287,,,,,,,,,,,,,,,,,,
0.051323212683200836,0.051323212683200836,596,76415,,,,,,,,,,,,,,,,,,
0.05160728842020035,0.05160728842020035,597,76543,,,,,,,,,,,,,,,,,,
0.05296313017606735,0.05296313017606735,598,76671,,,,,,,,,,,,,,,,,,
0.05271061137318611,0.05271061137318611,599,76799,0.13744432834973502,0.1339033450342863,0.42754520066389173,0.13578480108269494,0.13250696337062245,0.4216422722973665,0.13537240702767497,0.1321086239642772,0.4199611765334224,0.13494640101951144,0.13148902386106956,0.41930539802890343,0.13437641685905527,0.1302401613131487,0.41882405700742087,0.13382022495543014,0.12922909876096092,0.4185510011988416
0.050644297152757645,0.050644297152757645,600,76927,,,,,,,,,,,,,,,,,,
0.05349891632795334,0.05349891632795334,601,77055,,,,,,,,,,,,,,,,,,
0.05179743841290474,0.05179743841290474,602,77183,,,,,,,,,,,,,,,,,,
0.05232268571853638,0.05232268571853638,603,77311,,,,,,,,,,,,,,,,,,
0.05260219797492027,0.05260219797492027,604,77439,,,,,,,,,,,,,,,,,,
0.053541380912065506,0.053541380912065506,605,77567,,,,,,,,,,,,,,,,,,
0.05295558646321297,0.05295558646321297,606,77695,,,,,,,,,,,,,,,,,,
0.051096610724925995,0.051096610724925995,607,77823,,,,,,,,,,,,,,,,,,
0.0514608696103096,0.0514608696103096,608,77951,,,,,,,,,,,,,,,,,,
0.05305281654000282,0.05305281654000282,609,78079,,,,,,,,,,,,,,,,,,
0.05040883272886276,0.05040883272886276,610,78207,,,,,,,,,,,,,,,,,,
0.05402325093746185,0.05402325093746185,611,78335,,,,,,,,,,,,,,,,,,
0.05068594962358475,0.05068594962358475,612,78463,,,,,,,,,,,,,,,,,,
0.0534028485417366,0.0534028485417366,613,78591,,,,,,,,,,,,,,,,,,
0.05251458287239075,0.05251458287239075,614,78719,,,,,,,,,,,,,,,,,,
0.05111067369580269,0.05111067369580269,615,78847,,,,,,,,,,,,,,,,,,
0.05289747565984726,0.05289747565984726,616,78975,,,,,,,,,,,,,,,,,,
0.05135948956012726,0.05135948956012726,617,79103,,,,,,,,,,,,,,,,,,
0.051434434950351715,0.051434434950351715,618,79231,,,,,,,,,,,,,,,,,,
0.05346199497580528,0.05346199497580528,619,79359,,,,,,,,,,,,,,,,,,
0.053142182528972626,0.053142182528972626,620,79487,,,,,,,,,,,,,,,,,,
0.05360523983836174,0.05360523983836174,621,79615,,,,,,,,,,,,,,,,,,
0.05046991631388664,0.05046991631388664,622,79743,,,,,,,,,,,,,,,,,,
0.05240626260638237,0.05240626260638237,623,79871,,,,,,,,,,,,,,,,,,
0.052059356123209,0.052059356123209,624,79999,,,,,,,,,,,,,,,,,,
0.05161478370428085,0.05161478370428085,625,80127,,,,,,,,,,,,,,,,,,
0.05399128794670105,0.05399128794670105,626,80255,,,,,,,,,,,,,,,,,,
0.0521366111934185,0.0521366111934185,627,80383,,,,,,,,,,,,,,,,,,
0.050060346722602844,0.050060346722602844,628,80511,,,,,,,,,,,,,,,,,,
0.05274343118071556,0.05274343118071556,629,80639,,,,,,,,,,,,,,,,,,
0.05131003260612488,0.05131003260612488,630,80767,,,,,,,,,,,,,,,,,,
0.052618905901908875,0.052618905901908875,631,80895,,,,,,,,,,,,,,,,,,
0.05292282626032829,0.05292282626032829,632,81023,,,,,,,,,,,,,,,,,,
0.052688270807266235,0.052688270807266235,633,81151,,,,,,,,,,,,,,,,,,
0.04942537471652031,0.04942537471652031,634,81279,,,,,,,,,,,,,,,,,,
0.053147003054618835,0.053147003054618835,635,81407,,,,,,,,,,,,,,,,,,
0.05285356938838959,0.05285356938838959,636,81535,,,,,,,,,,,,,,,,,,
0.05068937689065933,0.05068937689065933,637,81663,,,,,,,,,,,,,,,,,,
0.053407251834869385,0.053407251834869385,638,81791,,,,,,,,,,,,,,,,,,
0.05118544399738312,0.05118544399738312,639,81919,,,,,,,,,,,,,,,,,,
0.050840504467487335,0.050840504467487335,640,82047,,,,,,,,,,,,,,,,,,
0.053075749427080154,0.053075749427080154,641,82175,,,,,,,,,,,,,,,,,,
0.05369211360812187,0.05369211360812187,642,82303,,,,,,,,,,,,,,,,,,
0.05092526599764824,0.05092526599764824,643,82431,,,,,,,,,,,,,,,,,,
0.05176394805312157,0.05176394805312157,644,82559,,,,,,,,,,,,,,,,,,
0.05130757391452789,0.05130757391452789,645,82687,,,,,,,,,,,,,,,,,,
0.05019171163439751,0.05019171163439751,646,82815,,,,,,,,,,,,,,,,,,
0.05130717158317566,0.05130717158317566,647,82943,,,,,,,,,,,,,,,,,,
0.053530022501945496,0.053530022501945496,648,83071,,,,,,,,,,,,,,,,,,
0.05255534499883652,0.05255534499883652,649,83199,0.12699058848211975,0.12090244556491779,0.40749052565225874,0.1277602772924138,0.12269508068772329,0.40742012582190057,0.12821046479967899,0.12290601281400927,0.4075521695940294,0.12834431996985052,0.12233000848253546,0.4076034319143515,0.1282504637165697,0.1206213764358664,0.40746381307239204,0.12787605020836665,0.11910162252624211,0.40709140904794133
