train_loss,train_elbo_loss,epoch,step,val_CRPS_2.0,val_ND_2.0,val_NRMSE_2.0,val_CRPS_4.0,val_ND_4.0,val_NRMSE_4.0,val_CRPS_8.0,val_ND_8.0,val_NRMSE_8.0,val_CRPS_16.0,val_ND_16.0,val_NRMSE_16.0,val_CRPS_24.0,val_ND_24.0,val_NRMSE_24.0,val_CRPS_32.0,val_ND_32.0,val_NRMSE_32.0,val_CRPS_48.0,val_ND_48.0,val_NRMSE_48.0
0.28456202149391174,0.28456202149391174,0,127,,,,,,,,,,,,,,,,,,,,,
0.14163918793201447,0.14163918793201447,1,255,,,,,,,,,,,,,,,,,,,,,
0.09144378453493118,0.09144378453493118,2,383,,,,,,,,,,,,,,,,,,,,,
0.06372437626123428,0.06372437626123428,3,511,,,,,,,,,,,,,,,,,,,,,
0.042539868503808975,0.042539868503808975,4,639,,,,,,,,,,,,,,,,,,,,,
0.03425244987010956,0.03425244987010956,5,767,,,,,,,,,,,,,,,,,,,,,
0.02683389186859131,0.02683389186859131,6,895,,,,,,,,,,,,,,,,,,,,,
0.021596768870949745,0.021596768870949745,7,1023,,,,,,,,,,,,,,,,,,,,,
0.01923222839832306,0.01923222839832306,8,1151,,,,,,,,,,,,,,,,,,,,,
0.019147705286741257,0.019147705286741257,9,1279,,,,,,,,,,,,,,,,,,,,,
0.0186514500528574,0.0186514500528574,10,1407,,,,,,,,,,,,,,,,,,,,,
0.01783161796629429,0.01783161796629429,11,1535,,,,,,,,,,,,,,,,,,,,,
0.017827928066253662,0.017827928066253662,12,1663,,,,,,,,,,,,,,,,,,,,,
0.016416285187005997,0.016416285187005997,13,1791,,,,,,,,,,,,,,,,,,,,,
0.014705687761306763,0.014705687761306763,14,1919,,,,,,,,,,,,,,,,,,,,,
0.015221550129354,0.015221550129354,15,2047,,,,,,,,,,,,,,,,,,,,,
0.014699753373861313,0.014699753373861313,16,2175,,,,,,,,,,,,,,,,,,,,,
0.015030168928205967,0.015030168928205967,17,2303,,,,,,,,,,,,,,,,,,,,,
0.014926550909876823,0.014926550909876823,18,2431,,,,,,,,,,,,,,,,,,,,,
0.012797809205949306,0.012797809205949306,19,2559,,,,,,,,,,,,,,,,,,,,,
0.014714958146214485,0.014714958146214485,20,2687,,,,,,,,,,,,,,,,,,,,,
0.012839525938034058,0.012839525938034058,21,2815,,,,,,,,,,,,,,,,,,,,,
0.013275887817144394,0.013275887817144394,22,2943,,,,,,,,,,,,,,,,,,,,,
0.012238423340022564,0.012238423340022564,23,3071,,,,,,,,,,,,,,,,,,,,,
0.012756927870213985,0.012756927870213985,24,3199,,,,,,,,,,,,,,,,,,,,,
0.012188884429633617,0.012188884429633617,25,3327,,,,,,,,,,,,,,,,,,,,,
0.01215165015310049,0.01215165015310049,26,3455,,,,,,,,,,,,,,,,,,,,,
0.011373355984687805,0.011373355984687805,27,3583,,,,,,,,,,,,,,,,,,,,,
0.011918855831027031,0.011918855831027031,28,3711,,,,,,,,,,,,,,,,,,,,,
0.011187247931957245,0.011187247931957245,29,3839,,,,,,,,,,,,,,,,,,,,,
0.010992803610861301,0.010992803610861301,30,3967,,,,,,,,,,,,,,,,,,,,,
0.010546489618718624,0.010546489618718624,31,4095,,,,,,,,,,,,,,,,,,,,,
0.011565341614186764,0.011565341614186764,32,4223,,,,,,,,,,,,,,,,,,,,,
0.010583777911961079,0.010583777911961079,33,4351,,,,,,,,,,,,,,,,,,,,,
0.011093176901340485,0.011093176901340485,34,4479,,,,,,,,,,,,,,,,,,,,,
0.010736462660133839,0.010736462660133839,35,4607,,,,,,,,,,,,,,,,,,,,,
0.010254507884383202,0.010254507884383202,36,4735,,,,,,,,,,,,,,,,,,,,,
0.010860580019652843,0.010860580019652843,37,4863,,,,,,,,,,,,,,,,,,,,,
0.009863067418336868,0.009863067418336868,38,4991,,,,,,,,,,,,,,,,,,,,,
0.010072067379951477,0.010072067379951477,39,5119,,,,,,,,,,,,,,,,,,,,,
0.00938224047422409,0.00938224047422409,40,5247,,,,,,,,,,,,,,,,,,,,,
0.01112004928290844,0.01112004928290844,41,5375,,,,,,,,,,,,,,,,,,,,,
0.010056514292955399,0.010056514292955399,42,5503,,,,,,,,,,,,,,,,,,,,,
0.01083188597112894,0.01083188597112894,43,5631,,,,,,,,,,,,,,,,,,,,,
0.009047001600265503,0.009047001600265503,44,5759,,,,,,,,,,,,,,,,,,,,,
0.00955204013735056,0.00955204013735056,45,5887,,,,,,,,,,,,,,,,,,,,,
0.0097820945084095,0.0097820945084095,46,6015,,,,,,,,,,,,,,,,,,,,,
0.009803696535527706,0.009803696535527706,47,6143,,,,,,,,,,,,,,,,,,,,,
0.009548581205308437,0.009548581205308437,48,6271,,,,,,,,,,,,,,,,,,,,,
0.009128132835030556,0.009128132835030556,49,6399,0.028246778976529482,0.028472837019303827,0.04092050599290031,0.023519939595325366,0.024072445997360827,0.03468080792347112,0.021757120052914178,0.022613313698008803,0.03114232631898582,0.02035463663228006,0.021791948728690762,0.02889951227170593,0.01954407111809338,0.02187963221231445,0.028598910831576285,0.018644015917927064,0.02109536507117461,0.02808383615691279,0.01744274782289972,0.01956551622955371,0.028517955730722536
0.008730954490602016,0.008730954490602016,50,6527,,,,,,,,,,,,,,,,,,,,,
0.009909204207360744,0.009909204207360744,51,6655,,,,,,,,,,,,,,,,,,,,,
0.009432719089090824,0.009432719089090824,52,6783,,,,,,,,,,,,,,,,,,,,,
0.008797247894108295,0.008797247894108295,53,6911,,,,,,,,,,,,,,,,,,,,,
0.008775456808507442,0.008775456808507442,54,7039,,,,,,,,,,,,,,,,,,,,,
0.009222970344126225,0.009222970344126225,55,7167,,,,,,,,,,,,,,,,,,,,,
0.009212758392095566,0.009212758392095566,56,7295,,,,,,,,,,,,,,,,,,,,,
0.009940060786902905,0.009940060786902905,57,7423,,,,,,,,,,,,,,,,,,,,,
0.00853033922612667,0.00853033922612667,58,7551,,,,,,,,,,,,,,,,,,,,,
0.008496791124343872,0.008496791124343872,59,7679,,,,,,,,,,,,,,,,,,,,,
0.008410347625613213,0.008410347625613213,60,7807,,,,,,,,,,,,,,,,,,,,,
0.009827944450080395,0.009827944450080395,61,7935,,,,,,,,,,,,,,,,,,,,,
0.008509841747581959,0.008509841747581959,62,8063,,,,,,,,,,,,,,,,,,,,,
0.00927303358912468,0.00927303358912468,63,8191,,,,,,,,,,,,,,,,,,,,,
0.008453546091914177,0.008453546091914177,64,8319,,,,,,,,,,,,,,,,,,,,,
0.008417584002017975,0.008417584002017975,65,8447,,,,,,,,,,,,,,,,,,,,,
0.009059043601155281,0.009059043601155281,66,8575,,,,,,,,,,,,,,,,,,,,,
0.008610602468252182,0.008610602468252182,67,8703,,,,,,,,,,,,,,,,,,,,,
0.009947835467755795,0.009947835467755795,68,8831,,,,,,,,,,,,,,,,,,,,,
0.008344282396137714,0.008344282396137714,69,8959,,,,,,,,,,,,,,,,,,,,,
0.008747194893658161,0.008747194893658161,70,9087,,,,,,,,,,,,,,,,,,,,,
0.008362121880054474,0.008362121880054474,71,9215,,,,,,,,,,,,,,,,,,,,,
0.008290277794003487,0.008290277794003487,72,9343,,,,,,,,,,,,,,,,,,,,,
0.008071951568126678,0.008071951568126678,73,9471,,,,,,,,,,,,,,,,,,,,,
0.008652412332594395,0.008652412332594395,74,9599,,,,,,,,,,,,,,,,,,,,,
0.008037758059799671,0.008037758059799671,75,9727,,,,,,,,,,,,,,,,,,,,,
0.007336541078984737,0.007336541078984737,76,9855,,,,,,,,,,,,,,,,,,,,,
0.007466836366802454,0.007466836366802454,77,9983,,,,,,,,,,,,,,,,,,,,,
0.008287103846669197,0.008287103846669197,78,10111,,,,,,,,,,,,,,,,,,,,,
0.008731534704566002,0.008731534704566002,79,10239,,,,,,,,,,,,,,,,,,,,,
0.007585728075355291,0.007585728075355291,80,10367,,,,,,,,,,,,,,,,,,,,,
0.007570538204163313,0.007570538204163313,81,10495,,,,,,,,,,,,,,,,,,,,,
0.008186746388673782,0.008186746388673782,82,10623,,,,,,,,,,,,,,,,,,,,,
0.008448667824268341,0.008448667824268341,83,10751,,,,,,,,,,,,,,,,,,,,,
0.008566183969378471,0.008566183969378471,84,10879,,,,,,,,,,,,,,,,,,,,,
0.0077786934562027454,0.0077786934562027454,85,11007,,,,,,,,,,,,,,,,,,,,,
0.008192763663828373,0.008192763663828373,86,11135,,,,,,,,,,,,,,,,,,,,,
0.007986887358129025,0.007986887358129025,87,11263,,,,,,,,,,,,,,,,,,,,,
0.006905881687998772,0.006905881687998772,88,11391,,,,,,,,,,,,,,,,,,,,,
0.008566607721149921,0.008566607721149921,89,11519,,,,,,,,,,,,,,,,,,,,,
0.00910887960344553,0.00910887960344553,90,11647,,,,,,,,,,,,,,,,,,,,,
0.007975834421813488,0.007975834421813488,91,11775,,,,,,,,,,,,,,,,,,,,,
0.007802773732692003,0.007802773732692003,92,11903,,,,,,,,,,,,,,,,,,,,,
0.008089660666882992,0.008089660666882992,93,12031,,,,,,,,,,,,,,,,,,,,,
0.00809214636683464,0.00809214636683464,94,12159,,,,,,,,,,,,,,,,,,,,,
0.006748747080564499,0.006748747080564499,95,12287,,,,,,,,,,,,,,,,,,,,,
0.007902069017291069,0.007902069017291069,96,12415,,,,,,,,,,,,,,,,,,,,,
0.008029458113014698,0.008029458113014698,97,12543,,,,,,,,,,,,,,,,,,,,,
0.008547854609787464,0.008547854609787464,98,12671,,,,,,,,,,,,,,,,,,,,,
0.007211977615952492,0.007211977615952492,99,12799,0.03773938277410157,0.03921934340154765,0.05409784467625195,0.02965074979870748,0.029799266300910173,0.04389023770161013,0.025452666303605386,0.025964057950954706,0.03781336943419073,0.023141218894205118,0.025298460278367626,0.033059566910184385,0.021945878669494892,0.025542330752630748,0.032148904682354276,0.021208064701147885,0.025773488544519902,0.03200473512958383,0.019365895408919736,0.025400025511199298,0.03203771855795527
0.00696971220895648,0.00696971220895648,100,12927,,,,,,,,,,,,,,,,,,,,,
0.00715238880366087,0.00715238880366087,101,13055,,,,,,,,,,,,,,,,,,,,,
0.0070482175797224045,0.0070482175797224045,102,13183,,,,,,,,,,,,,,,,,,,,,
0.0071840849705040455,0.0071840849705040455,103,13311,,,,,,,,,,,,,,,,,,,,,
0.008392561227083206,0.008392561227083206,104,13439,,,,,,,,,,,,,,,,,,,,,
0.006967440247535706,0.006967440247535706,105,13567,,,,,,,,,,,,,,,,,,,,,
0.007556091528385878,0.007556091528385878,106,13695,,,,,,,,,,,,,,,,,,,,,
0.007155613973736763,0.007155613973736763,107,13823,,,,,,,,,,,,,,,,,,,,,
0.007836452685296535,0.007836452685296535,108,13951,,,,,,,,,,,,,,,,,,,,,
0.007822590880095959,0.007822590880095959,109,14079,,,,,,,,,,,,,,,,,,,,,
0.007470980752259493,0.007470980752259493,110,14207,,,,,,,,,,,,,,,,,,,,,
0.007627548184245825,0.007627548184245825,111,14335,,,,,,,,,,,,,,,,,,,,,
0.0072433254681527615,0.0072433254681527615,112,14463,,,,,,,,,,,,,,,,,,,,,
0.007638820447027683,0.007638820447027683,113,14591,,,,,,,,,,,,,,,,,,,,,
0.007449740078300238,0.007449740078300238,114,14719,,,,,,,,,,,,,,,,,,,,,
0.006867497693747282,0.006867497693747282,115,14847,,,,,,,,,,,,,,,,,,,,,
0.007182200904935598,0.007182200904935598,116,14975,,,,,,,,,,,,,,,,,,,,,
0.006556297652423382,0.006556297652423382,117,15103,,,,,,,,,,,,,,,,,,,,,
0.007703469600528479,0.007703469600528479,118,15231,,,,,,,,,,,,,,,,,,,,,
0.00719347782433033,0.00719347782433033,119,15359,,,,,,,,,,,,,,,,,,,,,
0.00780749274417758,0.00780749274417758,120,15487,,,,,,,,,,,,,,,,,,,,,
0.006967483554035425,0.006967483554035425,121,15615,,,,,,,,,,,,,,,,,,,,,
0.007295441813766956,0.007295441813766956,122,15743,,,,,,,,,,,,,,,,,,,,,
0.006694014184176922,0.006694014184176922,123,15871,,,,,,,,,,,,,,,,,,,,,
0.007615581154823303,0.007615581154823303,124,15999,,,,,,,,,,,,,,,,,,,,,
0.00710658123716712,0.00710658123716712,125,16127,,,,,,,,,,,,,,,,,,,,,
0.0069013722240924835,0.0069013722240924835,126,16255,,,,,,,,,,,,,,,,,,,,,
0.006368272006511688,0.006368272006511688,127,16383,,,,,,,,,,,,,,,,,,,,,
0.0075249942019581795,0.0075249942019581795,128,16511,,,,,,,,,,,,,,,,,,,,,
0.007071563042700291,0.007071563042700291,129,16639,,,,,,,,,,,,,,,,,,,,,
0.007157054729759693,0.007157054729759693,130,16767,,,,,,,,,,,,,,,,,,,,,
0.006658830214291811,0.006658830214291811,131,16895,,,,,,,,,,,,,,,,,,,,,
0.007051216904073954,0.007051216904073954,132,17023,,,,,,,,,,,,,,,,,,,,,
0.006262767128646374,0.006262767128646374,133,17151,,,,,,,,,,,,,,,,,,,,,
0.00705799600109458,0.00705799600109458,134,17279,,,,,,,,,,,,,,,,,,,,,
0.007383659947663546,0.007383659947663546,135,17407,,,,,,,,,,,,,,,,,,,,,
0.006311766337603331,0.006311766337603331,136,17535,,,,,,,,,,,,,,,,,,,,,
0.006375245749950409,0.006375245749950409,137,17663,,,,,,,,,,,,,,,,,,,,,
0.006784667260944843,0.006784667260944843,138,17791,,,,,,,,,,,,,,,,,,,,,
0.006567053031176329,0.006567053031176329,139,17919,,,,,,,,,,,,,,,,,,,,,
0.005980831105262041,0.005980831105262041,140,18047,,,,,,,,,,,,,,,,,,,,,
0.007410567253828049,0.007410567253828049,141,18175,,,,,,,,,,,,,,,,,,,,,
0.0071064867079257965,0.0071064867079257965,142,18303,,,,,,,,,,,,,,,,,,,,,
0.007157909218221903,0.007157909218221903,143,18431,,,,,,,,,,,,,,,,,,,,,
0.006466452032327652,0.006466452032327652,144,18559,,,,,,,,,,,,,,,,,,,,,
0.007162653375416994,0.007162653375416994,145,18687,,,,,,,,,,,,,,,,,,,,,
0.007007874548435211,0.007007874548435211,146,18815,,,,,,,,,,,,,,,,,,,,,
0.006371227093040943,0.006371227093040943,147,18943,,,,,,,,,,,,,,,,,,,,,
0.007289838511496782,0.007289838511496782,148,19071,,,,,,,,,,,,,,,,,,,,,
0.00711838947609067,0.00711838947609067,149,19199,0.036031006006599836,0.038448966961518186,0.04928985201520345,0.0366651658824987,0.037168610442629604,0.049488037211853526,0.03451880422370579,0.03476278892067475,0.04713076198993459,0.03218323199345515,0.03365199318569551,0.04373220536862356,0.030800531849659394,0.03408896798538717,0.04270872890078815,0.029563912515337226,0.034532092188799345,0.041978990105399176,0.027081065698910327,0.03337027549121087,0.04096695832824292
0.006509491708129644,0.006509491708129644,150,19327,,,,,,,,,,,,,,,,,,,,,
0.006226519122719765,0.006226519122719765,151,19455,,,,,,,,,,,,,,,,,,,,,
0.007370556239038706,0.007370556239038706,152,19583,,,,,,,,,,,,,,,,,,,,,
0.0066169193014502525,0.0066169193014502525,153,19711,,,,,,,,,,,,,,,,,,,,,
0.006470564287155867,0.006470564287155867,154,19839,,,,,,,,,,,,,,,,,,,,,
0.00619297893717885,0.00619297893717885,155,19967,,,,,,,,,,,,,,,,,,,,,
0.006861905101686716,0.006861905101686716,156,20095,,,,,,,,,,,,,,,,,,,,,
0.006431987043470144,0.006431987043470144,157,20223,,,,,,,,,,,,,,,,,,,,,
0.006579096429049969,0.006579096429049969,158,20351,,,,,,,,,,,,,,,,,,,,,
0.006363256834447384,0.006363256834447384,159,20479,,,,,,,,,,,,,,,,,,,,,
0.006579228211194277,0.006579228211194277,160,20607,,,,,,,,,,,,,,,,,,,,,
0.007184095215052366,0.007184095215052366,161,20735,,,,,,,,,,,,,,,,,,,,,
0.006347147282212973,0.006347147282212973,162,20863,,,,,,,,,,,,,,,,,,,,,
0.006164358463138342,0.006164358463138342,163,20991,,,,,,,,,,,,,,,,,,,,,
0.006728833075612783,0.006728833075612783,164,21119,,,,,,,,,,,,,,,,,,,,,
0.0068683079443871975,0.0068683079443871975,165,21247,,,,,,,,,,,,,,,,,,,,,
0.006865056697279215,0.006865056697279215,166,21375,,,,,,,,,,,,,,,,,,,,,
0.006424525287002325,0.006424525287002325,167,21503,,,,,,,,,,,,,,,,,,,,,
0.006575536914169788,0.006575536914169788,168,21631,,,,,,,,,,,,,,,,,,,,,
0.0060177450068295,0.0060177450068295,169,21759,,,,,,,,,,,,,,,,,,,,,
0.006014022044837475,0.006014022044837475,170,21887,,,,,,,,,,,,,,,,,,,,,
0.006816775072365999,0.006816775072365999,171,22015,,,,,,,,,,,,,,,,,,,,,
0.007516476791352034,0.007516476791352034,172,22143,,,,,,,,,,,,,,,,,,,,,
0.0061949980445206165,0.0061949980445206165,173,22271,,,,,,,,,,,,,,,,,,,,,
0.006344185210764408,0.006344185210764408,174,22399,,,,,,,,,,,,,,,,,,,,,
0.006440393626689911,0.006440393626689911,175,22527,,,,,,,,,,,,,,,,,,,,,
0.006472316570580006,0.006472316570580006,176,22655,,,,,,,,,,,,,,,,,,,,,
0.00657138554379344,0.00657138554379344,177,22783,,,,,,,,,,,,,,,,,,,,,
0.006981592625379562,0.006981592625379562,178,22911,,,,,,,,,,,,,,,,,,,,,
0.006592073477804661,0.006592073477804661,179,23039,,,,,,,,,,,,,,,,,,,,,
0.006513368804007769,0.006513368804007769,180,23167,,,,,,,,,,,,,,,,,,,,,
0.006282121408730745,0.006282121408730745,181,23295,,,,,,,,,,,,,,,,,,,,,
0.006186012178659439,0.006186012178659439,182,23423,,,,,,,,,,,,,,,,,,,,,
0.006154931150376797,0.006154931150376797,183,23551,,,,,,,,,,,,,,,,,,,,,
0.006054027006030083,0.006054027006030083,184,23679,,,,,,,,,,,,,,,,,,,,,
0.006111770402640104,0.006111770402640104,185,23807,,,,,,,,,,,,,,,,,,,,,
0.006651058327406645,0.006651058327406645,186,23935,,,,,,,,,,,,,,,,,,,,,
0.00558007787913084,0.00558007787913084,187,24063,,,,,,,,,,,,,,,,,,,,,
0.0062167407013475895,0.0062167407013475895,188,24191,,,,,,,,,,,,,,,,,,,,,
0.005941200070083141,0.005941200070083141,189,24319,,,,,,,,,,,,,,,,,,,,,
0.006061922758817673,0.006061922758817673,190,24447,,,,,,,,,,,,,,,,,,,,,
0.005634354427456856,0.005634354427456856,191,24575,,,,,,,,,,,,,,,,,,,,,
0.006147751118987799,0.006147751118987799,192,24703,,,,,,,,,,,,,,,,,,,,,
0.006714804098010063,0.006714804098010063,193,24831,,,,,,,,,,,,,,,,,,,,,
0.0063759032636880875,0.0063759032636880875,194,24959,,,,,,,,,,,,,,,,,,,,,
0.0060016438364982605,0.0060016438364982605,195,25087,,,,,,,,,,,,,,,,,,,,,
0.006122629623860121,0.006122629623860121,196,25215,,,,,,,,,,,,,,,,,,,,,
0.006204794626682997,0.006204794626682997,197,25343,,,,,,,,,,,,,,,,,,,,,
0.005850775633007288,0.005850775633007288,198,25471,,,,,,,,,,,,,,,,,,,,,
0.00656103016808629,0.00656103016808629,199,25599,0.019581695681316853,0.021899894071491892,0.032263824022674616,0.015635572781619637,0.01563137471158518,0.0258837494073086,0.014840284123550746,0.0158278253314913,0.023587516709312053,0.014013269865503549,0.015889284397489892,0.021808102441197786,0.013059591357699582,0.016304040930325406,0.021065902629573405,0.01225088712553235,0.015839861384108107,0.020499817656356573,0.011466131388051925,0.016577214531041932,0.022315985420523213
0.005840666126459837,0.005840666126459837,200,25727,,,,,,,,,,,,,,,,,,,,,
0.00523691950365901,0.00523691950365901,201,25855,,,,,,,,,,,,,,,,,,,,,
0.005681559909135103,0.005681559909135103,202,25983,,,,,,,,,,,,,,,,,,,,,
0.007073957938700914,0.007073957938700914,203,26111,,,,,,,,,,,,,,,,,,,,,
0.006305536720901728,0.006305536720901728,204,26239,,,,,,,,,,,,,,,,,,,,,
0.006115609779953957,0.006115609779953957,205,26367,,,,,,,,,,,,,,,,,,,,,
0.006617079023271799,0.006617079023271799,206,26495,,,,,,,,,,,,,,,,,,,,,
0.006402774713933468,0.006402774713933468,207,26623,,,,,,,,,,,,,,,,,,,,,
0.005793626420199871,0.005793626420199871,208,26751,,,,,,,,,,,,,,,,,,,,,
0.006863868795335293,0.006863868795335293,209,26879,,,,,,,,,,,,,,,,,,,,,
0.005964173004031181,0.005964173004031181,210,27007,,,,,,,,,,,,,,,,,,,,,
0.005783917382359505,0.005783917382359505,211,27135,,,,,,,,,,,,,,,,,,,,,
0.006098346319049597,0.006098346319049597,212,27263,,,,,,,,,,,,,,,,,,,,,
0.0059209237806499004,0.0059209237806499004,213,27391,,,,,,,,,,,,,,,,,,,,,
0.0068207900039851665,0.0068207900039851665,214,27519,,,,,,,,,,,,,,,,,,,,,
0.005751653574407101,0.005751653574407101,215,27647,,,,,,,,,,,,,,,,,,,,,
0.006003941409289837,0.006003941409289837,216,27775,,,,,,,,,,,,,,,,,,,,,
0.005766584537923336,0.005766584537923336,217,27903,,,,,,,,,,,,,,,,,,,,,
0.005799697712063789,0.005799697712063789,218,28031,,,,,,,,,,,,,,,,,,,,,
0.006613130681216717,0.006613130681216717,219,28159,,,,,,,,,,,,,,,,,,,,,
0.005869892425835133,0.005869892425835133,220,28287,,,,,,,,,,,,,,,,,,,,,
0.005992716643959284,0.005992716643959284,221,28415,,,,,,,,,,,,,,,,,,,,,
0.005880251061171293,0.005880251061171293,222,28543,,,,,,,,,,,,,,,,,,,,,
0.006036216858774424,0.006036216858774424,223,28671,,,,,,,,,,,,,,,,,,,,,
0.006009438540786505,0.006009438540786505,224,28799,,,,,,,,,,,,,,,,,,,,,
0.006499338895082474,0.006499338895082474,225,28927,,,,,,,,,,,,,,,,,,,,,
0.005989625584334135,0.005989625584334135,226,29055,,,,,,,,,,,,,,,,,,,,,
0.00579298660159111,0.00579298660159111,227,29183,,,,,,,,,,,,,,,,,,,,,
0.005967342294752598,0.005967342294752598,228,29311,,,,,,,,,,,,,,,,,,,,,
0.006140019278973341,0.006140019278973341,229,29439,,,,,,,,,,,,,,,,,,,,,
0.0059318519197404385,0.0059318519197404385,230,29567,,,,,,,,,,,,,,,,,,,,,
0.006039588246494532,0.006039588246494532,231,29695,,,,,,,,,,,,,,,,,,,,,
0.005778770428150892,0.005778770428150892,232,29823,,,,,,,,,,,,,,,,,,,,,
0.006011174526065588,0.006011174526065588,233,29951,,,,,,,,,,,,,,,,,,,,,
0.00605245865881443,0.00605245865881443,234,30079,,,,,,,,,,,,,,,,,,,,,
0.0055740526877343655,0.0055740526877343655,235,30207,,,,,,,,,,,,,,,,,,,,,
0.0064602019265294075,0.0064602019265294075,236,30335,,,,,,,,,,,,,,,,,,,,,
0.0054079750552773476,0.0054079750552773476,237,30463,,,,,,,,,,,,,,,,,,,,,
0.0057823932729661465,0.0057823932729661465,238,30591,,,,,,,,,,,,,,,,,,,,,
0.006485729478299618,0.006485729478299618,239,30719,,,,,,,,,,,,,,,,,,,,,
0.005796084646135569,0.005796084646135569,240,30847,,,,,,,,,,,,,,,,,,,,,
0.006087124347686768,0.006087124347686768,241,30975,,,,,,,,,,,,,,,,,,,,,
0.005801757797598839,0.005801757797598839,242,31103,,,,,,,,,,,,,,,,,,,,,
0.0059654489159584045,0.0059654489159584045,243,31231,,,,,,,,,,,,,,,,,,,,,
0.006078577134758234,0.006078577134758234,244,31359,,,,,,,,,,,,,,,,,,,,,
0.005854069720953703,0.005854069720953703,245,31487,,,,,,,,,,,,,,,,,,,,,
0.006029469892382622,0.006029469892382622,246,31615,,,,,,,,,,,,,,,,,,,,,
0.006849293131381273,0.006849293131381273,247,31743,,,,,,,,,,,,,,,,,,,,,
0.006052643060684204,0.006052643060684204,248,31871,,,,,,,,,,,,,,,,,,,,,
0.005573547910898924,0.005573547910898924,249,31999,0.024150133227183256,0.027845141879467017,0.0378976221971212,0.018852007839218483,0.019309450863759726,0.029749330873330402,0.017712163516954774,0.01850336260144077,0.026996248916244876,0.01668940539275719,0.018436774317617404,0.024773238831151415,0.015612456070837036,0.018191915997580018,0.02422525328022208,0.01490307247607936,0.018428838771592806,0.02456773449758924,0.013364157964499444,0.017543019998729797,0.023995412382119934
0.005873437970876694,0.005873437970876694,250,32127,,,,,,,,,,,,,,,,,,,,,
0.005459006410092115,0.005459006410092115,251,32255,,,,,,,,,,,,,,,,,,,,,
0.005567761138081551,0.005567761138081551,252,32383,,,,,,,,,,,,,,,,,,,,,
0.006093773525208235,0.006093773525208235,253,32511,,,,,,,,,,,,,,,,,,,,,
0.005558365490287542,0.005558365490287542,254,32639,,,,,,,,,,,,,,,,,,,,,
0.006134473253041506,0.006134473253041506,255,32767,,,,,,,,,,,,,,,,,,,,,
0.005650894716382027,0.005650894716382027,256,32895,,,,,,,,,,,,,,,,,,,,,
0.005698997527360916,0.005698997527360916,257,33023,,,,,,,,,,,,,,,,,,,,,
0.005731354001909494,0.005731354001909494,258,33151,,,,,,,,,,,,,,,,,,,,,
0.00653273519128561,0.00653273519128561,259,33279,,,,,,,,,,,,,,,,,,,,,
0.005647279322147369,0.005647279322147369,260,33407,,,,,,,,,,,,,,,,,,,,,
0.005554373376071453,0.005554373376071453,261,33535,,,,,,,,,,,,,,,,,,,,,
0.007000815123319626,0.007000815123319626,262,33663,,,,,,,,,,,,,,,,,,,,,
0.005474562291055918,0.005474562291055918,263,33791,,,,,,,,,,,,,,,,,,,,,
0.005669211503118277,0.005669211503118277,264,33919,,,,,,,,,,,,,,,,,,,,,
0.005828212946653366,0.005828212946653366,265,34047,,,,,,,,,,,,,,,,,,,,,
0.005496277008205652,0.005496277008205652,266,34175,,,,,,,,,,,,,,,,,,,,,
0.006660332437604666,0.006660332437604666,267,34303,,,,,,,,,,,,,,,,,,,,,
0.005640875548124313,0.005640875548124313,268,34431,,,,,,,,,,,,,,,,,,,,,
0.005644049029797316,0.005644049029797316,269,34559,,,,,,,,,,,,,,,,,,,,,
0.005882894154638052,0.005882894154638052,270,34687,,,,,,,,,,,,,,,,,,,,,
0.005459635518491268,0.005459635518491268,271,34815,,,,,,,,,,,,,,,,,,,,,
0.006379338447004557,0.006379338447004557,272,34943,,,,,,,,,,,,,,,,,,,,,
0.0060541871935129166,0.0060541871935129166,273,35071,,,,,,,,,,,,,,,,,,,,,
0.005212572403252125,0.005212572403252125,274,35199,,,,,,,,,,,,,,,,,,,,,
0.005393835715949535,0.005393835715949535,275,35327,,,,,,,,,,,,,,,,,,,,,
0.005433674436062574,0.005433674436062574,276,35455,,,,,,,,,,,,,,,,,,,,,
0.005538675934076309,0.005538675934076309,277,35583,,,,,,,,,,,,,,,,,,,,,
0.005998104345053434,0.005998104345053434,278,35711,,,,,,,,,,,,,,,,,,,,,
0.005744616966694593,0.005744616966694593,279,35839,,,,,,,,,,,,,,,,,,,,,
0.004960240796208382,0.004960240796208382,280,35967,,,,,,,,,,,,,,,,,,,,,
0.0053816745057702065,0.0053816745057702065,281,36095,,,,,,,,,,,,,,,,,,,,,
0.005343229044228792,0.005343229044228792,282,36223,,,,,,,,,,,,,,,,,,,,,
0.005253884010016918,0.005253884010016918,283,36351,,,,,,,,,,,,,,,,,,,,,
0.005910729058086872,0.005910729058086872,284,36479,,,,,,,,,,,,,,,,,,,,,
0.006122083403170109,0.006122083403170109,285,36607,,,,,,,,,,,,,,,,,,,,,
0.0059415497817099094,0.0059415497817099094,286,36735,,,,,,,,,,,,,,,,,,,,,
0.005286244209855795,0.005286244209855795,287,36863,,,,,,,,,,,,,,,,,,,,,
0.005375462584197521,0.005375462584197521,288,36991,,,,,,,,,,,,,,,,,,,,,
0.005690154153853655,0.005690154153853655,289,37119,,,,,,,,,,,,,,,,,,,,,
0.005228167399764061,0.005228167399764061,290,37247,,,,,,,,,,,,,,,,,,,,,
0.005723182111978531,0.005723182111978531,291,37375,,,,,,,,,,,,,,,,,,,,,
0.006027284078299999,0.006027284078299999,292,37503,,,,,,,,,,,,,,,,,,,,,
0.005727561190724373,0.005727561190724373,293,37631,,,,,,,,,,,,,,,,,,,,,
0.005827640648931265,0.005827640648931265,294,37759,,,,,,,,,,,,,,,,,,,,,
0.0058791907504200935,0.0058791907504200935,295,37887,,,,,,,,,,,,,,,,,,,,,
0.005519533064216375,0.005519533064216375,296,38015,,,,,,,,,,,,,,,,,,,,,
0.005271362140774727,0.005271362140774727,297,38143,,,,,,,,,,,,,,,,,,,,,
0.005424411501735449,0.005424411501735449,298,38271,,,,,,,,,,,,,,,,,,,,,
0.0052093383856117725,0.0052093383856117725,299,38399,0.039948249977317905,0.05082650995668597,0.051587940116512,0.033688181117199734,0.03421750302151664,0.04635746943989336,0.029163098900865388,0.02927939568784322,0.0406714881257047,0.026652525964078383,0.02788336800819443,0.03740392260041208,0.025149023337944828,0.027289109687486653,0.035859128773129446,0.024166574100623797,0.026525920893820477,0.035135001363317854,0.02114884433092945,0.024455116658524623,0.034200493434587365
0.005300513003021479,0.005300513003021479,300,38527,,,,,,,,,,,,,,,,,,,,,
0.005667046643793583,0.005667046643793583,301,38655,,,,,,,,,,,,,,,,,,,,,
0.005783993285149336,0.005783993285149336,302,38783,,,,,,,,,,,,,,,,,,,,,
0.005759670864790678,0.005759670864790678,303,38911,,,,,,,,,,,,,,,,,,,,,
0.005677221342921257,0.005677221342921257,304,39039,,,,,,,,,,,,,,,,,,,,,
0.005214846692979336,0.005214846692979336,305,39167,,,,,,,,,,,,,,,,,,,,,
0.005163812544196844,0.005163812544196844,306,39295,,,,,,,,,,,,,,,,,,,,,
0.005526047199964523,0.005526047199964523,307,39423,,,,,,,,,,,,,,,,,,,,,
0.005509709939360619,0.005509709939360619,308,39551,,,,,,,,,,,,,,,,,,,,,
0.005742228124290705,0.005742228124290705,309,39679,,,,,,,,,,,,,,,,,,,,,
0.006879656575620174,0.006879656575620174,310,39807,,,,,,,,,,,,,,,,,,,,,
0.005554365459829569,0.005554365459829569,311,39935,,,,,,,,,,,,,,,,,,,,,
0.005428509321063757,0.005428509321063757,312,40063,,,,,,,,,,,,,,,,,,,,,
0.005150775890797377,0.005150775890797377,313,40191,,,,,,,,,,,,,,,,,,,,,
0.005211253650486469,0.005211253650486469,314,40319,,,,,,,,,,,,,,,,,,,,,
0.006039160303771496,0.006039160303771496,315,40447,,,,,,,,,,,,,,,,,,,,,
0.005813803058117628,0.005813803058117628,316,40575,,,,,,,,,,,,,,,,,,,,,
0.005669985432177782,0.005669985432177782,317,40703,,,,,,,,,,,,,,,,,,,,,
0.005800184793770313,0.005800184793770313,318,40831,,,,,,,,,,,,,,,,,,,,,
0.005294075235724449,0.005294075235724449,319,40959,,,,,,,,,,,,,,,,,,,,,
0.0055433111265301704,0.0055433111265301704,320,41087,,,,,,,,,,,,,,,,,,,,,
0.007322114892303944,0.007322114892303944,321,41215,,,,,,,,,,,,,,,,,,,,,
0.005365735851228237,0.005365735851228237,322,41343,,,,,,,,,,,,,,,,,,,,,
0.0052875615656375885,0.0052875615656375885,323,41471,,,,,,,,,,,,,,,,,,,,,
0.0049971165135502815,0.0049971165135502815,324,41599,,,,,,,,,,,,,,,,,,,,,
0.005269159097224474,0.005269159097224474,325,41727,,,,,,,,,,,,,,,,,,,,,
0.005163322668522596,0.005163322668522596,326,41855,,,,,,,,,,,,,,,,,,,,,
0.005493429489433765,0.005493429489433765,327,41983,,,,,,,,,,,,,,,,,,,,,
0.005816251039505005,0.005816251039505005,328,42111,,,,,,,,,,,,,,,,,,,,,
0.005338254384696484,0.005338254384696484,329,42239,,,,,,,,,,,,,,,,,,,,,
0.005521055776625872,0.005521055776625872,330,42367,,,,,,,,,,,,,,,,,,,,,
0.006008359603583813,0.006008359603583813,331,42495,,,,,,,,,,,,,,,,,,,,,
0.005860022269189358,0.005860022269189358,332,42623,,,,,,,,,,,,,,,,,,,,,
0.004832301754504442,0.004832301754504442,333,42751,,,,,,,,,,,,,,,,,,,,,
0.005002013873308897,0.005002013873308897,334,42879,,,,,,,,,,,,,,,,,,,,,
0.005640036892145872,0.005640036892145872,335,43007,,,,,,,,,,,,,,,,,,,,,
0.005432111211121082,0.005432111211121082,336,43135,,,,,,,,,,,,,,,,,,,,,
0.005656285211443901,0.005656285211443901,337,43263,,,,,,,,,,,,,,,,,,,,,
0.005626009311527014,0.005626009311527014,338,43391,,,,,,,,,,,,,,,,,,,,,
0.005169097799807787,0.005169097799807787,339,43519,,,,,,,,,,,,,,,,,,,,,
0.005128193646669388,0.005128193646669388,340,43647,,,,,,,,,,,,,,,,,,,,,
0.005961760878562927,0.005961760878562927,341,43775,,,,,,,,,,,,,,,,,,,,,
0.005724824499338865,0.005724824499338865,342,43903,,,,,,,,,,,,,,,,,,,,,
0.005202171858400106,0.005202171858400106,343,44031,,,,,,,,,,,,,,,,,,,,,
0.0049467976205050945,0.0049467976205050945,344,44159,,,,,,,,,,,,,,,,,,,,,
0.005416314583271742,0.005416314583271742,345,44287,,,,,,,,,,,,,,,,,,,,,
0.004948528949171305,0.004948528949171305,346,44415,,,,,,,,,,,,,,,,,,,,,
0.00633273646235466,0.00633273646235466,347,44543,,,,,,,,,,,,,,,,,,,,,
0.005259983707219362,0.005259983707219362,348,44671,,,,,,,,,,,,,,,,,,,,,
0.005405813455581665,0.005405813455581665,349,44799,0.07336320456958809,0.09125277057765685,0.09695104343060607,0.05486392506629779,0.05322327663773818,0.07482831035279165,0.04329474934945884,0.04247842320778143,0.06149159773135364,0.03883486274147498,0.03982738845727147,0.05264512920014398,0.03714506554064111,0.0388886982278391,0.05015027355380972,0.03528352774501685,0.037762696684162995,0.04815132280392462,0.03256886555377948,0.035823683915135324,0.048956151971899314
0.005821944680064917,0.005821944680064917,350,44927,,,,,,,,,,,,,,,,,,,,,
0.005153957288712263,0.005153957288712263,351,45055,,,,,,,,,,,,,,,,,,,,,
0.005253682378679514,0.005253682378679514,352,45183,,,,,,,,,,,,,,,,,,,,,
0.005847640801221132,0.005847640801221132,353,45311,,,,,,,,,,,,,,,,,,,,,
0.005761163774877787,0.005761163774877787,354,45439,,,,,,,,,,,,,,,,,,,,,
0.005524285603314638,0.005524285603314638,355,45567,,,,,,,,,,,,,,,,,,,,,
0.0050287707708776,0.0050287707708776,356,45695,,,,,,,,,,,,,,,,,,,,,
0.005511006806045771,0.005511006806045771,357,45823,,,,,,,,,,,,,,,,,,,,,
0.005634241737425327,0.005634241737425327,358,45951,,,,,,,,,,,,,,,,,,,,,
0.005557836964726448,0.005557836964726448,359,46079,,,,,,,,,,,,,,,,,,,,,
0.006161471828818321,0.006161471828818321,360,46207,,,,,,,,,,,,,,,,,,,,,
0.00552388234063983,0.00552388234063983,361,46335,,,,,,,,,,,,,,,,,,,,,
0.0051397839561104774,0.0051397839561104774,362,46463,,,,,,,,,,,,,,,,,,,,,
0.0056098513305187225,0.0056098513305187225,363,46591,,,,,,,,,,,,,,,,,,,,,
0.005070366431027651,0.005070366431027651,364,46719,,,,,,,,,,,,,,,,,,,,,
0.005063958931714296,0.005063958931714296,365,46847,,,,,,,,,,,,,,,,,,,,,
0.00519744586199522,0.00519744586199522,366,46975,,,,,,,,,,,,,,,,,,,,,
0.0056001110933721066,0.0056001110933721066,367,47103,,,,,,,,,,,,,,,,,,,,,
0.005614820867776871,0.005614820867776871,368,47231,,,,,,,,,,,,,,,,,,,,,
0.005203895270824432,0.005203895270824432,369,47359,,,,,,,,,,,,,,,,,,,,,
0.005655224900692701,0.005655224900692701,370,47487,,,,,,,,,,,,,,,,,,,,,
0.00529403006657958,0.00529403006657958,371,47615,,,,,,,,,,,,,,,,,,,,,
0.004728438798338175,0.004728438798338175,372,47743,,,,,,,,,,,,,,,,,,,,,
0.005553483963012695,0.005553483963012695,373,47871,,,,,,,,,,,,,,,,,,,,,
0.005624107085168362,0.005624107085168362,374,47999,,,,,,,,,,,,,,,,,,,,,
0.0054030464962124825,0.0054030464962124825,375,48127,,,,,,,,,,,,,,,,,,,,,
0.005334342364221811,0.005334342364221811,376,48255,,,,,,,,,,,,,,,,,,,,,
0.004817038308829069,0.004817038308829069,377,48383,,,,,,,,,,,,,,,,,,,,,
0.005406389012932777,0.005406389012932777,378,48511,,,,,,,,,,,,,,,,,,,,,
0.005341093987226486,0.005341093987226486,379,48639,,,,,,,,,,,,,,,,,,,,,
0.005728432442992926,0.005728432442992926,380,48767,,,,,,,,,,,,,,,,,,,,,
0.0056815966963768005,0.0056815966963768005,381,48895,,,,,,,,,,,,,,,,,,,,,
0.004935855511575937,0.004935855511575937,382,49023,,,,,,,,,,,,,,,,,,,,,
0.005652082152664661,0.005652082152664661,383,49151,,,,,,,,,,,,,,,,,,,,,
0.0051906537264585495,0.0051906537264585495,384,49279,,,,,,,,,,,,,,,,,,,,,
0.005313877481967211,0.005313877481967211,385,49407,,,,,,,,,,,,,,,,,,,,,
0.0055415574461221695,0.0055415574461221695,386,49535,,,,,,,,,,,,,,,,,,,,,
0.005269994959235191,0.005269994959235191,387,49663,,,,,,,,,,,,,,,,,,,,,
0.005545591935515404,0.005545591935515404,388,49791,,,,,,,,,,,,,,,,,,,,,
0.005237056408077478,0.005237056408077478,389,49919,,,,,,,,,,,,,,,,,,,,,
0.005066049750894308,0.005066049750894308,390,50047,,,,,,,,,,,,,,,,,,,,,
0.005463833454996347,0.005463833454996347,391,50175,,,,,,,,,,,,,,,,,,,,,
0.005174226127564907,0.005174226127564907,392,50303,,,,,,,,,,,,,,,,,,,,,
0.0058175972662866116,0.0058175972662866116,393,50431,,,,,,,,,,,,,,,,,,,,,
0.005100964102894068,0.005100964102894068,394,50559,,,,,,,,,,,,,,,,,,,,,
0.004984826315194368,0.004984826315194368,395,50687,,,,,,,,,,,,,,,,,,,,,
0.005633204244077206,0.005633204244077206,396,50815,,,,,,,,,,,,,,,,,,,,,
0.005483676679432392,0.005483676679432392,397,50943,,,,,,,,,,,,,,,,,,,,,
0.005444616079330444,0.005444616079330444,398,51071,,,,,,,,,,,,,,,,,,,,,
0.006176374386996031,0.006176374386996031,399,51199,0.053028736835065586,0.06968086674062628,0.06558138980779281,0.04553827301542633,0.04668409642664832,0.05911074278464657,0.04018019162017993,0.04020792560718955,0.053441853868471945,0.03752024079214941,0.038453195522612664,0.049436764760832676,0.03639427246997774,0.03774851459934677,0.04823482777416405,0.0351082112111742,0.03689198197276033,0.04713655959463702,0.03212405356900914,0.03432361374170301,0.04705509053344769
0.005405844189226627,0.005405844189226627,400,51327,,,,,,,,,,,,,,,,,,,,,
0.005178659223020077,0.005178659223020077,401,51455,,,,,,,,,,,,,,,,,,,,,
0.004956935532391071,0.004956935532391071,402,51583,,,,,,,,,,,,,,,,,,,,,
0.004871963057667017,0.004871963057667017,403,51711,,,,,,,,,,,,,,,,,,,,,
0.0055983890779316425,0.0055983890779316425,404,51839,,,,,,,,,,,,,,,,,,,,,
0.005110715515911579,0.005110715515911579,405,51967,,,,,,,,,,,,,,,,,,,,,
0.0056024109944701195,0.0056024109944701195,406,52095,,,,,,,,,,,,,,,,,,,,,
0.004809111822396517,0.004809111822396517,407,52223,,,,,,,,,,,,,,,,,,,,,
0.0054296888411045074,0.0054296888411045074,408,52351,,,,,,,,,,,,,,,,,,,,,
0.00526089733466506,0.00526089733466506,409,52479,,,,,,,,,,,,,,,,,,,,,
0.004838854074478149,0.004838854074478149,410,52607,,,,,,,,,,,,,,,,,,,,,
0.004901681561022997,0.004901681561022997,411,52735,,,,,,,,,,,,,,,,,,,,,
0.0055579254403710365,0.0055579254403710365,412,52863,,,,,,,,,,,,,,,,,,,,,
0.005592274479568005,0.005592274479568005,413,52991,,,,,,,,,,,,,,,,,,,,,
0.004878159612417221,0.004878159612417221,414,53119,,,,,,,,,,,,,,,,,,,,,
0.004997698124498129,0.004997698124498129,415,53247,,,,,,,,,,,,,,,,,,,,,
0.005340868607163429,0.005340868607163429,416,53375,,,,,,,,,,,,,,,,,,,,,
0.005080381873995066,0.005080381873995066,417,53503,,,,,,,,,,,,,,,,,,,,,
0.0048433709889650345,0.0048433709889650345,418,53631,,,,,,,,,,,,,,,,,,,,,
0.005367529112845659,0.005367529112845659,419,53759,,,,,,,,,,,,,,,,,,,,,
0.005113564897328615,0.005113564897328615,420,53887,,,,,,,,,,,,,,,,,,,,,
0.0051950751803815365,0.0051950751803815365,421,54015,,,,,,,,,,,,,,,,,,,,,
0.004981341306120157,0.004981341306120157,422,54143,,,,,,,,,,,,,,,,,,,,,
0.005072248168289661,0.005072248168289661,423,54271,,,,,,,,,,,,,,,,,,,,,
0.0048198639415204525,0.0048198639415204525,424,54399,,,,,,,,,,,,,,,,,,,,,
0.004989428445696831,0.004989428445696831,425,54527,,,,,,,,,,,,,,,,,,,,,
0.005474069621413946,0.005474069621413946,426,54655,,,,,,,,,,,,,,,,,,,,,
0.005262281745672226,0.005262281745672226,427,54783,,,,,,,,,,,,,,,,,,,,,
0.005347593687474728,0.005347593687474728,428,54911,,,,,,,,,,,,,,,,,,,,,
0.005185835063457489,0.005185835063457489,429,55039,,,,,,,,,,,,,,,,,,,,,
0.005575596820563078,0.005575596820563078,430,55167,,,,,,,,,,,,,,,,,,,,,
0.005031286273151636,0.005031286273151636,431,55295,,,,,,,,,,,,,,,,,,,,,
0.005305986385792494,0.005305986385792494,432,55423,,,,,,,,,,,,,,,,,,,,,
0.004921821877360344,0.004921821877360344,433,55551,,,,,,,,,,,,,,,,,,,,,
0.005632135085761547,0.005632135085761547,434,55679,,,,,,,,,,,,,,,,,,,,,
0.005022611003369093,0.005022611003369093,435,55807,,,,,,,,,,,,,,,,,,,,,
0.005314263515174389,0.005314263515174389,436,55935,,,,,,,,,,,,,,,,,,,,,
0.005516706500202417,0.005516706500202417,437,56063,,,,,,,,,,,,,,,,,,,,,
0.005267199594527483,0.005267199594527483,438,56191,,,,,,,,,,,,,,,,,,,,,
0.005442141089588404,0.005442141089588404,439,56319,,,,,,,,,,,,,,,,,,,,,
0.00527177844196558,0.00527177844196558,440,56447,,,,,,,,,,,,,,,,,,,,,
0.005216841585934162,0.005216841585934162,441,56575,,,,,,,,,,,,,,,,,,,,,
0.005171093158423901,0.005171093158423901,442,56703,,,,,,,,,,,,,,,,,,,,,
0.004724158439785242,0.004724158439785242,443,56831,,,,,,,,,,,,,,,,,,,,,
0.004918975289911032,0.004918975289911032,444,56959,,,,,,,,,,,,,,,,,,,,,
0.0053439936600625515,0.0053439936600625515,445,57087,,,,,,,,,,,,,,,,,,,,,
0.004957527853548527,0.004957527853548527,446,57215,,,,,,,,,,,,,,,,,,,,,
0.005181496497243643,0.005181496497243643,447,57343,,,,,,,,,,,,,,,,,,,,,
0.004953889176249504,0.004953889176249504,448,57471,,,,,,,,,,,,,,,,,,,,,
0.005324498750269413,0.005324498750269413,449,57599,0.06684003064392234,0.08537318506212631,0.08504990182483413,0.047902792579308934,0.046361148771798984,0.06630177531870997,0.036967982086072076,0.03621915735481508,0.05365169833646406,0.03265071146319476,0.03351680383799917,0.04518640997483109,0.030999827468687895,0.03224929463608912,0.04245391621244332,0.02924487052778549,0.030976034721091516,0.04104844714711972,0.025068227193859077,0.027284965034346447,0.0395607266391918
0.005068668629974127,0.005068668629974127,450,57727,,,,,,,,,,,,,,,,,,,,,
0.005509659647941589,0.005509659647941589,451,57855,,,,,,,,,,,,,,,,,,,,,
0.005880171898752451,0.005880171898752451,452,57983,,,,,,,,,,,,,,,,,,,,,
0.0050163473933935165,0.0050163473933935165,453,58111,,,,,,,,,,,,,,,,,,,,,
0.00550356600433588,0.00550356600433588,454,58239,,,,,,,,,,,,,,,,,,,,,
0.0051038130186498165,0.0051038130186498165,455,58367,,,,,,,,,,,,,,,,,,,,,
0.005013641901314259,0.005013641901314259,456,58495,,,,,,,,,,,,,,,,,,,,,
0.004716690629720688,0.004716690629720688,457,58623,,,,,,,,,,,,,,,,,,,,,
0.0052517992444336414,0.0052517992444336414,458,58751,,,,,,,,,,,,,,,,,,,,,
0.004939081612974405,0.004939081612974405,459,58879,,,,,,,,,,,,,,,,,,,,,
0.005207251291722059,0.005207251291722059,460,59007,,,,,,,,,,,,,,,,,,,,,
0.0048166546039283276,0.0048166546039283276,461,59135,,,,,,,,,,,,,,,,,,,,,
0.005247578490525484,0.005247578490525484,462,59263,,,,,,,,,,,,,,,,,,,,,
0.005132542923092842,0.005132542923092842,463,59391,,,,,,,,,,,,,,,,,,,,,
0.0050304667092859745,0.0050304667092859745,464,59519,,,,,,,,,,,,,,,,,,,,,
0.005219671409577131,0.005219671409577131,465,59647,,,,,,,,,,,,,,,,,,,,,
0.005006671417504549,0.005006671417504549,466,59775,,,,,,,,,,,,,,,,,,,,,
0.0053120944648981094,0.0053120944648981094,467,59903,,,,,,,,,,,,,,,,,,,,,
0.005131689365953207,0.005131689365953207,468,60031,,,,,,,,,,,,,,,,,,,,,
0.005042036063969135,0.005042036063969135,469,60159,,,,,,,,,,,,,,,,,,,,,
0.005518122110515833,0.005518122110515833,470,60287,,,,,,,,,,,,,,,,,,,,,
0.004781376104801893,0.004781376104801893,471,60415,,,,,,,,,,,,,,,,,,,,,
0.004983977414667606,0.004983977414667606,472,60543,,,,,,,,,,,,,,,,,,,,,
0.004664232023060322,0.004664232023060322,473,60671,,,,,,,,,,,,,,,,,,,,,
0.004893140401691198,0.004893140401691198,474,60799,,,,,,,,,,,,,,,,,,,,,
0.0051889256574213505,0.0051889256574213505,475,60927,,,,,,,,,,,,,,,,,,,,,
0.004890843294560909,0.004890843294560909,476,61055,,,,,,,,,,,,,,,,,,,,,
0.005195655394345522,0.005195655394345522,477,61183,,,,,,,,,,,,,,,,,,,,,
0.004629325121641159,0.004629325121641159,478,61311,,,,,,,,,,,,,,,,,,,,,
0.0053925723768770695,0.0053925723768770695,479,61439,,,,,,,,,,,,,,,,,,,,,
0.004786545876413584,0.004786545876413584,480,61567,,,,,,,,,,,,,,,,,,,,,
0.005161014851182699,0.005161014851182699,481,61695,,,,,,,,,,,,,,,,,,,,,
0.005312698893249035,0.005312698893249035,482,61823,,,,,,,,,,,,,,,,,,,,,
0.005424260627478361,0.005424260627478361,483,61951,,,,,,,,,,,,,,,,,,,,,
0.004955179523676634,0.004955179523676634,484,62079,,,,,,,,,,,,,,,,,,,,,
0.005684916395694017,0.005684916395694017,485,62207,,,,,,,,,,,,,,,,,,,,,
0.0047032819129526615,0.0047032819129526615,486,62335,,,,,,,,,,,,,,,,,,,,,
0.0052518039010465145,0.0052518039010465145,487,62463,,,,,,,,,,,,,,,,,,,,,
0.00468804594129324,0.00468804594129324,488,62591,,,,,,,,,,,,,,,,,,,,,
0.005418253596872091,0.005418253596872091,489,62719,,,,,,,,,,,,,,,,,,,,,
0.005098252557218075,0.005098252557218075,490,62847,,,,,,,,,,,,,,,,,,,,,
0.004845432937145233,0.004845432937145233,491,62975,,,,,,,,,,,,,,,,,,,,,
0.005291313864290714,0.005291313864290714,492,63103,,,,,,,,,,,,,,,,,,,,,
0.0050444090738892555,0.0050444090738892555,493,63231,,,,,,,,,,,,,,,,,,,,,
0.004807883873581886,0.004807883873581886,494,63359,,,,,,,,,,,,,,,,,,,,,
0.00519142160192132,0.00519142160192132,495,63487,,,,,,,,,,,,,,,,,,,,,
0.005013153422623873,0.005013153422623873,496,63615,,,,,,,,,,,,,,,,,,,,,
0.005335437133908272,0.005335437133908272,497,63743,,,,,,,,,,,,,,,,,,,,,
0.004921762738376856,0.004921762738376856,498,63871,,,,,,,,,,,,,,,,,,,,,
0.005158466286957264,0.005158466286957264,499,63999,0.04071948344469229,0.05183278216097845,0.043152084765514055,0.03077139338263562,0.030740047900017865,0.04140392119139342,0.026713460850335952,0.02697480509558895,0.03781774431593224,0.024480006788380828,0.025131674511312374,0.03453701226002724,0.02362230194761552,0.024683200386012134,0.033587399845932765,0.022035291879346386,0.023461641502192345,0.032594849835454014,0.018654604660188045,0.020885937955423015,0.03048240171921699
0.0050627440214157104,0.0050627440214157104,500,64127,,,,,,,,,,,,,,,,,,,,,
0.00447604525834322,0.00447604525834322,501,64255,,,,,,,,,,,,,,,,,,,,,
0.004814556799829006,0.004814556799829006,502,64383,,,,,,,,,,,,,,,,,,,,,
0.005109973251819611,0.005109973251819611,503,64511,,,,,,,,,,,,,,,,,,,,,
0.005271156318485737,0.005271156318485737,504,64639,,,,,,,,,,,,,,,,,,,,,
0.005155719816684723,0.005155719816684723,505,64767,,,,,,,,,,,,,,,,,,,,,
0.005206148140132427,0.005206148140132427,506,64895,,,,,,,,,,,,,,,,,,,,,
0.0053819469176232815,0.0053819469176232815,507,65023,,,,,,,,,,,,,,,,,,,,,
0.005485583562403917,0.005485583562403917,508,65151,,,,,,,,,,,,,,,,,,,,,
0.0047685205936431885,0.0047685205936431885,509,65279,,,,,,,,,,,,,,,,,,,,,
0.005049760453402996,0.005049760453402996,510,65407,,,,,,,,,,,,,,,,,,,,,
0.004452946595847607,0.004452946595847607,511,65535,,,,,,,,,,,,,,,,,,,,,
0.005363287404179573,0.005363287404179573,512,65663,,,,,,,,,,,,,,,,,,,,,
0.005129537079483271,0.005129537079483271,513,65791,,,,,,,,,,,,,,,,,,,,,
0.004700264893472195,0.004700264893472195,514,65919,,,,,,,,,,,,,,,,,,,,,
0.004723257385194302,0.004723257385194302,515,66047,,,,,,,,,,,,,,,,,,,,,
0.005179439205676317,0.005179439205676317,516,66175,,,,,,,,,,,,,,,,,,,,,
0.004792122635990381,0.004792122635990381,517,66303,,,,,,,,,,,,,,,,,,,,,
0.005041585303843021,0.005041585303843021,518,66431,,,,,,,,,,,,,,,,,,,,,
0.0046496307477355,0.0046496307477355,519,66559,,,,,,,,,,,,,,,,,,,,,
0.004969220142811537,0.004969220142811537,520,66687,,,,,,,,,,,,,,,,,,,,,
0.004595533944666386,0.004595533944666386,521,66815,,,,,,,,,,,,,,,,,,,,,
0.0054865493439137936,0.0054865493439137936,522,66943,,,,,,,,,,,,,,,,,,,,,
0.004893926437944174,0.004893926437944174,523,67071,,,,,,,,,,,,,,,,,,,,,
0.0044217463582754135,0.0044217463582754135,524,67199,,,,,,,,,,,,,,,,,,,,,
0.004879387561231852,0.004879387561231852,525,67327,,,,,,,,,,,,,,,,,,,,,
0.004887357819825411,0.004887357819825411,526,67455,,,,,,,,,,,,,,,,,,,,,
0.004875899758189917,0.004875899758189917,527,67583,,,,,,,,,,,,,,,,,,,,,
0.00479543162509799,0.00479543162509799,528,67711,,,,,,,,,,,,,,,,,,,,,
0.005671307444572449,0.005671307444572449,529,67839,,,,,,,,,,,,,,,,,,,,,
0.004918162245303392,0.004918162245303392,530,67967,,,,,,,,,,,,,,,,,,,,,
0.004788178484886885,0.004788178484886885,531,68095,,,,,,,,,,,,,,,,,,,,,
0.004405655898153782,0.004405655898153782,532,68223,,,,,,,,,,,,,,,,,,,,,
0.005101413931697607,0.005101413931697607,533,68351,,,,,,,,,,,,,,,,,,,,,
0.004883220419287682,0.004883220419287682,534,68479,,,,,,,,,,,,,,,,,,,,,
0.0055961012840271,0.0055961012840271,535,68607,,,,,,,,,,,,,,,,,,,,,
0.004828164353966713,0.004828164353966713,536,68735,,,,,,,,,,,,,,,,,,,,,
0.004849937744438648,0.004849937744438648,537,68863,,,,,,,,,,,,,,,,,,,,,
0.004902479238808155,0.004902479238808155,538,68991,,,,,,,,,,,,,,,,,,,,,
0.005192343145608902,0.005192343145608902,539,69119,,,,,,,,,,,,,,,,,,,,,
0.0048308903351426125,0.0048308903351426125,540,69247,,,,,,,,,,,,,,,,,,,,,
0.004543791990727186,0.004543791990727186,541,69375,,,,,,,,,,,,,,,,,,,,,
0.004645004402846098,0.004645004402846098,542,69503,,,,,,,,,,,,,,,,,,,,,
0.005305108614265919,0.005305108614265919,543,69631,,,,,,,,,,,,,,,,,,,,,
0.005507052410393953,0.005507052410393953,544,69759,,,,,,,,,,,,,,,,,,,,,
0.005259734112769365,0.005259734112769365,545,69887,,,,,,,,,,,,,,,,,,,,,
0.004480456002056599,0.004480456002056599,546,70015,,,,,,,,,,,,,,,,,,,,,
0.004511350300163031,0.004511350300163031,547,70143,,,,,,,,,,,,,,,,,,,,,
0.004675010684877634,0.004675010684877634,548,70271,,,,,,,,,,,,,,,,,,,,,
0.0052263010293245316,0.0052263010293245316,549,70399,0.047857495373207215,0.06254377329476801,0.054547707514447485,0.03341055835692465,0.03324858273748067,0.04555261898603043,0.02703550092646299,0.02695485064082041,0.03899639081056424,0.02493625846587733,0.02566426104960742,0.03520768631990604,0.023462992643987244,0.024455031074179664,0.03390460567032589,0.02239247940922693,0.024058282256058414,0.032910258447249305,0.01831814343493962,0.02099074121035707,0.030749889090048735
0.0048873890191316605,0.0048873890191316605,550,70527,,,,,,,,,,,,,,,,,,,,,
0.004717279225587845,0.004717279225587845,551,70655,,,,,,,,,,,,,,,,,,,,,
0.004916312173008919,0.004916312173008919,552,70783,,,,,,,,,,,,,,,,,,,,,
0.0051928008906543255,0.0051928008906543255,553,70911,,,,,,,,,,,,,,,,,,,,,
0.005716906860470772,0.005716906860470772,554,71039,,,,,,,,,,,,,,,,,,,,,
0.004880055785179138,0.004880055785179138,555,71167,,,,,,,,,,,,,,,,,,,,,
0.004837038926780224,0.004837038926780224,556,71295,,,,,,,,,,,,,,,,,,,,,
0.004837709479033947,0.004837709479033947,557,71423,,,,,,,,,,,,,,,,,,,,,
0.004998903721570969,0.004998903721570969,558,71551,,,,,,,,,,,,,,,,,,,,,
0.005687580443918705,0.005687580443918705,559,71679,,,,,,,,,,,,,,,,,,,,,
0.004779777955263853,0.004779777955263853,560,71807,,,,,,,,,,,,,,,,,,,,,
0.004646032117307186,0.004646032117307186,561,71935,,,,,,,,,,,,,,,,,,,,,
0.00486387312412262,0.00486387312412262,562,72063,,,,,,,,,,,,,,,,,,,,,
0.005108186509460211,0.005108186509460211,563,72191,,,,,,,,,,,,,,,,,,,,,
0.004690180066972971,0.004690180066972971,564,72319,,,,,,,,,,,,,,,,,,,,,
0.004830541554838419,0.004830541554838419,565,72447,,,,,,,,,,,,,,,,,,,,,
0.005378716625273228,0.005378716625273228,566,72575,,,,,,,,,,,,,,,,,,,,,
0.004545201547443867,0.004545201547443867,567,72703,,,,,,,,,,,,,,,,,,,,,
0.004581657238304615,0.004581657238304615,568,72831,,,,,,,,,,,,,,,,,,,,,
0.0050034914165735245,0.0050034914165735245,569,72959,,,,,,,,,,,,,,,,,,,,,
0.004883617628365755,0.004883617628365755,570,73087,,,,,,,,,,,,,,,,,,,,,
0.004695259965956211,0.004695259965956211,571,73215,,,,,,,,,,,,,,,,,,,,,
0.0059266346506774426,0.0059266346506774426,572,73343,,,,,,,,,,,,,,,,,,,,,
0.005441134329885244,0.005441134329885244,573,73471,,,,,,,,,,,,,,,,,,,,,
0.004619392100721598,0.004619392100721598,574,73599,,,,,,,,,,,,,,,,,,,,,
0.004761483054608107,0.004761483054608107,575,73727,,,,,,,,,,,,,,,,,,,,,
0.004501459654420614,0.004501459654420614,576,73855,,,,,,,,,,,,,,,,,,,,,
0.0050978693179786205,0.0050978693179786205,577,73983,,,,,,,,,,,,,,,,,,,,,
0.004930573515594006,0.004930573515594006,578,74111,,,,,,,,,,,,,,,,,,,,,
0.004374056123197079,0.004374056123197079,579,74239,,,,,,,,,,,,,,,,,,,,,
0.004397125914692879,0.004397125914692879,580,74367,,,,,,,,,,,,,,,,,,,,,
0.004931907635182142,0.004931907635182142,581,74495,,,,,,,,,,,,,,,,,,,,,
0.004580030683428049,0.004580030683428049,582,74623,,,,,,,,,,,,,,,,,,,,,
0.0047292932868003845,0.0047292932868003845,583,74751,,,,,,,,,,,,,,,,,,,,,
0.005029838532209396,0.005029838532209396,584,74879,,,,,,,,,,,,,,,,,,,,,
0.004901021718978882,0.004901021718978882,585,75007,,,,,,,,,,,,,,,,,,,,,
0.0048986878246068954,0.0048986878246068954,586,75135,,,,,,,,,,,,,,,,,,,,,
0.004972819238901138,0.004972819238901138,587,75263,,,,,,,,,,,,,,,,,,,,,
0.005164904519915581,0.005164904519915581,588,75391,,,,,,,,,,,,,,,,,,,,,
0.005120954476296902,0.005120954476296902,589,75519,,,,,,,,,,,,,,,,,,,,,
0.00496057141572237,0.00496057141572237,590,75647,,,,,,,,,,,,,,,,,,,,,
0.005039152689278126,0.005039152689278126,591,75775,,,,,,,,,,,,,,,,,,,,,
0.0047370148822665215,0.0047370148822665215,592,75903,,,,,,,,,,,,,,,,,,,,,
0.004671779926866293,0.004671779926866293,593,76031,,,,,,,,,,,,,,,,,,,,,
0.0048589338548481464,0.0048589338548481464,594,76159,,,,,,,,,,,,,,,,,,,,,
0.004694125149399042,0.004694125149399042,595,76287,,,,,,,,,,,,,,,,,,,,,
0.0044418033212423325,0.0044418033212423325,596,76415,,,,,,,,,,,,,,,,,,,,,
0.00482651824131608,0.00482651824131608,597,76543,,,,,,,,,,,,,,,,,,,,,
0.004742632620036602,0.004742632620036602,598,76671,,,,,,,,,,,,,,,,,,,,,
0.004669160582125187,0.004669160582125187,599,76799,0.06741268325903073,0.0873076534108106,0.08260171698023429,0.0473425665332169,0.04866003425166014,0.06495642974695301,0.032646531329863594,0.0311645343513881,0.04918683576377806,0.027700335072352755,0.02826909624467111,0.040214003940829884,0.02642070824856078,0.02754950425875447,0.0375123048130414,0.0244745399238042,0.025789006705547162,0.03524712133540373,0.02033055170169514,0.02296247741720647,0.03268700914418782
0.004379656165838242,0.004379656165838242,600,76927,,,,,,,,,,,,,,,,,,,,,
0.004904733970761299,0.004904733970761299,601,77055,,,,,,,,,,,,,,,,,,,,,
0.005211828742176294,0.005211828742176294,602,77183,,,,,,,,,,,,,,,,,,,,,
0.004637938924133778,0.004637938924133778,603,77311,,,,,,,,,,,,,,,,,,,,,
0.005314820446074009,0.005314820446074009,604,77439,,,,,,,,,,,,,,,,,,,,,
0.004714164417237043,0.004714164417237043,605,77567,,,,,,,,,,,,,,,,,,,,,
0.00459693418815732,0.00459693418815732,606,77695,,,,,,,,,,,,,,,,,,,,,
0.005179334431886673,0.005179334431886673,607,77823,,,,,,,,,,,,,,,,,,,,,
0.005115988664329052,0.005115988664329052,608,77951,,,,,,,,,,,,,,,,,,,,,
0.004617833532392979,0.004617833532392979,609,78079,,,,,,,,,,,,,,,,,,,,,
0.004424446262419224,0.004424446262419224,610,78207,,,,,,,,,,,,,,,,,,,,,
0.005097806453704834,0.005097806453704834,611,78335,,,,,,,,,,,,,,,,,,,,,
0.004888557363301516,0.004888557363301516,612,78463,,,,,,,,,,,,,,,,,,,,,
0.004954316187649965,0.004954316187649965,613,78591,,,,,,,,,,,,,,,,,,,,,
0.004683424718677998,0.004683424718677998,614,78719,,,,,,,,,,,,,,,,,,,,,
0.004762131720781326,0.004762131720781326,615,78847,,,,,,,,,,,,,,,,,,,,,
0.005017640069127083,0.005017640069127083,616,78975,,,,,,,,,,,,,,,,,,,,,
0.005632190033793449,0.005632190033793449,617,79103,,,,,,,,,,,,,,,,,,,,,
0.005169502459466457,0.005169502459466457,618,79231,,,,,,,,,,,,,,,,,,,,,
0.00475268205627799,0.00475268205627799,619,79359,,,,,,,,,,,,,,,,,,,,,
0.004681237041950226,0.004681237041950226,620,79487,,,,,,,,,,,,,,,,,,,,,
0.005033719819039106,0.005033719819039106,621,79615,,,,,,,,,,,,,,,,,,,,,
0.004476483445614576,0.004476483445614576,622,79743,,,,,,,,,,,,,,,,,,,,,
0.004995398689061403,0.004995398689061403,623,79871,,,,,,,,,,,,,,,,,,,,,
0.004455829970538616,0.004455829970538616,624,79999,,,,,,,,,,,,,,,,,,,,,
0.0048971534706652164,0.0048971534706652164,625,80127,,,,,,,,,,,,,,,,,,,,,
0.0048965266905725,0.0048965266905725,626,80255,,,,,,,,,,,,,,,,,,,,,
0.004416430369019508,0.004416430369019508,627,80383,,,,,,,,,,,,,,,,,,,,,
0.005083979107439518,0.005083979107439518,628,80511,,,,,,,,,,,,,,,,,,,,,
0.005126106087118387,0.005126106087118387,629,80639,,,,,,,,,,,,,,,,,,,,,
0.005011939909309149,0.005011939909309149,630,80767,,,,,,,,,,,,,,,,,,,,,
0.004920517560094595,0.004920517560094595,631,80895,,,,,,,,,,,,,,,,,,,,,
0.005117776338011026,0.005117776338011026,632,81023,,,,,,,,,,,,,,,,,,,,,
0.004904004745185375,0.004904004745185375,633,81151,,,,,,,,,,,,,,,,,,,,,
0.00456097861751914,0.00456097861751914,634,81279,,,,,,,,,,,,,,,,,,,,,
0.004922986961901188,0.004922986961901188,635,81407,,,,,,,,,,,,,,,,,,,,,
0.004540573805570602,0.004540573805570602,636,81535,,,,,,,,,,,,,,,,,,,,,
0.004623448476195335,0.004623448476195335,637,81663,,,,,,,,,,,,,,,,,,,,,
0.004784851800650358,0.004784851800650358,638,81791,,,,,,,,,,,,,,,,,,,,,
0.0050424495711922646,0.0050424495711922646,639,81919,,,,,,,,,,,,,,,,,,,,,
0.004978154320269823,0.004978154320269823,640,82047,,,,,,,,,,,,,,,,,,,,,
0.00460384227335453,0.00460384227335453,641,82175,,,,,,,,,,,,,,,,,,,,,
0.0044268593192100525,0.0044268593192100525,642,82303,,,,,,,,,,,,,,,,,,,,,
0.005001324228942394,0.005001324228942394,643,82431,,,,,,,,,,,,,,,,,,,,,
0.004780592396855354,0.004780592396855354,644,82559,,,,,,,,,,,,,,,,,,,,,
0.004317182581871748,0.004317182581871748,645,82687,,,,,,,,,,,,,,,,,,,,,
0.004667629022151232,0.004667629022151232,646,82815,,,,,,,,,,,,,,,,,,,,,
0.005528843961656094,0.005528843961656094,647,82943,,,,,,,,,,,,,,,,,,,,,
0.005022376775741577,0.005022376775741577,648,83071,,,,,,,,,,,,,,,,,,,,,
0.004675555042922497,0.004675555042922497,649,83199,0.03096350431829183,0.03934334120801028,0.03327710680862794,0.02383068239849077,0.024258229446978634,0.031753448985788545,0.021038301814062212,0.021555735572171546,0.02979711997313372,0.01974182280930893,0.020494484837569642,0.027844093564550268,0.018335737092730245,0.019620666040870042,0.02667777237902686,0.01680825292132376,0.0182560009987577,0.025857035051760326,0.013275370487341016,0.015564619502025099,0.02300804218272739
0.004695764742791653,0.004695764742791653,650,83327,,,,,,,,,,,,,,,,,,,,,
0.004638118203729391,0.004638118203729391,651,83455,,,,,,,,,,,,,,,,,,,,,
0.004527044016867876,0.004527044016867876,652,83583,,,,,,,,,,,,,,,,,,,,,
0.0048029120080173016,0.0048029120080173016,653,83711,,,,,,,,,,,,,,,,,,,,,
0.004983496852219105,0.004983496852219105,654,83839,,,,,,,,,,,,,,,,,,,,,
0.004837397951632738,0.004837397951632738,655,83967,,,,,,,,,,,,,,,,,,,,,
0.004729286301881075,0.004729286301881075,656,84095,,,,,,,,,,,,,,,,,,,,,
0.004598652478307486,0.004598652478307486,657,84223,,,,,,,,,,,,,,,,,,,,,
0.00482691777870059,0.00482691777870059,658,84351,,,,,,,,,,,,,,,,,,,,,
0.004666927736252546,0.004666927736252546,659,84479,,,,,,,,,,,,,,,,,,,,,
0.0049375141970813274,0.0049375141970813274,660,84607,,,,,,,,,,,,,,,,,,,,,
0.00505762780085206,0.00505762780085206,661,84735,,,,,,,,,,,,,,,,,,,,,
0.004752828739583492,0.004752828739583492,662,84863,,,,,,,,,,,,,,,,,,,,,
0.004712000489234924,0.004712000489234924,663,84991,,,,,,,,,,,,,,,,,,,,,
0.006414960604161024,0.006414960604161024,664,85119,,,,,,,,,,,,,,,,,,,,,
0.004428011830896139,0.004428011830896139,665,85247,,,,,,,,,,,,,,,,,,,,,
0.004432415124028921,0.004432415124028921,666,85375,,,,,,,,,,,,,,,,,,,,,
0.004570006858557463,0.004570006858557463,667,85503,,,,,,,,,,,,,,,,,,,,,
0.004394934978336096,0.004394934978336096,668,85631,,,,,,,,,,,,,,,,,,,,,
0.00460036238655448,0.00460036238655448,669,85759,,,,,,,,,,,,,,,,,,,,,
0.004386964254081249,0.004386964254081249,670,85887,,,,,,,,,,,,,,,,,,,,,
0.004561873152852058,0.004561873152852058,671,86015,,,,,,,,,,,,,,,,,,,,,
0.005012633744627237,0.005012633744627237,672,86143,,,,,,,,,,,,,,,,,,,,,
0.004966939799487591,0.004966939799487591,673,86271,,,,,,,,,,,,,,,,,,,,,
0.005364533513784409,0.005364533513784409,674,86399,,,,,,,,,,,,,,,,,,,,,
0.004807232413440943,0.004807232413440943,675,86527,,,,,,,,,,,,,,,,,,,,,
0.004824911709874868,0.004824911709874868,676,86655,,,,,,,,,,,,,,,,,,,,,
0.004655711352825165,0.004655711352825165,677,86783,,,,,,,,,,,,,,,,,,,,,
0.004362148232758045,0.004362148232758045,678,86911,,,,,,,,,,,,,,,,,,,,,
0.004935570061206818,0.004935570061206818,679,87039,,,,,,,,,,,,,,,,,,,,,
0.004662375431507826,0.004662375431507826,680,87167,,,,,,,,,,,,,,,,,,,,,
0.004610212054103613,0.004610212054103613,681,87295,,,,,,,,,,,,,,,,,,,,,
0.004435876850038767,0.004435876850038767,682,87423,,,,,,,,,,,,,,,,,,,,,
0.004616275429725647,0.004616275429725647,683,87551,,,,,,,,,,,,,,,,,,,,,
0.0047767143696546555,0.0047767143696546555,684,87679,,,,,,,,,,,,,,,,,,,,,
0.004623947199434042,0.004623947199434042,685,87807,,,,,,,,,,,,,,,,,,,,,
0.004514933098107576,0.004514933098107576,686,87935,,,,,,,,,,,,,,,,,,,,,
0.005119204521179199,0.005119204521179199,687,88063,,,,,,,,,,,,,,,,,,,,,
0.0050731622613966465,0.0050731622613966465,688,88191,,,,,,,,,,,,,,,,,,,,,
0.004481475800275803,0.004481475800275803,689,88319,,,,,,,,,,,,,,,,,,,,,
0.004817727021872997,0.004817727021872997,690,88447,,,,,,,,,,,,,,,,,,,,,
0.004921440035104752,0.004921440035104752,691,88575,,,,,,,,,,,,,,,,,,,,,
0.004607072100043297,0.004607072100043297,692,88703,,,,,,,,,,,,,,,,,,,,,
0.004815785214304924,0.004815785214304924,693,88831,,,,,,,,,,,,,,,,,,,,,
0.004673315212130547,0.004673315212130547,694,88959,,,,,,,,,,,,,,,,,,,,,
0.00485210819169879,0.00485210819169879,695,89087,,,,,,,,,,,,,,,,,,,,,
0.005111922509968281,0.005111922509968281,696,89215,,,,,,,,,,,,,,,,,,,,,
0.0046748267486691475,0.0046748267486691475,697,89343,,,,,,,,,,,,,,,,,,,,,
0.004574234131723642,0.004574234131723642,698,89471,,,,,,,,,,,,,,,,,,,,,
0.004632950760424137,0.004632950760424137,699,89599,0.0640357150497028,0.08429710274706093,0.0765887428594064,0.04534920239708759,0.04625457349662896,0.061258689150692956,0.03197504816667896,0.03104919380283179,0.047395944137596374,0.027789885150456353,0.02849224750022912,0.03977198198110309,0.026016772687896025,0.027270831378461848,0.03688544785180383,0.0242476988670442,0.02608416503026968,0.03522635956507973,0.01964588324616665,0.022531043986087386,0.03234181848483562
0.0047997236251831055,0.0047997236251831055,700,89727,,,,,,,,,,,,,,,,,,,,,
0.004265449941158295,0.004265449941158295,701,89855,,,,,,,,,,,,,,,,,,,,,
0.004561751615256071,0.004561751615256071,702,89983,,,,,,,,,,,,,,,,,,,,,
0.005116703454405069,0.005116703454405069,703,90111,,,,,,,,,,,,,,,,,,,,,
0.0044412738643586636,0.0044412738643586636,704,90239,,,,,,,,,,,,,,,,,,,,,
0.004844461567699909,0.004844461567699909,705,90367,,,,,,,,,,,,,,,,,,,,,
0.0044121635146439075,0.0044121635146439075,706,90495,,,,,,,,,,,,,,,,,,,,,
0.00450867647305131,0.00450867647305131,707,90623,,,,,,,,,,,,,,,,,,,,,
0.005053415894508362,0.005053415894508362,708,90751,,,,,,,,,,,,,,,,,,,,,
0.004794252570718527,0.004794252570718527,709,90879,,,,,,,,,,,,,,,,,,,,,
0.004340258426964283,0.004340258426964283,710,91007,,,,,,,,,,,,,,,,,,,,,
0.004651067312806845,0.004651067312806845,711,91135,,,,,,,,,,,,,,,,,,,,,
0.0044510262086987495,0.0044510262086987495,712,91263,,,,,,,,,,,,,,,,,,,,,
0.00452409777790308,0.00452409777790308,713,91391,,,,,,,,,,,,,,,,,,,,,
0.004443518817424774,0.004443518817424774,714,91519,,,,,,,,,,,,,,,,,,,,,
0.0050595225766301155,0.0050595225766301155,715,91647,,,,,,,,,,,,,,,,,,,,,
0.004844552371650934,0.004844552371650934,716,91775,,,,,,,,,,,,,,,,,,,,,
0.004622473847121,0.004622473847121,717,91903,,,,,,,,,,,,,,,,,,,,,
0.004458975046873093,0.004458975046873093,718,92031,,,,,,,,,,,,,,,,,,,,,
0.00472791725769639,0.00472791725769639,719,92159,,,,,,,,,,,,,,,,,,,,,
0.00451930845156312,0.00451930845156312,720,92287,,,,,,,,,,,,,,,,,,,,,
0.004921791143715382,0.004921791143715382,721,92415,,,,,,,,,,,,,,,,,,,,,
0.0047397795133292675,0.0047397795133292675,722,92543,,,,,,,,,,,,,,,,,,,,,
0.0044175684452056885,0.0044175684452056885,723,92671,,,,,,,,,,,,,,,,,,,,,
0.004892136435955763,0.004892136435955763,724,92799,,,,,,,,,,,,,,,,,,,,,
0.004875079728662968,0.004875079728662968,725,92927,,,,,,,,,,,,,,,,,,,,,
0.0045267255045473576,0.0045267255045473576,726,93055,,,,,,,,,,,,,,,,,,,,,
0.004525039345026016,0.004525039345026016,727,93183,,,,,,,,,,,,,,,,,,,,,
0.004308674018830061,0.004308674018830061,728,93311,,,,,,,,,,,,,,,,,,,,,
0.0045943353325128555,0.0045943353325128555,729,93439,,,,,,,,,,,,,,,,,,,,,
0.004772305488586426,0.004772305488586426,730,93567,,,,,,,,,,,,,,,,,,,,,
0.004260670859366655,0.004260670859366655,731,93695,,,,,,,,,,,,,,,,,,,,,
0.004867893643677235,0.004867893643677235,732,93823,,,,,,,,,,,,,,,,,,,,,
0.004918321501463652,0.004918321501463652,733,93951,,,,,,,,,,,,,,,,,,,,,
0.005367162171751261,0.005367162171751261,734,94079,,,,,,,,,,,,,,,,,,,,,
0.004536292981356382,0.004536292981356382,735,94207,,,,,,,,,,,,,,,,,,,,,
0.004561262670904398,0.004561262670904398,736,94335,,,,,,,,,,,,,,,,,,,,,
0.004527244251221418,0.004527244251221418,737,94463,,,,,,,,,,,,,,,,,,,,,
0.004275450948625803,0.004275450948625803,738,94591,,,,,,,,,,,,,,,,,,,,,
0.003899719100445509,0.003899719100445509,739,94719,,,,,,,,,,,,,,,,,,,,,
0.004606254398822784,0.004606254398822784,740,94847,,,,,,,,,,,,,,,,,,,,,
0.004715596791356802,0.004715596791356802,741,94975,,,,,,,,,,,,,,,,,,,,,
0.004592939279973507,0.004592939279973507,742,95103,,,,,,,,,,,,,,,,,,,,,
0.004603210836648941,0.004603210836648941,743,95231,,,,,,,,,,,,,,,,,,,,,
0.004428130574524403,0.004428130574524403,744,95359,,,,,,,,,,,,,,,,,,,,,
0.004436359275132418,0.004436359275132418,745,95487,,,,,,,,,,,,,,,,,,,,,
0.004610763862729073,0.004610763862729073,746,95615,,,,,,,,,,,,,,,,,,,,,
0.004475151654332876,0.004475151654332876,747,95743,,,,,,,,,,,,,,,,,,,,,
0.0048040966503322124,0.0048040966503322124,748,95871,,,,,,,,,,,,,,,,,,,,,
0.0044785309582948685,0.0044785309582948685,749,95999,0.059630515392259054,0.0773120903032253,0.07030285972897818,0.044145549821812125,0.04484041497417762,0.05869184014578517,0.032855463415529564,0.032367124798075506,0.04722794304248497,0.028684673092094565,0.02954054943109577,0.04040111717938856,0.02692305721365259,0.02833868692629796,0.03828303247388828,0.024486253778750453,0.026213323905980194,0.035318136205643356,0.020319691138585012,0.023342745250120957,0.032695569017706684
0.0047035813331604,0.0047035813331604,750,96127,,,,,,,,,,,,,,,,,,,,,
0.004909868817776442,0.004909868817776442,751,96255,,,,,,,,,,,,,,,,,,,,,
0.004469967447221279,0.004469967447221279,752,96383,,,,,,,,,,,,,,,,,,,,,
0.0045008426532149315,0.0045008426532149315,753,96511,,,,,,,,,,,,,,,,,,,,,
0.004678727593272924,0.004678727593272924,754,96639,,,,,,,,,,,,,,,,,,,,,
0.004803935065865517,0.004803935065865517,755,96767,,,,,,,,,,,,,,,,,,,,,
0.00429178262129426,0.00429178262129426,756,96895,,,,,,,,,,,,,,,,,,,,,
0.0045927586033940315,0.0045927586033940315,757,97023,,,,,,,,,,,,,,,,,,,,,
0.005095034837722778,0.005095034837722778,758,97151,,,,,,,,,,,,,,,,,,,,,
0.004637900739908218,0.004637900739908218,759,97279,,,,,,,,,,,,,,,,,,,,,
0.00445946492254734,0.00445946492254734,760,97407,,,,,,,,,,,,,,,,,,,,,
0.004897446371614933,0.004897446371614933,761,97535,,,,,,,,,,,,,,,,,,,,,
0.004316077101975679,0.004316077101975679,762,97663,,,,,,,,,,,,,,,,,,,,,
0.004192023072391748,0.004192023072391748,763,97791,,,,,,,,,,,,,,,,,,,,,
0.004391896538436413,0.004391896538436413,764,97919,,,,,,,,,,,,,,,,,,,,,
0.004943282343447208,0.004943282343447208,765,98047,,,,,,,,,,,,,,,,,,,,,
0.004545616917312145,0.004545616917312145,766,98175,,,,,,,,,,,,,,,,,,,,,
0.0045946803875267506,0.0045946803875267506,767,98303,,,,,,,,,,,,,,,,,,,,,
0.00443915743380785,0.00443915743380785,768,98431,,,,,,,,,,,,,,,,,,,,,
0.004994120914489031,0.004994120914489031,769,98559,,,,,,,,,,,,,,,,,,,,,
0.00470423698425293,0.00470423698425293,770,98687,,,,,,,,,,,,,,,,,,,,,
0.0044312262907624245,0.0044312262907624245,771,98815,,,,,,,,,,,,,,,,,,,,,
0.00449620233848691,0.00449620233848691,772,98943,,,,,,,,,,,,,,,,,,,,,
0.004700822755694389,0.004700822755694389,773,99071,,,,,,,,,,,,,,,,,,,,,
0.004480007104575634,0.004480007104575634,774,99199,,,,,,,,,,,,,,,,,,,,,
0.005085595417767763,0.005085595417767763,775,99327,,,,,,,,,,,,,,,,,,,,,
0.0042874072678387165,0.0042874072678387165,776,99455,,,,,,,,,,,,,,,,,,,,,
0.004939716309309006,0.004939716309309006,777,99583,,,,,,,,,,,,,,,,,,,,,
0.004688986577093601,0.004688986577093601,778,99711,,,,,,,,,,,,,,,,,,,,,
0.004350350238382816,0.004350350238382816,779,99839,,,,,,,,,,,,,,,,,,,,,
0.004879696294665337,0.004879696294665337,780,99967,,,,,,,,,,,,,,,,,,,,,
0.004399868194013834,0.004399868194013834,781,100095,,,,,,,,,,,,,,,,,,,,,
0.004198865033686161,0.004198865033686161,782,100223,,,,,,,,,,,,,,,,,,,,,
0.004652750678360462,0.004652750678360462,783,100351,,,,,,,,,,,,,,,,,,,,,
0.004575490951538086,0.004575490951538086,784,100479,,,,,,,,,,,,,,,,,,,,,
0.004826561082154512,0.004826561082154512,785,100607,,,,,,,,,,,,,,,,,,,,,
0.0051046512089669704,0.0051046512089669704,786,100735,,,,,,,,,,,,,,,,,,,,,
0.004682226572185755,0.004682226572185755,787,100863,,,,,,,,,,,,,,,,,,,,,
0.004666557535529137,0.004666557535529137,788,100991,,,,,,,,,,,,,,,,,,,,,
0.004447555169463158,0.004447555169463158,789,101119,,,,,,,,,,,,,,,,,,,,,
0.004740066360682249,0.004740066360682249,790,101247,,,,,,,,,,,,,,,,,,,,,
0.004373195581138134,0.004373195581138134,791,101375,,,,,,,,,,,,,,,,,,,,,
0.004317328333854675,0.004317328333854675,792,101503,,,,,,,,,,,,,,,,,,,,,
0.004680210724473,0.004680210724473,793,101631,,,,,,,,,,,,,,,,,,,,,
0.004974721930921078,0.004974721930921078,794,101759,,,,,,,,,,,,,,,,,,,,,
0.004241548012942076,0.004241548012942076,795,101887,,,,,,,,,,,,,,,,,,,,,
0.004789096303284168,0.004789096303284168,796,102015,,,,,,,,,,,,,,,,,,,,,
0.004412929993122816,0.004412929993122816,797,102143,,,,,,,,,,,,,,,,,,,,,
0.004293892998248339,0.004293892998248339,798,102271,,,,,,,,,,,,,,,,,,,,,
0.004667712841182947,0.004667712841182947,799,102399,0.07896030510957561,0.1019635943854311,0.09468442704849936,0.05745589415436265,0.05979977250503789,0.0770048218712955,0.03801636892345203,0.035965386494711024,0.05684373767318311,0.032360954101206076,0.033122791654195925,0.046128986516683575,0.02999766549177013,0.03157748801266361,0.04161666943625251,0.028646762791018607,0.030460174070401712,0.03977778838358638,0.02364031839044789,0.02648697814332136,0.03646334910504605
0.004913598299026489,0.004913598299026489,800,102527,,,,,,,,,,,,,,,,,,,,,
0.004681871738284826,0.004681871738284826,801,102655,,,,,,,,,,,,,,,,,,,,,
0.004732638597488403,0.004732638597488403,802,102783,,,,,,,,,,,,,,,,,,,,,
0.004544354975223541,0.004544354975223541,803,102911,,,,,,,,,,,,,,,,,,,,,
0.004298178479075432,0.004298178479075432,804,103039,,,,,,,,,,,,,,,,,,,,,
0.005218188744038343,0.005218188744038343,805,103167,,,,,,,,,,,,,,,,,,,,,
0.003920786548405886,0.003920786548405886,806,103295,,,,,,,,,,,,,,,,,,,,,
0.004474153742194176,0.004474153742194176,807,103423,,,,,,,,,,,,,,,,,,,,,
0.004638270474970341,0.004638270474970341,808,103551,,,,,,,,,,,,,,,,,,,,,
0.004374394193291664,0.004374394193291664,809,103679,,,,,,,,,,,,,,,,,,,,,
0.004454563371837139,0.004454563371837139,810,103807,,,,,,,,,,,,,,,,,,,,,
0.004695623181760311,0.004695623181760311,811,103935,,,,,,,,,,,,,,,,,,,,,
0.004347844514995813,0.004347844514995813,812,104063,,,,,,,,,,,,,,,,,,,,,
0.004358523525297642,0.004358523525297642,813,104191,,,,,,,,,,,,,,,,,,,,,
0.004582249093800783,0.004582249093800783,814,104319,,,,,,,,,,,,,,,,,,,,,
0.004868722055107355,0.004868722055107355,815,104447,,,,,,,,,,,,,,,,,,,,,
0.004770771600306034,0.004770771600306034,816,104575,,,,,,,,,,,,,,,,,,,,,
0.004340616054832935,0.004340616054832935,817,104703,,,,,,,,,,,,,,,,,,,,,
0.005086938850581646,0.005086938850581646,818,104831,,,,,,,,,,,,,,,,,,,,,
0.004595933947712183,0.004595933947712183,819,104959,,,,,,,,,,,,,,,,,,,,,
0.004420774523168802,0.004420774523168802,820,105087,,,,,,,,,,,,,,,,,,,,,
0.004451030399650335,0.004451030399650335,821,105215,,,,,,,,,,,,,,,,,,,,,
0.005268649198114872,0.005268649198114872,822,105343,,,,,,,,,,,,,,,,,,,,,
0.004339017439633608,0.004339017439633608,823,105471,,,,,,,,,,,,,,,,,,,,,
0.0047643971629440784,0.0047643971629440784,824,105599,,,,,,,,,,,,,,,,,,,,,
0.004531014710664749,0.004531014710664749,825,105727,,,,,,,,,,,,,,,,,,,,,
0.0050448267720639706,0.0050448267720639706,826,105855,,,,,,,,,,,,,,,,,,,,,
0.004314154386520386,0.004314154386520386,827,105983,,,,,,,,,,,,,,,,,,,,,
0.0057936375960707664,0.0057936375960707664,828,106111,,,,,,,,,,,,,,,,,,,,,
0.00449519045650959,0.00449519045650959,829,106239,,,,,,,,,,,,,,,,,,,,,
0.004873133264482021,0.004873133264482021,830,106367,,,,,,,,,,,,,,,,,,,,,
0.004872041288763285,0.004872041288763285,831,106495,,,,,,,,,,,,,,,,,,,,,
0.004151494707912207,0.004151494707912207,832,106623,,,,,,,,,,,,,,,,,,,,,
0.004257517866790295,0.004257517866790295,833,106751,,,,,,,,,,,,,,,,,,,,,
0.004466755781322718,0.004466755781322718,834,106879,,,,,,,,,,,,,,,,,,,,,
0.004227717872709036,0.004227717872709036,835,107007,,,,,,,,,,,,,,,,,,,,,
0.00421241344884038,0.00421241344884038,836,107135,,,,,,,,,,,,,,,,,,,,,
0.0043648602440953255,0.0043648602440953255,837,107263,,,,,,,,,,,,,,,,,,,,,
0.004851093515753746,0.004851093515753746,838,107391,,,,,,,,,,,,,,,,,,,,,
0.004372261464595795,0.004372261464595795,839,107519,,,,,,,,,,,,,,,,,,,,,
0.004667932167649269,0.004667932167649269,840,107647,,,,,,,,,,,,,,,,,,,,,
0.004367857240140438,0.004367857240140438,841,107775,,,,,,,,,,,,,,,,,,,,,
0.004461911041289568,0.004461911041289568,842,107903,,,,,,,,,,,,,,,,,,,,,
0.005213047377765179,0.005213047377765179,843,108031,,,,,,,,,,,,,,,,,,,,,
0.005132732912898064,0.005132732912898064,844,108159,,,,,,,,,,,,,,,,,,,,,
0.004233619663864374,0.004233619663864374,845,108287,,,,,,,,,,,,,,,,,,,,,
0.004625321831554174,0.004625321831554174,846,108415,,,,,,,,,,,,,,,,,,,,,
0.004119993187487125,0.004119993187487125,847,108543,,,,,,,,,,,,,,,,,,,,,
0.004667690023779869,0.004667690023779869,848,108671,,,,,,,,,,,,,,,,,,,,,
0.004203153774142265,0.004203153774142265,849,108799,0.07364020240035601,0.09905375193531976,0.0917869053220312,0.059319693916863175,0.061940204120936836,0.07729477940495051,0.041816974925110745,0.04072548228133907,0.059448758540161135,0.03589621054606045,0.03670698829672524,0.04981463862778089,0.03370931516271758,0.03540187216243702,0.04620158383131564,0.03174270908784167,0.03399035963569457,0.04375596223178995,0.026268199111756256,0.0296204221958762,0.04091557358664226
0.004700281657278538,0.004700281657278538,850,108927,,,,,,,,,,,,,,,,,,,,,
0.004281407687813044,0.004281407687813044,851,109055,,,,,,,,,,,,,,,,,,,,,
0.004548509605228901,0.004548509605228901,852,109183,,,,,,,,,,,,,,,,,,,,,
0.004350514151155949,0.004350514151155949,853,109311,,,,,,,,,,,,,,,,,,,,,
0.004222705494612455,0.004222705494612455,854,109439,,,,,,,,,,,,,,,,,,,,,
0.004809413570910692,0.004809413570910692,855,109567,,,,,,,,,,,,,,,,,,,,,
0.004307486582547426,0.004307486582547426,856,109695,,,,,,,,,,,,,,,,,,,,,
0.004672122187912464,0.004672122187912464,857,109823,,,,,,,,,,,,,,,,,,,,,
0.0045862277038395405,0.0045862277038395405,858,109951,,,,,,,,,,,,,,,,,,,,,
0.004349571652710438,0.004349571652710438,859,110079,,,,,,,,,,,,,,,,,,,,,
0.004922115243971348,0.004922115243971348,860,110207,,,,,,,,,,,,,,,,,,,,,
0.0037556723691523075,0.0037556723691523075,861,110335,,,,,,,,,,,,,,,,,,,,,
0.00447692209854722,0.00447692209854722,862,110463,,,,,,,,,,,,,,,,,,,,,
0.004660131875425577,0.004660131875425577,863,110591,,,,,,,,,,,,,,,,,,,,,
0.0046297344379127026,0.0046297344379127026,864,110719,,,,,,,,,,,,,,,,,,,,,
0.004442128352820873,0.004442128352820873,865,110847,,,,,,,,,,,,,,,,,,,,,
0.004376398399472237,0.004376398399472237,866,110975,,,,,,,,,,,,,,,,,,,,,
0.004993210546672344,0.004993210546672344,867,111103,,,,,,,,,,,,,,,,,,,,,
0.0045773424208164215,0.0045773424208164215,868,111231,,,,,,,,,,,,,,,,,,,,,
0.004158232361078262,0.004158232361078262,869,111359,,,,,,,,,,,,,,,,,,,,,
0.00425628712400794,0.00425628712400794,870,111487,,,,,,,,,,,,,,,,,,,,,
0.004471215419471264,0.004471215419471264,871,111615,,,,,,,,,,,,,,,,,,,,,
0.004618839826434851,0.004618839826434851,872,111743,,,,,,,,,,,,,,,,,,,,,
0.004250084515661001,0.004250084515661001,873,111871,,,,,,,,,,,,,,,,,,,,,
0.004234360530972481,0.004234360530972481,874,111999,,,,,,,,,,,,,,,,,,,,,
0.004647384863346815,0.004647384863346815,875,112127,,,,,,,,,,,,,,,,,,,,,
0.005029264837503433,0.005029264837503433,876,112255,,,,,,,,,,,,,,,,,,,,,
0.004626783076673746,0.004626783076673746,877,112383,,,,,,,,,,,,,,,,,,,,,
0.004688568413257599,0.004688568413257599,878,112511,,,,,,,,,,,,,,,,,,,,,
0.004633679054677486,0.004633679054677486,879,112639,,,,,,,,,,,,,,,,,,,,,
0.004741967655718327,0.004741967655718327,880,112767,,,,,,,,,,,,,,,,,,,,,
0.005042629782110453,0.005042629782110453,881,112895,,,,,,,,,,,,,,,,,,,,,
0.004082750529050827,0.004082750529050827,882,113023,,,,,,,,,,,,,,,,,,,,,
0.004520361311733723,0.004520361311733723,883,113151,,,,,,,,,,,,,,,,,,,,,
0.00457183038815856,0.00457183038815856,884,113279,,,,,,,,,,,,,,,,,,,,,
0.004591477569192648,0.004591477569192648,885,113407,,,,,,,,,,,,,,,,,,,,,
0.004529626574367285,0.004529626574367285,886,113535,,,,,,,,,,,,,,,,,,,,,
0.004404544830322266,0.004404544830322266,887,113663,,,,,,,,,,,,,,,,,,,,,
0.004322835709899664,0.004322835709899664,888,113791,,,,,,,,,,,,,,,,,,,,,
0.004819915629923344,0.004819915629923344,889,113919,,,,,,,,,,,,,,,,,,,,,
0.004509559366852045,0.004509559366852045,890,114047,,,,,,,,,,,,,,,,,,,,,
0.004297431092709303,0.004297431092709303,891,114175,,,,,,,,,,,,,,,,,,,,,
0.0052182492800056934,0.0052182492800056934,892,114303,,,,,,,,,,,,,,,,,,,,,
0.004360716789960861,0.004360716789960861,893,114431,,,,,,,,,,,,,,,,,,,,,
0.004344350192695856,0.004344350192695856,894,114559,,,,,,,,,,,,,,,,,,,,,
0.004930340219289064,0.004930340219289064,895,114687,,,,,,,,,,,,,,,,,,,,,
0.0047049191780388355,0.0047049191780388355,896,114815,,,,,,,,,,,,,,,,,,,,,
0.004683647304773331,0.004683647304773331,897,114943,,,,,,,,,,,,,,,,,,,,,
0.004230420105159283,0.004230420105159283,898,115071,,,,,,,,,,,,,,,,,,,,,
0.004308607429265976,0.004308607429265976,899,115199,0.09387138716543113,0.12157129982450339,0.11702653951323769,0.07030358890745493,0.07344098217687602,0.09190526115434956,0.044682072891447454,0.04237591465091,0.0661986256340448,0.03637901788159101,0.037160671421947754,0.051949749413619,0.034162959404252534,0.0358355427841294,0.04753276609182423,0.03230719321777244,0.03432117962720008,0.04436460550126933,0.026922996052489195,0.029863432018567043,0.04182405408267938
0.004362839739769697,0.004362839739769697,900,115327,,,,,,,,,,,,,,,,,,,,,
0.004607513081282377,0.004607513081282377,901,115455,,,,,,,,,,,,,,,,,,,,,
0.004094898700714111,0.004094898700714111,902,115583,,,,,,,,,,,,,,,,,,,,,
0.004484514240175486,0.004484514240175486,903,115711,,,,,,,,,,,,,,,,,,,,,
0.0046684048138558865,0.0046684048138558865,904,115839,,,,,,,,,,,,,,,,,,,,,
0.004531898070126772,0.004531898070126772,905,115967,,,,,,,,,,,,,,,,,,,,,
0.004403646569699049,0.004403646569699049,906,116095,,,,,,,,,,,,,,,,,,,,,
0.004460715688765049,0.004460715688765049,907,116223,,,,,,,,,,,,,,,,,,,,,
0.004572066944092512,0.004572066944092512,908,116351,,,,,,,,,,,,,,,,,,,,,
0.004700291436165571,0.004700291436165571,909,116479,,,,,,,,,,,,,,,,,,,,,
0.00445541413500905,0.00445541413500905,910,116607,,,,,,,,,,,,,,,,,,,,,
0.004858596250414848,0.004858596250414848,911,116735,,,,,,,,,,,,,,,,,,,,,
0.00419102655723691,0.00419102655723691,912,116863,,,,,,,,,,,,,,,,,,,,,
0.00445085484534502,0.00445085484534502,913,116991,,,,,,,,,,,,,,,,,,,,,
0.004453062079846859,0.004453062079846859,914,117119,,,,,,,,,,,,,,,,,,,,,
0.004650338087230921,0.004650338087230921,915,117247,,,,,,,,,,,,,,,,,,,,,
0.0042605348862707615,0.0042605348862707615,916,117375,,,,,,,,,,,,,,,,,,,,,
0.00431952066719532,0.00431952066719532,917,117503,,,,,,,,,,,,,,,,,,,,,
0.004769760649651289,0.004769760649651289,918,117631,,,,,,,,,,,,,,,,,,,,,
0.004417071584612131,0.004417071584612131,919,117759,,,,,,,,,,,,,,,,,,,,,
0.00470517436042428,0.00470517436042428,920,117887,,,,,,,,,,,,,,,,,,,,,
0.004294112324714661,0.004294112324714661,921,118015,,,,,,,,,,,,,,,,,,,,,
0.004316781181842089,0.004316781181842089,922,118143,,,,,,,,,,,,,,,,,,,,,
0.005244287196546793,0.005244287196546793,923,118271,,,,,,,,,,,,,,,,,,,,,
0.004183868411928415,0.004183868411928415,924,118399,,,,,,,,,,,,,,,,,,,,,
0.004722553305327892,0.004722553305327892,925,118527,,,,,,,,,,,,,,,,,,,,,
0.004139692988246679,0.004139692988246679,926,118655,,,,,,,,,,,,,,,,,,,,,
0.004416549112647772,0.004416549112647772,927,118783,,,,,,,,,,,,,,,,,,,,,
0.004670038353651762,0.004670038353651762,928,118911,,,,,,,,,,,,,,,,,,,,,
0.004825903102755547,0.004825903102755547,929,119039,,,,,,,,,,,,,,,,,,,,,
0.004345675464719534,0.004345675464719534,930,119167,,,,,,,,,,,,,,,,,,,,,
0.0047956048510968685,0.0047956048510968685,931,119295,,,,,,,,,,,,,,,,,,,,,
0.004205389879643917,0.004205389879643917,932,119423,,,,,,,,,,,,,,,,,,,,,
0.004574116785079241,0.004574116785079241,933,119551,,,,,,,,,,,,,,,,,,,,,
0.004481608048081398,0.004481608048081398,934,119679,,,,,,,,,,,,,,,,,,,,,
0.00429473677650094,0.00429473677650094,935,119807,,,,,,,,,,,,,,,,,,,,,
0.004188287537544966,0.004188287537544966,936,119935,,,,,,,,,,,,,,,,,,,,,
0.004879188258200884,0.004879188258200884,937,120063,,,,,,,,,,,,,,,,,,,,,
0.004367760382592678,0.004367760382592678,938,120191,,,,,,,,,,,,,,,,,,,,,
0.004443224985152483,0.004443224985152483,939,120319,,,,,,,,,,,,,,,,,,,,,
0.004513351712375879,0.004513351712375879,940,120447,,,,,,,,,,,,,,,,,,,,,
0.004287057090550661,0.004287057090550661,941,120575,,,,,,,,,,,,,,,,,,,,,
0.004526678007096052,0.004526678007096052,942,120703,,,,,,,,,,,,,,,,,,,,,
0.00537123205140233,0.00537123205140233,943,120831,,,,,,,,,,,,,,,,,,,,,
0.0043665096163749695,0.0043665096163749695,944,120959,,,,,,,,,,,,,,,,,,,,,
0.004566950257867575,0.004566950257867575,945,121087,,,,,,,,,,,,,,,,,,,,,
0.004390079993754625,0.004390079993754625,946,121215,,,,,,,,,,,,,,,,,,,,,
0.004464630503207445,0.004464630503207445,947,121343,,,,,,,,,,,,,,,,,,,,,
0.004196342546492815,0.004196342546492815,948,121471,,,,,,,,,,,,,,,,,,,,,
0.004587468225508928,0.004587468225508928,949,121599,0.05928070195397501,0.07994013913735201,0.06849678140529329,0.04699736206087156,0.04901383722855363,0.06112006216956457,0.03477619908943206,0.03452861254419331,0.04902844606516694,0.03076611141900009,0.032012050775308346,0.04265236142346963,0.02895637518927127,0.030861608744622588,0.040292801037122856,0.02698338687343023,0.029220849311836102,0.038602520838442324,0.021612647046398804,0.02481335326461824,0.03545124455870445
0.00415924983099103,0.00415924983099103,950,121727,,,,,,,,,,,,,,,,,,,,,
0.004010294564068317,0.004010294564068317,951,121855,,,,,,,,,,,,,,,,,,,,,
0.004678724333643913,0.004678724333643913,952,121983,,,,,,,,,,,,,,,,,,,,,
0.004403320606797934,0.004403320606797934,953,122111,,,,,,,,,,,,,,,,,,,,,
0.004115929827094078,0.004115929827094078,954,122239,,,,,,,,,,,,,,,,,,,,,
0.004499279428273439,0.004499279428273439,955,122367,,,,,,,,,,,,,,,,,,,,,
0.0041269585490226746,0.0041269585490226746,956,122495,,,,,,,,,,,,,,,,,,,,,
0.0042189727537333965,0.0042189727537333965,957,122623,,,,,,,,,,,,,,,,,,,,,
0.00495723495259881,0.00495723495259881,958,122751,,,,,,,,,,,,,,,,,,,,,
0.004139443393796682,0.004139443393796682,959,122879,,,,,,,,,,,,,,,,,,,,,
0.004174443893134594,0.004174443893134594,960,123007,,,,,,,,,,,,,,,,,,,,,
0.0043268632143735886,0.0043268632143735886,961,123135,,,,,,,,,,,,,,,,,,,,,
0.0045628901571035385,0.0045628901571035385,962,123263,,,,,,,,,,,,,,,,,,,,,
0.004435207694768906,0.004435207694768906,963,123391,,,,,,,,,,,,,,,,,,,,,
0.0043131327256560326,0.0043131327256560326,964,123519,,,,,,,,,,,,,,,,,,,,,
0.0045632957480847836,0.0045632957480847836,965,123647,,,,,,,,,,,,,,,,,,,,,
0.004411763045936823,0.004411763045936823,966,123775,,,,,,,,,,,,,,,,,,,,,
0.0045011634938418865,0.0045011634938418865,967,123903,,,,,,,,,,,,,,,,,,,,,
0.004147660452872515,0.004147660452872515,968,124031,,,,,,,,,,,,,,,,,,,,,
0.0043353429064154625,0.0043353429064154625,969,124159,,,,,,,,,,,,,,,,,,,,,
0.004374243319034576,0.004374243319034576,970,124287,,,,,,,,,,,,,,,,,,,,,
0.004568369127810001,0.004568369127810001,971,124415,,,,,,,,,,,,,,,,,,,,,
0.0047475723549723625,0.0047475723549723625,972,124543,,,,,,,,,,,,,,,,,,,,,
0.00459282984957099,0.00459282984957099,973,124671,,,,,,,,,,,,,,,,,,,,,
0.004316696431487799,0.004316696431487799,974,124799,,,,,,,,,,,,,,,,,,,,,
0.004288575146347284,0.004288575146347284,975,124927,,,,,,,,,,,,,,,,,,,,,
0.004234438296407461,0.004234438296407461,976,125055,,,,,,,,,,,,,,,,,,,,,
0.0043065291829407215,0.0043065291829407215,977,125183,,,,,,,,,,,,,,,,,,,,,
0.004933757707476616,0.004933757707476616,978,125311,,,,,,,,,,,,,,,,,,,,,
0.00411309814080596,0.00411309814080596,979,125439,,,,,,,,,,,,,,,,,,,,,
0.004455037415027618,0.004455037415027618,980,125567,,,,,,,,,,,,,,,,,,,,,
0.004470779560506344,0.004470779560506344,981,125695,,,,,,,,,,,,,,,,,,,,,
0.004644383210688829,0.004644383210688829,982,125823,,,,,,,,,,,,,,,,,,,,,
0.004298126325011253,0.004298126325011253,983,125951,,,,,,,,,,,,,,,,,,,,,
0.0044382475316524506,0.0044382475316524506,984,126079,,,,,,,,,,,,,,,,,,,,,
0.004276259336620569,0.004276259336620569,985,126207,,,,,,,,,,,,,,,,,,,,,
0.004526891745626926,0.004526891745626926,986,126335,,,,,,,,,,,,,,,,,,,,,
0.004375586751848459,0.004375586751848459,987,126463,,,,,,,,,,,,,,,,,,,,,
0.004777218215167522,0.004777218215167522,988,126591,,,,,,,,,,,,,,,,,,,,,
0.004610381554812193,0.004610381554812193,989,126719,,,,,,,,,,,,,,,,,,,,,
0.004710840526968241,0.004710840526968241,990,126847,,,,,,,,,,,,,,,,,,,,,
0.004898883402347565,0.004898883402347565,991,126975,,,,,,,,,,,,,,,,,,,,,
0.0049282824620604515,0.0049282824620604515,992,127103,,,,,,,,,,,,,,,,,,,,,
0.004082126077264547,0.004082126077264547,993,127231,,,,,,,,,,,,,,,,,,,,,
0.004325894173234701,0.004325894173234701,994,127359,,,,,,,,,,,,,,,,,,,,,
0.0047989292070269585,0.0047989292070269585,995,127487,,,,,,,,,,,,,,,,,,,,,
0.0049924119375646114,0.0049924119375646114,996,127615,,,,,,,,,,,,,,,,,,,,,
0.004478825721889734,0.004478825721889734,997,127743,,,,,,,,,,,,,,,,,,,,,
0.004377816803753376,0.004377816803753376,998,127871,,,,,,,,,,,,,,,,,,,,,
0.0044540404342114925,0.0044540404342114925,999,127999,0.09328535840482191,0.12298983087093752,0.1087676632080232,0.07692449256240921,0.08297674724997507,0.09841692124932439,0.04626807710233449,0.04341311779644664,0.07063201877396366,0.03629629596158815,0.03688796364037834,0.0538215098584251,0.03373422126242884,0.035323173494857536,0.048285639142352295,0.03171028453209244,0.033742147507890466,0.044754487773954,0.026701479263303508,0.029793022793482178,0.039559575962606536
